
> ihp@0.1.0 dev:all
> concurrently -n shell,enterprise,platform -c blue,green,magenta "npm run dev" "npm run dev:enterprise" "npm run dev:platform"

[enterprise] 
[enterprise] > ihp@0.1.0 dev:enterprise
[enterprise] > npm run dev --workspace=@ihp/enterprise-admin
[enterprise] 
[platform] 
[platform] > ihp@0.1.0 dev:platform
[platform] > npm run dev --workspace=@ihp/platform-admin
[platform] 
[shell] 
[shell] > ihp@0.1.0 dev
[shell] > npm run dev --workspace=@ihp/shell
[shell] 
[enterprise] 
[enterprise] > @ihp/enterprise-admin@0.1.0 dev
[enterprise] > next dev --port 3001
[enterprise] 
[shell] 
[shell] > @ihp/shell@0.1.0 dev
[shell] > next dev --port 3000
[shell] 
[platform] 
[platform] > @ihp/platform-admin@0.1.0 dev
[platform] > next dev --port 3002
[platform] 
[platform] ▲ Next.js 16.2.9 (Turbopack)
[shell] ▲ Next.js 16.2.9 (Turbopack)
[platform] - Local:         http://localhost:3002
[platform] - Network:       http://10.220.126.43:3002
[platform] - Environments: .env.local
[platform] ✓ Ready in 3.4s
[shell] - Local:         http://localhost:3000
[shell] - Network:       http://10.220.126.43:3000
[shell] - Environments: .env.local
[shell] ✓ Ready in 3.4s
[enterprise] ▲ Next.js 16.2.9 (Turbopack)
[enterprise] - Local:         http://localhost:3001
[enterprise] - Network:       http://10.220.126.43:3001
[enterprise] - Environments: .env.local
[enterprise] ✓ Ready in 3.4s
[shell] [AUTH PROXY DEBUG] AUTH_API_BASE_URL: https://admin.apis.invigor8.app
[shell] [AUTH PROXY DEBUG] /api/v1/auth/:path* -> https://admin.apis.invigor8.app/api/v1/auth/:path*
[shell] [AUTH PROXY DEBUG] /api/v1/tenant/:path* -> https://admin.apis.invigor8.app/api/v1/tenant/:path*
[platform] 
[shell] 
[enterprise] 
[enterprise]  GET /admin/trainings 200 in 1377ms (next.js: 284ms, application-code: 1093ms)
[enterprise]  GET /admin/trainings 200 in 90ms (next.js: 5ms, application-code: 84ms)
[shell]  GET /auth/login?return_to=http%3A%2F%2Flocalhost%3A3001%2Fadmin%2Ftrainings 200 in 2.1s (next.js: 445ms, application-code: 1639ms)
[platform]  GET / 307 in 992ms (next.js: 547ms, application-code: 445ms)
[platform]  GET /dashboard 200 in 1534ms (next.js: 102ms, application-code: 1432ms)
[enterprise]  GET /admin/programs/27f55180-16f0-4dee-a4b6-6673d099c74a 200 in 1968ms (next.js: 1767ms, application-code: 201ms)
[enterprise]  GET /admin/trainings 200 in 58ms (next.js: 9ms, application-code: 48ms)
[shell]  GET /auth/login?return_to=http%3A%2F%2Flocalhost%3A3001%2Fadmin%2Ftrainings 200 in 149ms (next.js: 16ms, application-code: 133ms)
[shell]  GET /auth/validate?return_to=http%3A%2F%2Flocalhost%3A3001%2Fadmin%2Ftrainings&he_auth_ready=1&he_session_code=TwkdRDNU6Fvdd0TuCwQ3iLrMjirjigZiy-wUxN0-Fu8 200 in 227ms (next.js: 106ms, application-code: 120ms)
[shell]  POST /internal/demo-auth/login 200 in 441ms (next.js: 174ms, application-code: 267ms)
[enterprise]  GET /admin/trainings 200 in 113ms (next.js: 10ms, application-code: 103ms)
[shell]  GET /auth/validate?return_to=http%3A%2F%2Flocalhost%3A3001%2Fadmin%2Ftrainings&he_auth_ready=1&he_session_code=TwkdRDNU6Fvdd0TuCwQ3iLrMjirjigZiy-wUxN0-Fu8 200 in 108ms (next.js: 9ms, application-code: 99ms)
[platform]  GET /dashboard 200 in 130ms (next.js: 82ms, application-code: 48ms)
[platform]  GET /dashboard 200 in 121ms (next.js: 92ms, application-code: 28ms)
[platform]  GET /dashboard 200 in 75ms (next.js: 49ms, application-code: 26ms)
[platform]  GET /dashboard 200 in 167ms (next.js: 95ms, application-code: 73ms)
[platform]  GET /dashboard 200 in 107ms (next.js: 73ms, application-code: 34ms)
[enterprise] ✓ Compiled in 376ms
[platform] [browser] ./packages/features/enterprise-trainings/src/TrainingDetailsSections.tsx:5:1
[platform] Export deleteTrainingAssignment doesn't exist in target module
[platform]    3 | import { useState } from "react";
[platform]    4 | import { useMutation, useQuery, useQueryClient } from "@tanstack/react-query";
[platform] >  5 | import {
[platform]      | ^^^^^^^
[platform] >  6 |   addAssessmentQuestions,
[platform]      | ^^^^^^^^^^^^^^^^^^^^^^^^^
[platform] >  7 |   approveTrainingEnrolment,
[platform]      | ^^^^^^^^^^^^^^^^^^^^^^^^^^^
[platform] >  8 |   cancelTrainingEnrolment,
[platform]      | ^^^^^^^^^^^^^^^^^^^^^^^^^^
[platform] >  9 |   completeTrainingLesson,
[platform]      | ^^^^^^^^^^^^^^^^^^^^^^^^^
[platform] > 10 |   createDiscussionReply,
[platform]      | ^^^^^^^^^^^^^^^^^^^^^^^^
[platform] > 11 |   createTrainingAnnouncement,
[platform]      | ^^^^^^^^^^^^^^^^^^^^^^^^^^^^^
[platform] > 12 |   createTrainingAssignment,
[platform]      | ^^^^^^^^^^^^^^^^^^^^^^^^^^^
[platform] > 13 |   createTrainingAssessment,
[platform]      | ^^^^^^^^^^^^^^^^^^^^^^^^^^^
[platform] > 14 |   createTrainingDiscussion,
[platform]      | ^^^^^^^^^^^^^^^^^^^^^^^^^^^
[platform] > 15 |   createTrainingLesson,
[platform]      | ^^^^^^^^^^^^^^^^^^^^^^^
[platform] > 16 |   createTrainingLiveSession,
[platform]      | ^^^^^^^^^^^^^^^^^^^^^^^^^^^^
[platform] > 17 |   createTrainingSection,
[platform]      | ^^^^^^^^^^^^^^^^^^^^^^^^
[platform] > 18 |   deleteTrainingAssessment,
[platform]      | ^^^^^^^^^^^^^^^^^^^^^^^^^^^
[platform] > 19 |   deleteTrainingAssignment,
[platform]      | ^^^^^^^^^^^^^^^^^^^^^^^^^^^
[platform] > 20 |   deleteTrainingLesson,
[platform]      | ^^^^^^^^^^^^^^^^^^^^^^^
[platform] > 21 |   deleteTrainingSection,
[platform]      | ^^^^^^^^^^^^^^^^^^^^^^^^
[platform] > 22 |   exportLiveSessionAttendance,
[platform]      | ^^^^^^^^^^^^^^^^^^^^^^^^^^^^^^
[platform] > 23 |   getLiveSessionAttendance,
[platform]      | ^^^^^^^^^^^^^^^^^^^^^^^^^^^
[platform] > 24 |   getTrainingContent,
[platform]      | ^^^^^^^^^^^^^^^^^^^^^
[platform] > 25 |   getTrainingProgress,
[platform]      | ^^^^^^^^^^^^^^^^^^^^^^
[platform] > 26 |   getTrainingSections,
[platform]      | ^^^^^^^^^^^^^^^^^^^^^^
[platform] > 27 |   listTrainingAnnouncements,
[platform]      | ^^^^^^^^^^^^^^^^^^^^^^^^^^^^
[platform] > 28 |   listTrainingAssignments,
[platform]      | ^^^^^^^^^^^^^^^^^^^^^^^^^^
[platform] > 29 |   listTrainingAssessments,
[platform]      | ^^^^^^^^^^^^^^^^^^^^^^^^^^
[platform] > 30 |   listTrainingDiscussions,
[platform]      | ^^^^^^^^^^^^^^^^^^^^^^^^^^
[platform] > 31 |   enrolInTraining,
[platform]      | ^^^^^^^^^^^^^^^^^^
[platform] > 32 |   listTrainingEnrolments,
[platform]      | ^^^^^^^^^^^^^^^^^^^^^^^^^
[platform] > 33 |   listTrainingLiveSessions,
[platform]      | ^^^^^^^^^^^^^^^^^^^^^^^^^^^
[platform] > 34 |   listTrainingOrders,
[platform]      | ^^^^^^^^^^^^^^^^^^^^^
[platform] > 35 |   markLiveSessionAttendance,
[platform]      | ^^^^^^^^^^^^^^^^^^^^^^^^^^^^
[platform] > 36 |   refundTrainingOrder,
[platform]      | ^^^^^^^^^^^^^^^^^^^^^^
[platform] > 37 |   patchTrainingOrderStatus,
[platform]      | ^^^^^^^^^^^^^^^^^^^^^^^^^^^
[platform] > 38 |   TrainingsApiError,
[platform]      | ^^^^^^^^^^^^^^^^^^^^
[platform] > 39 |   type CreateLiveSessionPayload,
[platform]      | ^^^^^^^^^^^^^^^^^^^^^^^^^^^^^^^^
[platform] > 40 |   type CreateTrainingSectionPayload,
[platform]      | ^^^^^^^^^^^^^^^^^^^^^^^^^^^^^^^^^^^^
[platform] > 41 | } from "./trainings.service";
[platform]      | ^^^^^^^^^^^^^^^^^^^^^^^^^^^^^
[platform]   42 | import { formatTrainingDate, humanizeLabel } from "./detail-formatters";
[platform]   43 |
[platform]   44 | function SectionCard({ title, children, action }: { title: string; children: React.ReactNo...
[platform] 
[platform] The export deleteTrainingAssignment was not found in module [project]/packages/features/enterprise-trainings/src/trainings.service.ts [app-client] (ecmascript).
[platform] Did you mean to import deleteTrainingAssessment?
[platform] All exports of the module are statically known (It doesn't have dynamic exports). So it's known statically that the requested export doesn't exist.
[platform] 
[platform] Import traces:
[platform]   Client Component Browser:
[platform]     ./packages/features/enterprise-trainings/src/TrainingDetailsSections.tsx [Client Component Browser]
[platform]     ./packages/features/enterprise-trainings/src/TrainingDetailsScreen.tsx [Client Component Browser]
[platform]     ./packages/features/enterprise-trainings/src/index.ts [Client Component Browser]
[platform]     ./packages/features/platform-marketplace-static/src/PlatformProgramsScreen.tsx [Client Component Browser]
[platform]     ./packages/features/platform-marketplace-static/src/PlatformProgramsScreen.tsx [Server Component]
[platform]     ./packages/features/platform-marketplace-static/src/index.ts [Server Component]
[platform]     ./apps/platform-admin/src/app/trainings/page.tsx [Server Component]
[platform] 
[platform]   Client Component SSR:
[platform]     ./packages/features/enterprise-trainings/src/TrainingDetailsSections.tsx [Client Component SSR]
[platform]     ./packages/features/enterprise-trainings/src/TrainingDetailsScreen.tsx [Client Component SSR]
[platform]     ./packages/features/enterprise-trainings/src/index.ts [Client Component SSR]
[platform]     ./packages/features/platform-marketplace-static/src/PlatformProgramsScreen.tsx [Client Component SSR]
[platform]     ./packages/features/platform-marketplace-static/src/PlatformProgramsScreen.tsx [Server Component]
[platform]     ./packages/features/platform-marketplace-static/src/index.ts [Server Component]
[platform]     ./apps/platform-admin/src/app/trainings/page.tsx [Server Component] 
[platform] [browser] ./packages/features/enterprise-trainings/src/TrainingDetailsSections.tsx:5:1
[platform] Export deleteTrainingAssignment doesn't exist in target module
[platform]    3 | import { useState } from "react";
[platform]    4 | import { useMutation, useQuery, useQueryClient } from "@tanstack/react-query";
[platform] >  5 | import {
[platform]      | ^^^^^^^
[platform] >  6 |   addAssessmentQuestions,
[platform]      | ^^^^^^^^^^^^^^^^^^^^^^^^^
[platform] >  7 |   approveTrainingEnrolment,
[platform]      | ^^^^^^^^^^^^^^^^^^^^^^^^^^^
[platform] >  8 |   cancelTrainingEnrolment,
[platform]      | ^^^^^^^^^^^^^^^^^^^^^^^^^^
[platform] >  9 |   completeTrainingLesson,
[platform]      | ^^^^^^^^^^^^^^^^^^^^^^^^^
[platform] > 10 |   createDiscussionReply,
[platform]      | ^^^^^^^^^^^^^^^^^^^^^^^^
[platform] > 11 |   createTrainingAnnouncement,
[platform]      | ^^^^^^^^^^^^^^^^^^^^^^^^^^^^^
[platform] > 12 |   createTrainingAssignment,
[platform]      | ^^^^^^^^^^^^^^^^^^^^^^^^^^^
[platform] > 13 |   createTrainingAssessment,
[platform]      | ^^^^^^^^^^^^^^^^^^^^^^^^^^^
[platform] > 14 |   createTrainingDiscussion,
[platform]      | ^^^^^^^^^^^^^^^^^^^^^^^^^^^
[platform] > 15 |   createTrainingLesson,
[platform]      | ^^^^^^^^^^^^^^^^^^^^^^^
[platform] > 16 |   createTrainingLiveSession,
[platform]      | ^^^^^^^^^^^^^^^^^^^^^^^^^^^^
[platform] > 17 |   createTrainingSection,
[platform]      | ^^^^^^^^^^^^^^^^^^^^^^^^
[platform] > 18 |   deleteTrainingAssessment,
[platform]      | ^^^^^^^^^^^^^^^^^^^^^^^^^^^
[platform] > 19 |   deleteTrainingAssignment,
[platform]      | ^^^^^^^^^^^^^^^^^^^^^^^^^^^
[platform] > 20 |   deleteTrainingLesson,
[platform]      | ^^^^^^^^^^^^^^^^^^^^^^^
[platform] > 21 |   deleteTrainingSection,
[platform]      | ^^^^^^^^^^^^^^^^^^^^^^^^
[platform] > 22 |   exportLiveSessionAttendance,
[platform]      | ^^^^^^^^^^^^^^^^^^^^^^^^^^^^^^
[platform] > 23 |   getLiveSessionAttendance,
[platform]      | ^^^^^^^^^^^^^^^^^^^^^^^^^^^
[platform] > 24 |   getTrainingContent,
[platform]      | ^^^^^^^^^^^^^^^^^^^^^
[platform] > 25 |   getTrainingProgress,
[platform]      | ^^^^^^^^^^^^^^^^^^^^^^
[platform] > 26 |   getTrainingSections,
[platform]      | ^^^^^^^^^^^^^^^^^^^^^^
[platform] > 27 |   listTrainingAnnouncements,
[platform]      | ^^^^^^^^^^^^^^^^^^^^^^^^^^^^
[platform] > 28 |   listTrainingAssignments,
[platform]      | ^^^^^^^^^^^^^^^^^^^^^^^^^^
[platform] > 29 |   listTrainingAssessments,
[platform]      | ^^^^^^^^^^^^^^^^^^^^^^^^^^
[platform] > 30 |   listTrainingDiscussions,
[platform]      | ^^^^^^^^^^^^^^^^^^^^^^^^^^
[platform] > 31 |   enrolInTraining,
[platform]      | ^^^^^^^^^^^^^^^^^^
[platform] > 32 |   listTrainingEnrolments,
[platform]      | ^^^^^^^^^^^^^^^^^^^^^^^^^
[platform] > 33 |   listTrainingLiveSessions,
[platform]      | ^^^^^^^^^^^^^^^^^^^^^^^^^^^
[platform] > 34 |   listTrainingOrders,
[platform]      | ^^^^^^^^^^^^^^^^^^^^^
[platform] > 35 |   markLiveSessionAttendance,
[platform]      | ^^^^^^^^^^^^^^^^^^^^^^^^^^^^
[platform] > 36 |   refundTrainingOrder,
[platform]      | ^^^^^^^^^^^^^^^^^^^^^^
[platform] > 37 |   patchTrainingOrderStatus,
[platform]      | ^^^^^^^^^^^^^^^^^^^^^^^^^^^
[platform] > 38 |   TrainingsApiError,
[platform]      | ^^^^^^^^^^^^^^^^^^^^
[platform] > 39 |   type CreateLiveSessionPayload,
[platform]      | ^^^^^^^^^^^^^^^^^^^^^^^^^^^^^^^^
[platform] > 40 |   type CreateTrainingSectionPayload,
[platform]      | ^^^^^^^^^^^^^^^^^^^^^^^^^^^^^^^^^^^^
[platform] > 41 | } from "./trainings.service";
[platform]      | ^^^^^^^^^^^^^^^^^^^^^^^^^^^^^
[platform]   42 | import { formatTrainingDate, humanizeLabel } from "./detail-formatters";
[platform]   43 |
[platform]   44 | function SectionCard({ title, children, action }: { title: string; children: React.ReactNo...
[platform] 
[platform] The export deleteTrainingAssignment was not found in module [project]/packages/features/enterprise-trainings/src/trainings.service.ts [app-ssr] (ecmascript).
[platform] Did you mean to import deleteTrainingAssessment?
[platform] All exports of the module are statically known (It doesn't have dynamic exports). So it's known statically that the requested export doesn't exist.
[platform] 
[platform] Import traces:
[platform]   Client Component Browser:
[platform]     ./packages/features/enterprise-trainings/src/TrainingDetailsSections.tsx [Client Component Browser]
[platform]     ./packages/features/enterprise-trainings/src/TrainingDetailsScreen.tsx [Client Component Browser]
[platform]     ./packages/features/enterprise-trainings/src/index.ts [Client Component Browser]
[platform]     ./packages/features/platform-marketplace-static/src/PlatformProgramsScreen.tsx [Client Component Browser]
[platform]     ./packages/features/platform-marketplace-static/src/PlatformProgramsScreen.tsx [Server Component]
[platform]     ./packages/features/platform-marketplace-static/src/index.ts [Server Component]
[platform]     ./apps/platform-admin/src/app/trainings/page.tsx [Server Component]
[platform] 
[platform]   Client Component SSR:
[platform]     ./packages/features/enterprise-trainings/src/TrainingDetailsSections.tsx [Client Component SSR]
[platform]     ./packages/features/enterprise-trainings/src/TrainingDetailsScreen.tsx [Client Component SSR]
[platform]     ./packages/features/enterprise-trainings/src/index.ts [Client Component SSR]
[platform]     ./packages/features/platform-marketplace-static/src/PlatformProgramsScreen.tsx [Client Component SSR]
[platform]     ./packages/features/platform-marketplace-static/src/PlatformProgramsScreen.tsx [Server Component]
[platform]     ./packages/features/platform-marketplace-static/src/index.ts [Server Component]
[platform]     ./apps/platform-admin/src/app/trainings/page.tsx [Server Component] 
[platform] [browser] ./packages/features/enterprise-trainings/src/TrainingDetailsSections.tsx:5:1
[platform] Export deleteTrainingAssignment doesn't exist in target module
[platform]    3 | import { useState } from "react";
[platform]    4 | import { useMutation, useQuery, useQueryClient } from "@tanstack/react-query";
[platform] >  5 | import {
[platform]      | ^^^^^^^
[platform] >  6 |   addAssessmentQuestions,
[platform]      | ^^^^^^^^^^^^^^^^^^^^^^^^^
[platform] >  7 |   approveTrainingEnrolment,
[platform]      | ^^^^^^^^^^^^^^^^^^^^^^^^^^^
[platform] >  8 |   cancelTrainingEnrolment,
[platform]      | ^^^^^^^^^^^^^^^^^^^^^^^^^^
[platform] >  9 |   completeTrainingLesson,
[platform]      | ^^^^^^^^^^^^^^^^^^^^^^^^^
[platform] > 10 |   createDiscussionReply,
[platform]      | ^^^^^^^^^^^^^^^^^^^^^^^^
[platform] > 11 |   createTrainingAnnouncement,
[platform]      | ^^^^^^^^^^^^^^^^^^^^^^^^^^^^^
[platform] > 12 |   createTrainingAssignment,
[platform]      | ^^^^^^^^^^^^^^^^^^^^^^^^^^^
[platform] > 13 |   createTrainingAssessment,
[platform]      | ^^^^^^^^^^^^^^^^^^^^^^^^^^^
[platform] > 14 |   createTrainingDiscussion,
[platform]      | ^^^^^^^^^^^^^^^^^^^^^^^^^^^
[platform] > 15 |   createTrainingLesson,
[platform]      | ^^^^^^^^^^^^^^^^^^^^^^^
[platform] > 16 |   createTrainingLiveSession,
[platform]      | ^^^^^^^^^^^^^^^^^^^^^^^^^^^^
[platform] > 17 |   createTrainingSection,
[platform]      | ^^^^^^^^^^^^^^^^^^^^^^^^
[platform] > 18 |   deleteTrainingAssessment,
[platform]      | ^^^^^^^^^^^^^^^^^^^^^^^^^^^
[platform] > 19 |   deleteTrainingAssignment,
[platform]      | ^^^^^^^^^^^^^^^^^^^^^^^^^^^
[platform] > 20 |   deleteTrainingLesson,
[platform]      | ^^^^^^^^^^^^^^^^^^^^^^^
[platform] > 21 |   deleteTrainingSection,
[platform]      | ^^^^^^^^^^^^^^^^^^^^^^^^
[platform] > 22 |   exportLiveSessionAttendance,
[platform]      | ^^^^^^^^^^^^^^^^^^^^^^^^^^^^^^
[platform] > 23 |   getLiveSessionAttendance,
[platform]      | ^^^^^^^^^^^^^^^^^^^^^^^^^^^
[platform] > 24 |   getTrainingContent,
[platform]      | ^^^^^^^^^^^^^^^^^^^^^
[platform] > 25 |   getTrainingProgress,
[platform]      | ^^^^^^^^^^^^^^^^^^^^^^
[platform] > 26 |   getTrainingSections,
[platform]      | ^^^^^^^^^^^^^^^^^^^^^^
[platform] > 27 |   listTrainingAnnouncements,
[platform]      | ^^^^^^^^^^^^^^^^^^^^^^^^^^^^
[platform] > 28 |   listTrainingAssignments,
[platform]      | ^^^^^^^^^^^^^^^^^^^^^^^^^^
[platform] > 29 |   listTrainingAssessments,
[platform]      | ^^^^^^^^^^^^^^^^^^^^^^^^^^
[platform] > 30 |   listTrainingDiscussions,
[platform]      | ^^^^^^^^^^^^^^^^^^^^^^^^^^
[platform] > 31 |   enrolInTraining,
[platform]      | ^^^^^^^^^^^^^^^^^^
[platform] > 32 |   listTrainingEnrolments,
[platform]      | ^^^^^^^^^^^^^^^^^^^^^^^^^
[platform] > 33 |   listTrainingLiveSessions,
[platform]      | ^^^^^^^^^^^^^^^^^^^^^^^^^^^
[platform] > 34 |   listTrainingOrders,
[platform]      | ^^^^^^^^^^^^^^^^^^^^^
[platform] > 35 |   markLiveSessionAttendance,
[platform]      | ^^^^^^^^^^^^^^^^^^^^^^^^^^^^
[platform] > 36 |   refundTrainingOrder,
[platform]      | ^^^^^^^^^^^^^^^^^^^^^^
[platform] > 37 |   patchTrainingOrderStatus,
[platform]      | ^^^^^^^^^^^^^^^^^^^^^^^^^^^
[platform] > 38 |   TrainingsApiError,
[platform]      | ^^^^^^^^^^^^^^^^^^^^
[platform] > 39 |   type CreateLiveSessionPayload,
[platform]      | ^^^^^^^^^^^^^^^^^^^^^^^^^^^^^^^^
[platform] > 40 |   type CreateTrainingSectionPayload,
[platform]      | ^^^^^^^^^^^^^^^^^^^^^^^^^^^^^^^^^^^^
[platform] > 41 | } from "./trainings.service";
[platform]      | ^^^^^^^^^^^^^^^^^^^^^^^^^^^^^
[platform]   42 | import { formatTrainingDate, humanizeLabel } from "./detail-formatters";
[platform]   43 |
[platform]   44 | function SectionCard({ title, children, action }: { title: string; children: React.ReactNo...
[platform] 
[platform] The export deleteTrainingAssignment was not found in module [project]/packages/features/enterprise-trainings/src/trainings.service.ts [app-client] (ecmascript).
[platform] Did you mean to import deleteTrainingAssessment?
[platform] All exports of the module are statically known (It doesn't have dynamic exports). So it's known statically that the requested export doesn't exist.
[platform] 
[platform] Import traces:
[platform]   Client Component Browser:
[platform]     ./packages/features/enterprise-trainings/src/TrainingDetailsSections.tsx [Client Component Browser]
[platform]     ./packages/features/enterprise-trainings/src/TrainingDetailsScreen.tsx [Client Component Browser]
[platform]     ./packages/features/enterprise-trainings/src/index.ts [Client Component Browser]
[platform]     ./packages/features/platform-marketplace-static/src/PlatformProgramsScreen.tsx [Client Component Browser]
[platform]     ./packages/features/platform-marketplace-static/src/PlatformProgramsScreen.tsx [Server Component]
[platform]     ./packages/features/platform-marketplace-static/src/index.ts [Server Component]
[platform]     ./apps/platform-admin/src/app/trainings/page.tsx [Server Component]
[platform] 
[platform]   Client Component SSR:
[platform]     ./packages/features/enterprise-trainings/src/TrainingDetailsSections.tsx [Client Component SSR]
[platform]     ./packages/features/enterprise-trainings/src/TrainingDetailsScreen.tsx [Client Component SSR]
[platform]     ./packages/features/enterprise-trainings/src/index.ts [Client Component SSR]
[platform]     ./packages/features/platform-marketplace-static/src/PlatformProgramsScreen.tsx [Client Component SSR]
[platform]     ./packages/features/platform-marketplace-static/src/PlatformProgramsScreen.tsx [Server Component]
[platform]     ./packages/features/platform-marketplace-static/src/index.ts [Server Component]
[platform]     ./apps/platform-admin/src/app/trainings/page.tsx [Server Component] 
[platform] [browser] ./packages/features/enterprise-trainings/src/TrainingDetailsSections.tsx:5:1
[platform] Export deleteTrainingAssignment doesn't exist in target module
[platform]    3 | import { useState } from "react";
[platform]    4 | import { useMutation, useQuery, useQueryClient } from "@tanstack/react-query";
[platform] >  5 | import {
[platform]      | ^^^^^^^
[platform] >  6 |   addAssessmentQuestions,
[platform]      | ^^^^^^^^^^^^^^^^^^^^^^^^^
[platform] >  7 |   approveTrainingEnrolment,
[platform]      | ^^^^^^^^^^^^^^^^^^^^^^^^^^^
[platform] >  8 |   cancelTrainingEnrolment,
[platform]      | ^^^^^^^^^^^^^^^^^^^^^^^^^^
[platform] >  9 |   completeTrainingLesson,
[platform]      | ^^^^^^^^^^^^^^^^^^^^^^^^^
[platform] > 10 |   createDiscussionReply,
[platform]      | ^^^^^^^^^^^^^^^^^^^^^^^^
[platform] > 11 |   createTrainingAnnouncement,
[platform]      | ^^^^^^^^^^^^^^^^^^^^^^^^^^^^^
[platform] > 12 |   createTrainingAssignment,
[platform]      | ^^^^^^^^^^^^^^^^^^^^^^^^^^^
[platform] > 13 |   createTrainingAssessment,
[platform]      | ^^^^^^^^^^^^^^^^^^^^^^^^^^^
[platform] > 14 |   createTrainingDiscussion,
[platform]      | ^^^^^^^^^^^^^^^^^^^^^^^^^^^
[platform] > 15 |   createTrainingLesson,
[platform]      | ^^^^^^^^^^^^^^^^^^^^^^^
[platform] > 16 |   createTrainingLiveSession,
[platform]      | ^^^^^^^^^^^^^^^^^^^^^^^^^^^^
[platform] > 17 |   createTrainingSection,
[platform]      | ^^^^^^^^^^^^^^^^^^^^^^^^
[platform] > 18 |   deleteTrainingAssessment,
[platform]      | ^^^^^^^^^^^^^^^^^^^^^^^^^^^
[platform] > 19 |   deleteTrainingAssignment,
[platform]      | ^^^^^^^^^^^^^^^^^^^^^^^^^^^
[platform] > 20 |   deleteTrainingLesson,
[platform]      | ^^^^^^^^^^^^^^^^^^^^^^^
[platform] > 21 |   deleteTrainingSection,
[platform]      | ^^^^^^^^^^^^^^^^^^^^^^^^
[platform] > 22 |   exportLiveSessionAttendance,
[platform]      | ^^^^^^^^^^^^^^^^^^^^^^^^^^^^^^
[platform] > 23 |   getLiveSessionAttendance,
[platform]      | ^^^^^^^^^^^^^^^^^^^^^^^^^^^
[platform] > 24 |   getTrainingContent,
[platform]      | ^^^^^^^^^^^^^^^^^^^^^
[platform] > 25 |   getTrainingProgress,
[platform]      | ^^^^^^^^^^^^^^^^^^^^^^
[platform] > 26 |   getTrainingSections,
[platform]      | ^^^^^^^^^^^^^^^^^^^^^^
[platform] > 27 |   listTrainingAnnouncements,
[platform]      | ^^^^^^^^^^^^^^^^^^^^^^^^^^^^
[platform] > 28 |   listTrainingAssignments,
[platform]      | ^^^^^^^^^^^^^^^^^^^^^^^^^^
[platform] > 29 |   listTrainingAssessments,
[platform]      | ^^^^^^^^^^^^^^^^^^^^^^^^^^
[platform] > 30 |   listTrainingDiscussions,
[platform]      | ^^^^^^^^^^^^^^^^^^^^^^^^^^
[platform] > 31 |   enrolInTraining,
[platform]      | ^^^^^^^^^^^^^^^^^^
[platform] > 32 |   listTrainingEnrolments,
[platform]      | ^^^^^^^^^^^^^^^^^^^^^^^^^
[platform] > 33 |   listTrainingLiveSessions,
[platform]      | ^^^^^^^^^^^^^^^^^^^^^^^^^^^
[platform] > 34 |   listTrainingOrders,
[platform]      | ^^^^^^^^^^^^^^^^^^^^^
[platform] > 35 |   markLiveSessionAttendance,
[platform]      | ^^^^^^^^^^^^^^^^^^^^^^^^^^^^
[platform] > 36 |   refundTrainingOrder,
[platform]      | ^^^^^^^^^^^^^^^^^^^^^^
[platform] > 37 |   patchTrainingOrderStatus,
[platform]      | ^^^^^^^^^^^^^^^^^^^^^^^^^^^
[platform] > 38 |   TrainingsApiError,
[platform]      | ^^^^^^^^^^^^^^^^^^^^
[platform] > 39 |   type CreateLiveSessionPayload,
[platform]      | ^^^^^^^^^^^^^^^^^^^^^^^^^^^^^^^^
[platform] > 40 |   type CreateTrainingSectionPayload,
[platform]      | ^^^^^^^^^^^^^^^^^^^^^^^^^^^^^^^^^^^^
[platform] > 41 | } from "./trainings.service";
[platform]      | ^^^^^^^^^^^^^^^^^^^^^^^^^^^^^
[platform]   42 | import { formatTrainingDate, humanizeLabel } from "./detail-formatters";
[platform]   43 |
[platform]   44 | function SectionCard({ title, children, action }: { title: string; children: React.ReactNo...
[platform] 
[platform] The export deleteTrainingAssignment was not found in module [project]/packages/features/enterprise-trainings/src/trainings.service.ts [app-ssr] (ecmascript).
[platform] Did you mean to import deleteTrainingAssessment?
[platform] All exports of the module are statically known (It doesn't have dynamic exports). So it's known statically that the requested export doesn't exist.
[platform] 
[platform] Import traces:
[platform]   Client Component Browser:
[platform]     ./packages/features/enterprise-trainings/src/TrainingDetailsSections.tsx [Client Component Browser]
[platform]     ./packages/features/enterprise-trainings/src/TrainingDetailsScreen.tsx [Client Component Browser]
[platform]     ./packages/features/enterprise-trainings/src/index.ts [Client Component Browser]
[platform]     ./packages/features/platform-marketplace-static/src/PlatformProgramsScreen.tsx [Client Component Browser]
[platform]     ./packages/features/platform-marketplace-static/src/PlatformProgramsScreen.tsx [Server Component]
[platform]     ./packages/features/platform-marketplace-static/src/index.ts [Server Component]
[platform]     ./apps/platform-admin/src/app/trainings/page.tsx [Server Component]
[platform] 
[platform]   Client Component SSR:
[platform]     ./packages/features/enterprise-trainings/src/TrainingDetailsSections.tsx [Client Component SSR]
[platform]     ./packages/features/enterprise-trainings/src/TrainingDetailsScreen.tsx [Client Component SSR]
[platform]     ./packages/features/enterprise-trainings/src/index.ts [Client Component SSR]
[platform]     ./packages/features/platform-marketplace-static/src/PlatformProgramsScreen.tsx [Client Component SSR]
[platform]     ./packages/features/platform-marketplace-static/src/PlatformProgramsScreen.tsx [Server Component]
[platform]     ./packages/features/platform-marketplace-static/src/index.ts [Server Component]
[platform]     ./apps/platform-admin/src/app/trainings/page.tsx [Server Component] 
[platform] [browser] ./packages/features/enterprise-trainings/src/TrainingDetailsSections.tsx:5:1
[platform] Export deleteTrainingAssignment doesn't exist in target module
[platform]    3 | import { useState } from "react";
[platform]    4 | import { useMutation, useQuery, useQueryClient } from "@tanstack/react-query";
[platform] >  5 | import {
[platform]      | ^^^^^^^
[platform] >  6 |   addAssessmentQuestions,
[platform]      | ^^^^^^^^^^^^^^^^^^^^^^^^^
[platform] >  7 |   approveTrainingEnrolment,
[platform]      | ^^^^^^^^^^^^^^^^^^^^^^^^^^^
[platform] >  8 |   cancelTrainingEnrolment,
[platform]      | ^^^^^^^^^^^^^^^^^^^^^^^^^^
[platform] >  9 |   completeTrainingLesson,
[platform]      | ^^^^^^^^^^^^^^^^^^^^^^^^^
[platform] > 10 |   createDiscussionReply,
[platform]      | ^^^^^^^^^^^^^^^^^^^^^^^^
[platform] > 11 |   createTrainingAnnouncement,
[platform]      | ^^^^^^^^^^^^^^^^^^^^^^^^^^^^^
[platform] > 12 |   createTrainingAssignment,
[platform]      | ^^^^^^^^^^^^^^^^^^^^^^^^^^^
[platform] > 13 |   createTrainingAssessment,
[platform]      | ^^^^^^^^^^^^^^^^^^^^^^^^^^^
[platform] > 14 |   createTrainingDiscussion,
[platform]      | ^^^^^^^^^^^^^^^^^^^^^^^^^^^
[platform] > 15 |   createTrainingLesson,
[platform]      | ^^^^^^^^^^^^^^^^^^^^^^^
[platform] > 16 |   createTrainingLiveSession,
[platform]      | ^^^^^^^^^^^^^^^^^^^^^^^^^^^^
[platform] > 17 |   createTrainingSection,
[platform]      | ^^^^^^^^^^^^^^^^^^^^^^^^
[platform] > 18 |   deleteTrainingAssessment,
[platform]      | ^^^^^^^^^^^^^^^^^^^^^^^^^^^
[platform] > 19 |   deleteTrainingAssignment,
[platform]      | ^^^^^^^^^^^^^^^^^^^^^^^^^^^
[platform] > 20 |   deleteTrainingLesson,
[platform]      | ^^^^^^^^^^^^^^^^^^^^^^^
[platform] > 21 |   deleteTrainingSection,
[platform]      | ^^^^^^^^^^^^^^^^^^^^^^^^
[platform] > 22 |   exportLiveSessionAttendance,
[platform]      | ^^^^^^^^^^^^^^^^^^^^^^^^^^^^^^
[platform] > 23 |   getLiveSessionAttendance,
[platform]      | ^^^^^^^^^^^^^^^^^^^^^^^^^^^
[platform] > 24 |   getTrainingContent,
[platform]      | ^^^^^^^^^^^^^^^^^^^^^
[platform] > 25 |   getTrainingProgress,
[platform]      | ^^^^^^^^^^^^^^^^^^^^^^
[platform] > 26 |   getTrainingSections,
[platform]      | ^^^^^^^^^^^^^^^^^^^^^^
[platform] > 27 |   listTrainingAnnouncements,
[platform]      | ^^^^^^^^^^^^^^^^^^^^^^^^^^^^
[platform] > 28 |   listTrainingAssignments,
[platform]      | ^^^^^^^^^^^^^^^^^^^^^^^^^^
[platform] > 29 |   listTrainingAssessments,
[platform]      | ^^^^^^^^^^^^^^^^^^^^^^^^^^
[platform] > 30 |   listTrainingDiscussions,
[platform]      | ^^^^^^^^^^^^^^^^^^^^^^^^^^
[platform] > 31 |   enrolInTraining,
[platform]      | ^^^^^^^^^^^^^^^^^^
[platform] > 32 |   listTrainingEnrolments,
[platform]      | ^^^^^^^^^^^^^^^^^^^^^^^^^
[platform] > 33 |   listTrainingLiveSessions,
[platform]      | ^^^^^^^^^^^^^^^^^^^^^^^^^^^
[platform] > 34 |   listTrainingOrders,
[platform]      | ^^^^^^^^^^^^^^^^^^^^^
[platform] > 35 |   markLiveSessionAttendance,
[platform]      | ^^^^^^^^^^^^^^^^^^^^^^^^^^^^
[platform] > 36 |   refundTrainingOrder,
[platform]      | ^^^^^^^^^^^^^^^^^^^^^^
[platform] > 37 |   patchTrainingOrderStatus,
[platform]      | ^^^^^^^^^^^^^^^^^^^^^^^^^^^
[platform] > 38 |   TrainingsApiError,
[platform]      | ^^^^^^^^^^^^^^^^^^^^
[platform] > 39 |   type CreateLiveSessionPayload,
[platform]      | ^^^^^^^^^^^^^^^^^^^^^^^^^^^^^^^^
[platform] > 40 |   type CreateTrainingSectionPayload,
[platform]      | ^^^^^^^^^^^^^^^^^^^^^^^^^^^^^^^^^^^^
[platform] > 41 | } from "./trainings.service";
[platform]      | ^^^^^^^^^^^^^^^^^^^^^^^^^^^^^
[platform]   42 | import { formatTrainingDate, humanizeLabel } from "./detail-formatters";
[platform]   43 |
[platform]   44 | function SectionCard({ title, children, action }: { title: string; children: React.ReactNo...
[platform] 
[platform] The export deleteTrainingAssignment was not found in module [project]/packages/features/enterprise-trainings/src/trainings.service.ts [app-client] (ecmascript).
[platform] Did you mean to import deleteTrainingAssessment?
[platform] All exports of the module are statically known (It doesn't have dynamic exports). So it's known statically that the requested export doesn't exist.
[platform] 
[platform] Import traces:
[platform]   Client Component Browser:
[platform]     ./packages/features/enterprise-trainings/src/TrainingDetailsSections.tsx [Client Component Browser]
[platform]     ./packages/features/enterprise-trainings/src/TrainingDetailsScreen.tsx [Client Component Browser]
[platform]     ./packages/features/enterprise-trainings/src/index.ts [Client Component Browser]
[platform]     ./packages/features/platform-marketplace-static/src/PlatformProgramsScreen.tsx [Client Component Browser]
[platform]     ./packages/features/platform-marketplace-static/src/PlatformProgramsScreen.tsx [Server Component]
[platform]     ./packages/features/platform-marketplace-static/src/index.ts [Server Component]
[platform]     ./apps/platform-admin/src/app/trainings/page.tsx [Server Component]
[platform] 
[platform]   Client Component SSR:
[platform]     ./packages/features/enterprise-trainings/src/TrainingDetailsSections.tsx [Client Component SSR]
[platform]     ./packages/features/enterprise-trainings/src/TrainingDetailsScreen.tsx [Client Component SSR]
[platform]     ./packages/features/enterprise-trainings/src/index.ts [Client Component SSR]
[platform]     ./packages/features/platform-marketplace-static/src/PlatformProgramsScreen.tsx [Client Component SSR]
[platform]     ./packages/features/platform-marketplace-static/src/PlatformProgramsScreen.tsx [Server Component]
[platform]     ./packages/features/platform-marketplace-static/src/index.ts [Server Component]
[platform]     ./apps/platform-admin/src/app/trainings/page.tsx [Server Component] 
[platform] [browser] ./packages/features/enterprise-trainings/src/TrainingDetailsSections.tsx:5:1
[platform] Export deleteTrainingAssignment doesn't exist in target module
[platform]    3 | import { useState } from "react";
[platform]    4 | import { useMutation, useQuery, useQueryClient } from "@tanstack/react-query";
[platform] >  5 | import {
[platform]      | ^^^^^^^
[platform] >  6 |   addAssessmentQuestions,
[platform]      | ^^^^^^^^^^^^^^^^^^^^^^^^^
[platform] >  7 |   approveTrainingEnrolment,
[platform]      | ^^^^^^^^^^^^^^^^^^^^^^^^^^^
[platform] >  8 |   cancelTrainingEnrolment,
[platform]      | ^^^^^^^^^^^^^^^^^^^^^^^^^^
[platform] >  9 |   completeTrainingLesson,
[platform]      | ^^^^^^^^^^^^^^^^^^^^^^^^^
[platform] > 10 |   createDiscussionReply,
[platform]      | ^^^^^^^^^^^^^^^^^^^^^^^^
[platform] > 11 |   createTrainingAnnouncement,
[platform]      | ^^^^^^^^^^^^^^^^^^^^^^^^^^^^^
[platform] > 12 |   createTrainingAssignment,
[platform]      | ^^^^^^^^^^^^^^^^^^^^^^^^^^^
[platform] > 13 |   createTrainingAssessment,
[platform]      | ^^^^^^^^^^^^^^^^^^^^^^^^^^^
[platform] > 14 |   createTrainingDiscussion,
[platform]      | ^^^^^^^^^^^^^^^^^^^^^^^^^^^
[platform] > 15 |   createTrainingLesson,
[platform]      | ^^^^^^^^^^^^^^^^^^^^^^^
[platform] > 16 |   createTrainingLiveSession,
[platform]      | ^^^^^^^^^^^^^^^^^^^^^^^^^^^^
[platform] > 17 |   createTrainingSection,
[platform]      | ^^^^^^^^^^^^^^^^^^^^^^^^
[platform] > 18 |   deleteTrainingAssessment,
[platform]      | ^^^^^^^^^^^^^^^^^^^^^^^^^^^
[platform] > 19 |   deleteTrainingAssignment,
[platform]      | ^^^^^^^^^^^^^^^^^^^^^^^^^^^
[platform] > 20 |   deleteTrainingLesson,
[platform]      | ^^^^^^^^^^^^^^^^^^^^^^^
[platform] > 21 |   deleteTrainingSection,
[platform]      | ^^^^^^^^^^^^^^^^^^^^^^^^
[platform] > 22 |   exportLiveSessionAttendance,
[platform]      | ^^^^^^^^^^^^^^^^^^^^^^^^^^^^^^
[platform] > 23 |   getLiveSessionAttendance,
[platform]      | ^^^^^^^^^^^^^^^^^^^^^^^^^^^
[platform] > 24 |   getTrainingContent,
[platform]      | ^^^^^^^^^^^^^^^^^^^^^
[platform] > 25 |   getTrainingProgress,
[platform]      | ^^^^^^^^^^^^^^^^^^^^^^
[platform] > 26 |   getTrainingSections,
[platform]      | ^^^^^^^^^^^^^^^^^^^^^^
[platform] > 27 |   listTrainingAnnouncements,
[platform]      | ^^^^^^^^^^^^^^^^^^^^^^^^^^^^
[platform] > 28 |   listTrainingAssignments,
[platform]      | ^^^^^^^^^^^^^^^^^^^^^^^^^^
[platform] > 29 |   listTrainingAssessments,
[platform]      | ^^^^^^^^^^^^^^^^^^^^^^^^^^
[platform] > 30 |   listTrainingDiscussions,
[platform]      | ^^^^^^^^^^^^^^^^^^^^^^^^^^
[platform] > 31 |   enrolInTraining,
[platform]      | ^^^^^^^^^^^^^^^^^^
[platform] > 32 |   listTrainingEnrolments,
[platform]      | ^^^^^^^^^^^^^^^^^^^^^^^^^
[platform] > 33 |   listTrainingLiveSessions,
[platform]      | ^^^^^^^^^^^^^^^^^^^^^^^^^^^
[platform] > 34 |   listTrainingOrders,
[platform]      | ^^^^^^^^^^^^^^^^^^^^^
[platform] > 35 |   markLiveSessionAttendance,
[platform]      | ^^^^^^^^^^^^^^^^^^^^^^^^^^^^
[platform] > 36 |   refundTrainingOrder,
[platform]      | ^^^^^^^^^^^^^^^^^^^^^^
[platform] > 37 |   patchTrainingOrderStatus,
[platform]      | ^^^^^^^^^^^^^^^^^^^^^^^^^^^
[platform] > 38 |   TrainingsApiError,
[platform]      | ^^^^^^^^^^^^^^^^^^^^
[platform] > 39 |   type CreateLiveSessionPayload,
[platform]      | ^^^^^^^^^^^^^^^^^^^^^^^^^^^^^^^^
[platform] > 40 |   type CreateTrainingSectionPayload,
[platform]      | ^^^^^^^^^^^^^^^^^^^^^^^^^^^^^^^^^^^^
[platform] > 41 | } from "./trainings.service";
[platform]      | ^^^^^^^^^^^^^^^^^^^^^^^^^^^^^
[platform]   42 | import { formatTrainingDate, humanizeLabel } from "./detail-formatters";
[platform]   43 |
[platform]   44 | function SectionCard({ title, children, action }: { title: string; children: React.ReactNo...
[platform] 
[platform] The export deleteTrainingAssignment was not found in module [project]/packages/features/enterprise-trainings/src/trainings.service.ts [app-ssr] (ecmascript).
[platform] Did you mean to import deleteTrainingAssessment?
[platform] All exports of the module are statically known (It doesn't have dynamic exports). So it's known statically that the requested export doesn't exist.
[platform] 
[platform] Import traces:
[platform]   Client Component Browser:
[platform]     ./packages/features/enterprise-trainings/src/TrainingDetailsSections.tsx [Client Component Browser]
[platform]     ./packages/features/enterprise-trainings/src/TrainingDetailsScreen.tsx [Client Component Browser]
[platform]     ./packages/features/enterprise-trainings/src/index.ts [Client Component Browser]
[platform]     ./packages/features/platform-marketplace-static/src/PlatformProgramsScreen.tsx [Client Component Browser]
[platform]     ./packages/features/platform-marketplace-static/src/PlatformProgramsScreen.tsx [Server Component]
[platform]     ./packages/features/platform-marketplace-static/src/index.ts [Server Component]
[platform]     ./apps/platform-admin/src/app/trainings/page.tsx [Server Component]
[platform] 
[platform]   Client Component SSR:
[platform]     ./packages/features/enterprise-trainings/src/TrainingDetailsSections.tsx [Client Component SSR]
[platform]     ./packages/features/enterprise-trainings/src/TrainingDetailsScreen.tsx [Client Component SSR]
[platform]     ./packages/features/enterprise-trainings/src/index.ts [Client Component SSR]
[platform]     ./packages/features/platform-marketplace-static/src/PlatformProgramsScreen.tsx [Client Component SSR]
[platform]     ./packages/features/platform-marketplace-static/src/PlatformProgramsScreen.tsx [Server Component]
[platform]     ./packages/features/platform-marketplace-static/src/index.ts [Server Component]
[platform]     ./apps/platform-admin/src/app/trainings/page.tsx [Server Component] 
[platform] [browser] ./packages/features/enterprise-trainings/src/TrainingDetailsSections.tsx:5:1
[platform] Export deleteTrainingAssignment doesn't exist in target module
[platform]    3 | import { useState } from "react";
[platform]    4 | import { useMutation, useQuery, useQueryClient } from "@tanstack/react-query";
[platform] >  5 | import {
[platform]      | ^^^^^^^
[platform] >  6 |   addAssessmentQuestions,
[platform]      | ^^^^^^^^^^^^^^^^^^^^^^^^^
[platform] >  7 |   approveTrainingEnrolment,
[platform]      | ^^^^^^^^^^^^^^^^^^^^^^^^^^^
[platform] >  8 |   cancelTrainingEnrolment,
[platform]      | ^^^^^^^^^^^^^^^^^^^^^^^^^^
[platform] >  9 |   completeTrainingLesson,
[platform]      | ^^^^^^^^^^^^^^^^^^^^^^^^^
[platform] > 10 |   createDiscussionReply,
[platform]      | ^^^^^^^^^^^^^^^^^^^^^^^^
[platform] > 11 |   createTrainingAnnouncement,
[platform]      | ^^^^^^^^^^^^^^^^^^^^^^^^^^^^^
[platform] > 12 |   createTrainingAssignment,
[platform]      | ^^^^^^^^^^^^^^^^^^^^^^^^^^^
[platform] > 13 |   createTrainingAssessment,
[platform]      | ^^^^^^^^^^^^^^^^^^^^^^^^^^^
[platform] > 14 |   createTrainingDiscussion,
[platform]      | ^^^^^^^^^^^^^^^^^^^^^^^^^^^
[platform] > 15 |   createTrainingLesson,
[platform]      | ^^^^^^^^^^^^^^^^^^^^^^^
[platform] > 16 |   createTrainingLiveSession,
[platform]      | ^^^^^^^^^^^^^^^^^^^^^^^^^^^^
[platform] > 17 |   createTrainingSection,
[platform]      | ^^^^^^^^^^^^^^^^^^^^^^^^
[platform] > 18 |   deleteTrainingAssessment,
[platform]      | ^^^^^^^^^^^^^^^^^^^^^^^^^^^
[platform] > 19 |   deleteTrainingAssignment,
[platform]      | ^^^^^^^^^^^^^^^^^^^^^^^^^^^
[platform] > 20 |   deleteTrainingLesson,
[platform]      | ^^^^^^^^^^^^^^^^^^^^^^^
[platform] > 21 |   deleteTrainingSection,
[platform]      | ^^^^^^^^^^^^^^^^^^^^^^^^
[platform] > 22 |   exportLiveSessionAttendance,
[platform]      | ^^^^^^^^^^^^^^^^^^^^^^^^^^^^^^
[platform] > 23 |   getLiveSessionAttendance,
[platform]      | ^^^^^^^^^^^^^^^^^^^^^^^^^^^
[platform] > 24 |   getTrainingContent,
[platform]      | ^^^^^^^^^^^^^^^^^^^^^
[platform] > 25 |   getTrainingProgress,
[platform]      | ^^^^^^^^^^^^^^^^^^^^^^
[platform] > 26 |   getTrainingSections,
[platform]      | ^^^^^^^^^^^^^^^^^^^^^^
[platform] > 27 |   listTrainingAnnouncements,
[platform]      | ^^^^^^^^^^^^^^^^^^^^^^^^^^^^
[platform] > 28 |   listTrainingAssignments,
[platform]      | ^^^^^^^^^^^^^^^^^^^^^^^^^^
[platform] > 29 |   listTrainingAssessments,
[platform]      | ^^^^^^^^^^^^^^^^^^^^^^^^^^
[platform] > 30 |   listTrainingDiscussions,
[platform]      | ^^^^^^^^^^^^^^^^^^^^^^^^^^
[platform] > 31 |   enrolInTraining,
[platform]      | ^^^^^^^^^^^^^^^^^^
[platform] > 32 |   listTrainingEnrolments,
[platform]      | ^^^^^^^^^^^^^^^^^^^^^^^^^
[platform] > 33 |   listTrainingLiveSessions,
[platform]      | ^^^^^^^^^^^^^^^^^^^^^^^^^^^
[platform] > 34 |   listTrainingOrders,
[platform]      | ^^^^^^^^^^^^^^^^^^^^^
[platform] > 35 |   markLiveSessionAttendance,
[platform]      | ^^^^^^^^^^^^^^^^^^^^^^^^^^^^
[platform] > 36 |   refundTrainingOrder,
[platform]      | ^^^^^^^^^^^^^^^^^^^^^^
[platform] > 37 |   patchTrainingOrderStatus,
[platform]      | ^^^^^^^^^^^^^^^^^^^^^^^^^^^
[platform] > 38 |   TrainingsApiError,
[platform]      | ^^^^^^^^^^^^^^^^^^^^
[platform] > 39 |   type CreateLiveSessionPayload,
[platform]      | ^^^^^^^^^^^^^^^^^^^^^^^^^^^^^^^^
[platform] > 40 |   type CreateTrainingSectionPayload,
[platform]      | ^^^^^^^^^^^^^^^^^^^^^^^^^^^^^^^^^^^^
[platform] > 41 | } from "./trainings.service";
[platform]      | ^^^^^^^^^^^^^^^^^^^^^^^^^^^^^
[platform]   42 | import { formatTrainingDate, humanizeLabel } from "./detail-formatters";
[platform]   43 |
[platform]   44 | function SectionCard({ title, children, action }: { title: string; children: React.ReactNo...
[platform] 
[platform] The export deleteTrainingAssignment was not found in module [project]/packages/features/enterprise-trainings/src/trainings.service.ts [app-client] (ecmascript).
[platform] Did you mean to import deleteTrainingAssessment?
[platform] All exports of the module are statically known (It doesn't have dynamic exports). So it's known statically that the requested export doesn't exist.
[platform] 
[platform] Import traces:
[platform]   Client Component Browser:
[platform]     ./packages/features/enterprise-trainings/src/TrainingDetailsSections.tsx [Client Component Browser]
[platform]     ./packages/features/enterprise-trainings/src/TrainingDetailsScreen.tsx [Client Component Browser]
[platform]     ./packages/features/enterprise-trainings/src/index.ts [Client Component Browser]
[platform]     ./packages/features/platform-marketplace-static/src/PlatformProgramsScreen.tsx [Client Component Browser]
[platform]     ./packages/features/platform-marketplace-static/src/PlatformProgramsScreen.tsx [Server Component]
[platform]     ./packages/features/platform-marketplace-static/src/index.ts [Server Component]
[platform]     ./apps/platform-admin/src/app/trainings/page.tsx [Server Component]
[platform] 
[platform]   Client Component SSR:
[platform]     ./packages/features/enterprise-trainings/src/TrainingDetailsSections.tsx [Client Component SSR]
[platform]     ./packages/features/enterprise-trainings/src/TrainingDetailsScreen.tsx [Client Component SSR]
[platform]     ./packages/features/enterprise-trainings/src/index.ts [Client Component SSR]
[platform]     ./packages/features/platform-marketplace-static/src/PlatformProgramsScreen.tsx [Client Component SSR]
[platform]     ./packages/features/platform-marketplace-static/src/PlatformProgramsScreen.tsx [Server Component]
[platform]     ./packages/features/platform-marketplace-static/src/index.ts [Server Component]
[platform]     ./apps/platform-admin/src/app/trainings/page.tsx [Server Component] 
[platform] [browser] ./packages/features/enterprise-trainings/src/TrainingDetailsSections.tsx:5:1
[platform] Export deleteTrainingAssignment doesn't exist in target module
[platform]    3 | import { useState } from "react";
[platform]    4 | import { useMutation, useQuery, useQueryClient } from "@tanstack/react-query";
[platform] >  5 | import {
[platform]      | ^^^^^^^
[platform] >  6 |   addAssessmentQuestions,
[platform]      | ^^^^^^^^^^^^^^^^^^^^^^^^^
[platform] >  7 |   approveTrainingEnrolment,
[platform]      | ^^^^^^^^^^^^^^^^^^^^^^^^^^^
[platform] >  8 |   cancelTrainingEnrolment,
[platform]      | ^^^^^^^^^^^^^^^^^^^^^^^^^^
[platform] >  9 |   completeTrainingLesson,
[platform]      | ^^^^^^^^^^^^^^^^^^^^^^^^^
[platform] > 10 |   createDiscussionReply,
[platform]      | ^^^^^^^^^^^^^^^^^^^^^^^^
[platform] > 11 |   createTrainingAnnouncement,
[platform]      | ^^^^^^^^^^^^^^^^^^^^^^^^^^^^^
[platform] > 12 |   createTrainingAssignment,
[platform]      | ^^^^^^^^^^^^^^^^^^^^^^^^^^^
[platform] > 13 |   createTrainingAssessment,
[platform]      | ^^^^^^^^^^^^^^^^^^^^^^^^^^^
[platform] > 14 |   createTrainingDiscussion,
[platform]      | ^^^^^^^^^^^^^^^^^^^^^^^^^^^
[platform] > 15 |   createTrainingLesson,
[platform]      | ^^^^^^^^^^^^^^^^^^^^^^^
[platform] > 16 |   createTrainingLiveSession,
[platform]      | ^^^^^^^^^^^^^^^^^^^^^^^^^^^^
[platform] > 17 |   createTrainingSection,
[platform]      | ^^^^^^^^^^^^^^^^^^^^^^^^
[platform] > 18 |   deleteTrainingAssessment,
[platform]      | ^^^^^^^^^^^^^^^^^^^^^^^^^^^
[platform] > 19 |   deleteTrainingAssignment,
[platform]      | ^^^^^^^^^^^^^^^^^^^^^^^^^^^
[platform] > 20 |   deleteTrainingLesson,
[platform]      | ^^^^^^^^^^^^^^^^^^^^^^^
[platform] > 21 |   deleteTrainingSection,
[platform]      | ^^^^^^^^^^^^^^^^^^^^^^^^
[platform] > 22 |   exportLiveSessionAttendance,
[platform]      | ^^^^^^^^^^^^^^^^^^^^^^^^^^^^^^
[platform] > 23 |   getLiveSessionAttendance,
[platform]      | ^^^^^^^^^^^^^^^^^^^^^^^^^^^
[platform] > 24 |   getTrainingContent,
[platform]      | ^^^^^^^^^^^^^^^^^^^^^
[platform] > 25 |   getTrainingProgress,
[platform]      | ^^^^^^^^^^^^^^^^^^^^^^
[platform] > 26 |   getTrainingSections,
[platform]      | ^^^^^^^^^^^^^^^^^^^^^^
[platform] > 27 |   listTrainingAnnouncements,
[platform]      | ^^^^^^^^^^^^^^^^^^^^^^^^^^^^
[platform] > 28 |   listTrainingAssignments,
[platform]      | ^^^^^^^^^^^^^^^^^^^^^^^^^^
[platform] > 29 |   listTrainingAssessments,
[platform]      | ^^^^^^^^^^^^^^^^^^^^^^^^^^
[platform] > 30 |   listTrainingDiscussions,
[platform]      | ^^^^^^^^^^^^^^^^^^^^^^^^^^
[platform] > 31 |   enrolInTraining,
[platform]      | ^^^^^^^^^^^^^^^^^^
[platform] > 32 |   listTrainingEnrolments,
[platform]      | ^^^^^^^^^^^^^^^^^^^^^^^^^
[platform] > 33 |   listTrainingLiveSessions,
[platform]      | ^^^^^^^^^^^^^^^^^^^^^^^^^^^
[platform] > 34 |   listTrainingOrders,
[platform]      | ^^^^^^^^^^^^^^^^^^^^^
[platform] > 35 |   markLiveSessionAttendance,
[platform]      | ^^^^^^^^^^^^^^^^^^^^^^^^^^^^
[platform] > 36 |   refundTrainingOrder,
[platform]      | ^^^^^^^^^^^^^^^^^^^^^^
[platform] > 37 |   patchTrainingOrderStatus,
[platform]      | ^^^^^^^^^^^^^^^^^^^^^^^^^^^
[platform] > 38 |   TrainingsApiError,
[platform]      | ^^^^^^^^^^^^^^^^^^^^
[platform] > 39 |   type CreateLiveSessionPayload,
[platform]      | ^^^^^^^^^^^^^^^^^^^^^^^^^^^^^^^^
[platform] > 40 |   type CreateTrainingSectionPayload,
[platform]      | ^^^^^^^^^^^^^^^^^^^^^^^^^^^^^^^^^^^^
[platform] > 41 | } from "./trainings.service";
[platform]      | ^^^^^^^^^^^^^^^^^^^^^^^^^^^^^
[platform]   42 | import { formatTrainingDate, humanizeLabel } from "./detail-formatters";
[platform]   43 |
[platform]   44 | function SectionCard({ title, children, action }: { title: string; children: React.ReactNo...
[platform] 
[platform] The export deleteTrainingAssignment was not found in module [project]/packages/features/enterprise-trainings/src/trainings.service.ts [app-ssr] (ecmascript).
[platform] Did you mean to import deleteTrainingAssessment?
[platform] All exports of the module are statically known (It doesn't have dynamic exports). So it's known statically that the requested export doesn't exist.
[platform] 
[platform] Import traces:
[platform]   Client Component Browser:
[platform]     ./packages/features/enterprise-trainings/src/TrainingDetailsSections.tsx [Client Component Browser]
[platform]     ./packages/features/enterprise-trainings/src/TrainingDetailsScreen.tsx [Client Component Browser]
[platform]     ./packages/features/enterprise-trainings/src/index.ts [Client Component Browser]
[platform]     ./packages/features/platform-marketplace-static/src/PlatformProgramsScreen.tsx [Client Component Browser]
[platform]     ./packages/features/platform-marketplace-static/src/PlatformProgramsScreen.tsx [Server Component]
[platform]     ./packages/features/platform-marketplace-static/src/index.ts [Server Component]
[platform]     ./apps/platform-admin/src/app/trainings/page.tsx [Server Component]
[platform] 
[platform]   Client Component SSR:
[platform]     ./packages/features/enterprise-trainings/src/TrainingDetailsSections.tsx [Client Component SSR]
[platform]     ./packages/features/enterprise-trainings/src/TrainingDetailsScreen.tsx [Client Component SSR]
[platform]     ./packages/features/enterprise-trainings/src/index.ts [Client Component SSR]
[platform]     ./packages/features/platform-marketplace-static/src/PlatformProgramsScreen.tsx [Client Component SSR]
[platform]     ./packages/features/platform-marketplace-static/src/PlatformProgramsScreen.tsx [Server Component]
[platform]     ./packages/features/platform-marketplace-static/src/index.ts [Server Component]
[platform]     ./apps/platform-admin/src/app/trainings/page.tsx [Server Component] 
[platform] [browser] ./packages/features/enterprise-trainings/src/TrainingDetailsSections.tsx:5:1
[platform] Export deleteTrainingAssignment doesn't exist in target module
[platform]    3 | import { useState } from "react";
[platform]    4 | import { useMutation, useQuery, useQueryClient } from "@tanstack/react-query";
[platform] >  5 | import {
[platform]      | ^^^^^^^
[platform] >  6 |   addAssessmentQuestions,
[platform]      | ^^^^^^^^^^^^^^^^^^^^^^^^^
[platform] >  7 |   approveTrainingEnrolment,
[platform]      | ^^^^^^^^^^^^^^^^^^^^^^^^^^^
[platform] >  8 |   cancelTrainingEnrolment,
[platform]      | ^^^^^^^^^^^^^^^^^^^^^^^^^^
[platform] >  9 |   completeTrainingLesson,
[platform]      | ^^^^^^^^^^^^^^^^^^^^^^^^^
[platform] > 10 |   createDiscussionReply,
[platform]      | ^^^^^^^^^^^^^^^^^^^^^^^^
[platform] > 11 |   createTrainingAnnouncement,
[platform]      | ^^^^^^^^^^^^^^^^^^^^^^^^^^^^^
[platform] > 12 |   createTrainingAssignment,
[platform]      | ^^^^^^^^^^^^^^^^^^^^^^^^^^^
[platform] > 13 |   createTrainingAssessment,
[platform]      | ^^^^^^^^^^^^^^^^^^^^^^^^^^^
[platform] > 14 |   createTrainingDiscussion,
[platform]      | ^^^^^^^^^^^^^^^^^^^^^^^^^^^
[platform] > 15 |   createTrainingLesson,
[platform]      | ^^^^^^^^^^^^^^^^^^^^^^^
[platform] > 16 |   createTrainingLiveSession,
[platform]      | ^^^^^^^^^^^^^^^^^^^^^^^^^^^^
[platform] > 17 |   createTrainingSection,
[platform]      | ^^^^^^^^^^^^^^^^^^^^^^^^
[platform] > 18 |   deleteTrainingAssessment,
[platform]      | ^^^^^^^^^^^^^^^^^^^^^^^^^^^
[platform] > 19 |   deleteTrainingAssignment,
[platform]      | ^^^^^^^^^^^^^^^^^^^^^^^^^^^
[platform] > 20 |   deleteTrainingLesson,
[platform]      | ^^^^^^^^^^^^^^^^^^^^^^^
[platform] > 21 |   deleteTrainingSection,
[platform]      | ^^^^^^^^^^^^^^^^^^^^^^^^
[platform] > 22 |   exportLiveSessionAttendance,
[platform]      | ^^^^^^^^^^^^^^^^^^^^^^^^^^^^^^
[platform] > 23 |   getLiveSessionAttendance,
[platform]      | ^^^^^^^^^^^^^^^^^^^^^^^^^^^
[platform] > 24 |   getTrainingContent,
[platform]      | ^^^^^^^^^^^^^^^^^^^^^
[platform] > 25 |   getTrainingProgress,
[platform]      | ^^^^^^^^^^^^^^^^^^^^^^
[platform] > 26 |   getTrainingSections,
[platform]      | ^^^^^^^^^^^^^^^^^^^^^^
[platform] > 27 |   listTrainingAnnouncements,
[platform]      | ^^^^^^^^^^^^^^^^^^^^^^^^^^^^
[platform] > 28 |   listTrainingAssignments,
[platform]      | ^^^^^^^^^^^^^^^^^^^^^^^^^^
[platform] > 29 |   listTrainingAssessments,
[platform]      | ^^^^^^^^^^^^^^^^^^^^^^^^^^
[platform] > 30 |   listTrainingDiscussions,
[platform]      | ^^^^^^^^^^^^^^^^^^^^^^^^^^
[platform] > 31 |   enrolInTraining,
[platform]      | ^^^^^^^^^^^^^^^^^^
[platform] > 32 |   listTrainingEnrolments,
[platform]      | ^^^^^^^^^^^^^^^^^^^^^^^^^
[platform] > 33 |   listTrainingLiveSessions,
[platform]      | ^^^^^^^^^^^^^^^^^^^^^^^^^^^
[platform] > 34 |   listTrainingOrders,
[platform]      | ^^^^^^^^^^^^^^^^^^^^^
[platform] > 35 |   markLiveSessionAttendance,
[platform]      | ^^^^^^^^^^^^^^^^^^^^^^^^^^^^
[platform] > 36 |   refundTrainingOrder,
[platform]      | ^^^^^^^^^^^^^^^^^^^^^^
[platform] > 37 |   patchTrainingOrderStatus,
[platform]      | ^^^^^^^^^^^^^^^^^^^^^^^^^^^
[platform] > 38 |   TrainingsApiError,
[platform]      | ^^^^^^^^^^^^^^^^^^^^
[platform] > 39 |   type CreateLiveSessionPayload,
[platform]      | ^^^^^^^^^^^^^^^^^^^^^^^^^^^^^^^^
[platform] > 40 |   type CreateTrainingSectionPayload,
[platform]      | ^^^^^^^^^^^^^^^^^^^^^^^^^^^^^^^^^^^^
[platform] > 41 | } from "./trainings.service";
[platform]      | ^^^^^^^^^^^^^^^^^^^^^^^^^^^^^
[platform]   42 | import { formatTrainingDate, humanizeLabel } from "./detail-formatters";
[platform]   43 |
[platform]   44 | function SectionCard({ title, children, action }: { title: string; children: React.ReactNo...
[platform] 
[platform] The export deleteTrainingAssignment was not found in module [project]/packages/features/enterprise-trainings/src/trainings.service.ts [app-client] (ecmascript).
[platform] Did you mean to import deleteTrainingAssessment?
[platform] All exports of the module are statically known (It doesn't have dynamic exports). So it's known statically that the requested export doesn't exist.
[platform] 
[platform] Import traces:
[platform]   Client Component Browser:
[platform]     ./packages/features/enterprise-trainings/src/TrainingDetailsSections.tsx [Client Component Browser]
[platform]     ./packages/features/enterprise-trainings/src/TrainingDetailsScreen.tsx [Client Component Browser]
[platform]     ./packages/features/enterprise-trainings/src/index.ts [Client Component Browser]
[platform]     ./packages/features/platform-marketplace-static/src/PlatformProgramsScreen.tsx [Client Component Browser]
[platform]     ./packages/features/platform-marketplace-static/src/PlatformProgramsScreen.tsx [Server Component]
[platform]     ./packages/features/platform-marketplace-static/src/index.ts [Server Component]
[platform]     ./apps/platform-admin/src/app/trainings/page.tsx [Server Component]
[platform] 
[platform]   Client Component SSR:
[platform]     ./packages/features/enterprise-trainings/src/TrainingDetailsSections.tsx [Client Component SSR]
[platform]     ./packages/features/enterprise-trainings/src/TrainingDetailsScreen.tsx [Client Component SSR]
[platform]     ./packages/features/enterprise-trainings/src/index.ts [Client Component SSR]
[platform]     ./packages/features/platform-marketplace-static/src/PlatformProgramsScreen.tsx [Client Component SSR]
[platform]     ./packages/features/platform-marketplace-static/src/PlatformProgramsScreen.tsx [Server Component]
[platform]     ./packages/features/platform-marketplace-static/src/index.ts [Server Component]
[platform]     ./apps/platform-admin/src/app/trainings/page.tsx [Server Component] 
[platform] [browser] ./packages/features/enterprise-trainings/src/TrainingDetailsSections.tsx:5:1
[platform] Export deleteTrainingAssignment doesn't exist in target module
[platform]    3 | import { useState } from "react";
[platform]    4 | import { useMutation, useQuery, useQueryClient } from "@tanstack/react-query";
[platform] >  5 | import {
[platform]      | ^^^^^^^
[platform] >  6 |   addAssessmentQuestions,
[platform]      | ^^^^^^^^^^^^^^^^^^^^^^^^^
[platform] >  7 |   approveTrainingEnrolment,
[platform]      | ^^^^^^^^^^^^^^^^^^^^^^^^^^^
[platform] >  8 |   cancelTrainingEnrolment,
[platform]      | ^^^^^^^^^^^^^^^^^^^^^^^^^^
[platform] >  9 |   completeTrainingLesson,
[platform]      | ^^^^^^^^^^^^^^^^^^^^^^^^^
[platform] > 10 |   createDiscussionReply,
[platform]      | ^^^^^^^^^^^^^^^^^^^^^^^^
[platform] > 11 |   createTrainingAnnouncement,
[platform]      | ^^^^^^^^^^^^^^^^^^^^^^^^^^^^^
[platform] > 12 |   createTrainingAssignment,
[platform]      | ^^^^^^^^^^^^^^^^^^^^^^^^^^^
[platform] > 13 |   createTrainingAssessment,
[platform]      | ^^^^^^^^^^^^^^^^^^^^^^^^^^^
[platform] > 14 |   createTrainingDiscussion,
[platform]      | ^^^^^^^^^^^^^^^^^^^^^^^^^^^
[platform] > 15 |   createTrainingLesson,
[platform]      | ^^^^^^^^^^^^^^^^^^^^^^^
[platform] > 16 |   createTrainingLiveSession,
[platform]      | ^^^^^^^^^^^^^^^^^^^^^^^^^^^^
[platform] > 17 |   createTrainingSection,
[platform]      | ^^^^^^^^^^^^^^^^^^^^^^^^
[platform] > 18 |   deleteTrainingAssessment,
[platform]      | ^^^^^^^^^^^^^^^^^^^^^^^^^^^
[platform] > 19 |   deleteTrainingAssignment,
[platform]      | ^^^^^^^^^^^^^^^^^^^^^^^^^^^
[platform] > 20 |   deleteTrainingLesson,
[platform]      | ^^^^^^^^^^^^^^^^^^^^^^^
[platform] > 21 |   deleteTrainingSection,
[platform]      | ^^^^^^^^^^^^^^^^^^^^^^^^
[platform] > 22 |   exportLiveSessionAttendance,
[platform]      | ^^^^^^^^^^^^^^^^^^^^^^^^^^^^^^
[platform] > 23 |   getLiveSessionAttendance,
[platform]      | ^^^^^^^^^^^^^^^^^^^^^^^^^^^
[platform] > 24 |   getTrainingContent,
[platform]      | ^^^^^^^^^^^^^^^^^^^^^
[platform] > 25 |   getTrainingProgress,
[platform]      | ^^^^^^^^^^^^^^^^^^^^^^
[platform] > 26 |   getTrainingSections,
[platform]      | ^^^^^^^^^^^^^^^^^^^^^^
[platform] > 27 |   listTrainingAnnouncements,
[platform]      | ^^^^^^^^^^^^^^^^^^^^^^^^^^^^
[platform] > 28 |   listTrainingAssignments,
[platform]      | ^^^^^^^^^^^^^^^^^^^^^^^^^^
[platform] > 29 |   listTrainingAssessments,
[platform]      | ^^^^^^^^^^^^^^^^^^^^^^^^^^
[platform] > 30 |   listTrainingDiscussions,
[platform]      | ^^^^^^^^^^^^^^^^^^^^^^^^^^
[platform] > 31 |   enrolInTraining,
[platform]      | ^^^^^^^^^^^^^^^^^^
[platform] > 32 |   listTrainingEnrolments,
[platform]      | ^^^^^^^^^^^^^^^^^^^^^^^^^
[platform] > 33 |   listTrainingLiveSessions,
[platform]      | ^^^^^^^^^^^^^^^^^^^^^^^^^^^
[platform] > 34 |   listTrainingOrders,
[platform]      | ^^^^^^^^^^^^^^^^^^^^^
[platform] > 35 |   markLiveSessionAttendance,
[platform]      | ^^^^^^^^^^^^^^^^^^^^^^^^^^^^
[platform] > 36 |   refundTrainingOrder,
[platform]      | ^^^^^^^^^^^^^^^^^^^^^^
[platform] > 37 |   patchTrainingOrderStatus,
[platform]      | ^^^^^^^^^^^^^^^^^^^^^^^^^^^
[platform] > 38 |   TrainingsApiError,
[platform]      | ^^^^^^^^^^^^^^^^^^^^
[platform] > 39 |   type CreateLiveSessionPayload,
[platform]      | ^^^^^^^^^^^^^^^^^^^^^^^^^^^^^^^^
[platform] > 40 |   type CreateTrainingSectionPayload,
[platform]      | ^^^^^^^^^^^^^^^^^^^^^^^^^^^^^^^^^^^^
[platform] > 41 | } from "./trainings.service";
[platform]      | ^^^^^^^^^^^^^^^^^^^^^^^^^^^^^
[platform]   42 | import { formatTrainingDate, humanizeLabel } from "./detail-formatters";
[platform]   43 |
[platform]   44 | function SectionCard({ title, children, action }: { title: string; children: React.ReactNo...
[platform] 
[platform] The export deleteTrainingAssignment was not found in module [project]/packages/features/enterprise-trainings/src/trainings.service.ts [app-ssr] (ecmascript).
[platform] Did you mean to import deleteTrainingAssessment?
[platform] All exports of the module are statically known (It doesn't have dynamic exports). So it's known statically that the requested export doesn't exist.
[platform] 
[platform] Import traces:
[platform]   Client Component Browser:
[platform]     ./packages/features/enterprise-trainings/src/TrainingDetailsSections.tsx [Client Component Browser]
[platform]     ./packages/features/enterprise-trainings/src/TrainingDetailsScreen.tsx [Client Component Browser]
[platform]     ./packages/features/enterprise-trainings/src/index.ts [Client Component Browser]
[platform]     ./packages/features/platform-marketplace-static/src/PlatformProgramsScreen.tsx [Client Component Browser]
[platform]     ./packages/features/platform-marketplace-static/src/PlatformProgramsScreen.tsx [Server Component]
[platform]     ./packages/features/platform-marketplace-static/src/index.ts [Server Component]
[platform]     ./apps/platform-admin/src/app/trainings/page.tsx [Server Component]
[platform] 
[platform]   Client Component SSR:
[platform]     ./packages/features/enterprise-trainings/src/TrainingDetailsSections.tsx [Client Component SSR]
[platform]     ./packages/features/enterprise-trainings/src/TrainingDetailsScreen.tsx [Client Component SSR]
[platform]     ./packages/features/enterprise-trainings/src/index.ts [Client Component SSR]
[platform]     ./packages/features/platform-marketplace-static/src/PlatformProgramsScreen.tsx [Client Component SSR]
[platform]     ./packages/features/platform-marketplace-static/src/PlatformProgramsScreen.tsx [Server Component]
[platform]     ./packages/features/platform-marketplace-static/src/index.ts [Server Component]
[platform]     ./apps/platform-admin/src/app/trainings/page.tsx [Server Component] 
[platform] [browser] ./packages/features/enterprise-trainings/src/TrainingDetailsSections.tsx:5:1
[platform] Export deleteTrainingAssignment doesn't exist in target module
[platform]    3 | import { useState } from "react";
[platform]    4 | import { useMutation, useQuery, useQueryClient } from "@tanstack/react-query";
[platform] >  5 | import {
[platform]      | ^^^^^^^
[platform] >  6 |   addAssessmentQuestions,
[platform]      | ^^^^^^^^^^^^^^^^^^^^^^^^^
[platform] >  7 |   approveTrainingEnrolment,
[platform]      | ^^^^^^^^^^^^^^^^^^^^^^^^^^^
[platform] >  8 |   cancelTrainingEnrolment,
[platform]      | ^^^^^^^^^^^^^^^^^^^^^^^^^^
[platform] >  9 |   completeTrainingLesson,
[platform]      | ^^^^^^^^^^^^^^^^^^^^^^^^^
[platform] > 10 |   createDiscussionReply,
[platform]      | ^^^^^^^^^^^^^^^^^^^^^^^^
[platform] > 11 |   createTrainingAnnouncement,
[platform]      | ^^^^^^^^^^^^^^^^^^^^^^^^^^^^^
[platform] > 12 |   createTrainingAssignment,
[platform]      | ^^^^^^^^^^^^^^^^^^^^^^^^^^^
[platform] > 13 |   createTrainingAssessment,
[platform]      | ^^^^^^^^^^^^^^^^^^^^^^^^^^^
[platform] > 14 |   createTrainingDiscussion,
[platform]      | ^^^^^^^^^^^^^^^^^^^^^^^^^^^
[platform] > 15 |   createTrainingLesson,
[platform]      | ^^^^^^^^^^^^^^^^^^^^^^^
[platform] > 16 |   createTrainingLiveSession,
[platform]      | ^^^^^^^^^^^^^^^^^^^^^^^^^^^^
[platform] > 17 |   createTrainingSection,
[platform]      | ^^^^^^^^^^^^^^^^^^^^^^^^
[platform] > 18 |   deleteTrainingAssessment,
[platform]      | ^^^^^^^^^^^^^^^^^^^^^^^^^^^
[platform] > 19 |   deleteTrainingAssignment,
[platform]      | ^^^^^^^^^^^^^^^^^^^^^^^^^^^
[platform] > 20 |   deleteTrainingLesson,
[platform]      | ^^^^^^^^^^^^^^^^^^^^^^^
[platform] > 21 |   deleteTrainingSection,
[platform]      | ^^^^^^^^^^^^^^^^^^^^^^^^
[platform] > 22 |   exportLiveSessionAttendance,
[platform]      | ^^^^^^^^^^^^^^^^^^^^^^^^^^^^^^
[platform] > 23 |   getLiveSessionAttendance,
[platform]      | ^^^^^^^^^^^^^^^^^^^^^^^^^^^
[platform] > 24 |   getTrainingContent,
[platform]      | ^^^^^^^^^^^^^^^^^^^^^
[platform] > 25 |   getTrainingProgress,
[platform]      | ^^^^^^^^^^^^^^^^^^^^^^
[platform] > 26 |   getTrainingSections,
[platform]      | ^^^^^^^^^^^^^^^^^^^^^^
[platform] > 27 |   listTrainingAnnouncements,
[platform]      | ^^^^^^^^^^^^^^^^^^^^^^^^^^^^
[platform] > 28 |   listTrainingAssignments,
[platform]      | ^^^^^^^^^^^^^^^^^^^^^^^^^^
[platform] > 29 |   listTrainingAssessments,
[platform]      | ^^^^^^^^^^^^^^^^^^^^^^^^^^
[platform] > 30 |   listTrainingDiscussions,
[platform]      | ^^^^^^^^^^^^^^^^^^^^^^^^^^
[platform] > 31 |   enrolInTraining,
[platform]      | ^^^^^^^^^^^^^^^^^^
[platform] > 32 |   listTrainingEnrolments,
[platform]      | ^^^^^^^^^^^^^^^^^^^^^^^^^
[platform] > 33 |   listTrainingLiveSessions,
[platform]      | ^^^^^^^^^^^^^^^^^^^^^^^^^^^
[platform] > 34 |   listTrainingOrders,
[platform]      | ^^^^^^^^^^^^^^^^^^^^^
[platform] > 35 |   markLiveSessionAttendance,
[platform]      | ^^^^^^^^^^^^^^^^^^^^^^^^^^^^
[platform] > 36 |   refundTrainingOrder,
[platform]      | ^^^^^^^^^^^^^^^^^^^^^^
[platform] > 37 |   patchTrainingOrderStatus,
[platform]      | ^^^^^^^^^^^^^^^^^^^^^^^^^^^
[platform] > 38 |   TrainingsApiError,
[platform]      | ^^^^^^^^^^^^^^^^^^^^
[platform] > 39 |   type CreateLiveSessionPayload,
[platform]      | ^^^^^^^^^^^^^^^^^^^^^^^^^^^^^^^^
[platform] > 40 |   type CreateTrainingSectionPayload,
[platform]      | ^^^^^^^^^^^^^^^^^^^^^^^^^^^^^^^^^^^^
[platform] > 41 | } from "./trainings.service";
[platform]      | ^^^^^^^^^^^^^^^^^^^^^^^^^^^^^
[platform]   42 | import { formatTrainingDate, humanizeLabel } from "./detail-formatters";
[platform]   43 |
[platform]   44 | function SectionCard({ title, children, action }: { title: string; children: React.ReactNo...
[platform] 
[platform] The export deleteTrainingAssignment was not found in module [project]/packages/features/enterprise-trainings/src/trainings.service.ts [app-client] (ecmascript).
[platform] Did you mean to import deleteTrainingAssessment?
[platform] All exports of the module are statically known (It doesn't have dynamic exports). So it's known statically that the requested export doesn't exist.
[platform] 
[platform] Import traces:
[platform]   Client Component Browser:
[platform]     ./packages/features/enterprise-trainings/src/TrainingDetailsSections.tsx [Client Component Browser]
[platform]     ./packages/features/enterprise-trainings/src/TrainingDetailsScreen.tsx [Client Component Browser]
[platform]     ./packages/features/enterprise-trainings/src/index.ts [Client Component Browser]
[platform]     ./packages/features/platform-marketplace-static/src/PlatformProgramsScreen.tsx [Client Component Browser]
[platform]     ./packages/features/platform-marketplace-static/src/PlatformProgramsScreen.tsx [Server Component]
[platform]     ./packages/features/platform-marketplace-static/src/index.ts [Server Component]
[platform]     ./apps/platform-admin/src/app/trainings/page.tsx [Server Component]
[platform] 
[platform]   Client Component SSR:
[platform]     ./packages/features/enterprise-trainings/src/TrainingDetailsSections.tsx [Client Component SSR]
[platform]     ./packages/features/enterprise-trainings/src/TrainingDetailsScreen.tsx [Client Component SSR]
[platform]     ./packages/features/enterprise-trainings/src/index.ts [Client Component SSR]
[platform]     ./packages/features/platform-marketplace-static/src/PlatformProgramsScreen.tsx [Client Component SSR]
[platform]     ./packages/features/platform-marketplace-static/src/PlatformProgramsScreen.tsx [Server Component]
[platform]     ./packages/features/platform-marketplace-static/src/index.ts [Server Component]
[platform]     ./apps/platform-admin/src/app/trainings/page.tsx [Server Component] 
[platform] [browser] ./packages/features/enterprise-trainings/src/TrainingDetailsSections.tsx:5:1
[platform] Export deleteTrainingAssignment doesn't exist in target module
[platform]    3 | import { useState } from "react";
[platform]    4 | import { useMutation, useQuery, useQueryClient } from "@tanstack/react-query";
[platform] >  5 | import {
[platform]      | ^^^^^^^
[platform] >  6 |   addAssessmentQuestions,
[platform]      | ^^^^^^^^^^^^^^^^^^^^^^^^^
[platform] >  7 |   approveTrainingEnrolment,
[platform]      | ^^^^^^^^^^^^^^^^^^^^^^^^^^^
[platform] >  8 |   cancelTrainingEnrolment,
[platform]      | ^^^^^^^^^^^^^^^^^^^^^^^^^^
[platform] >  9 |   completeTrainingLesson,
[platform]      | ^^^^^^^^^^^^^^^^^^^^^^^^^
[platform] > 10 |   createDiscussionReply,
[platform]      | ^^^^^^^^^^^^^^^^^^^^^^^^
[platform] > 11 |   createTrainingAnnouncement,
[platform]      | ^^^^^^^^^^^^^^^^^^^^^^^^^^^^^
[platform] > 12 |   createTrainingAssignment,
[platform]      | ^^^^^^^^^^^^^^^^^^^^^^^^^^^
[platform] > 13 |   createTrainingAssessment,
[platform]      | ^^^^^^^^^^^^^^^^^^^^^^^^^^^
[platform] > 14 |   createTrainingDiscussion,
[platform]      | ^^^^^^^^^^^^^^^^^^^^^^^^^^^
[platform] > 15 |   createTrainingLesson,
[platform]      | ^^^^^^^^^^^^^^^^^^^^^^^
[platform] > 16 |   createTrainingLiveSession,
[platform]      | ^^^^^^^^^^^^^^^^^^^^^^^^^^^^
[platform] > 17 |   createTrainingSection,
[platform]      | ^^^^^^^^^^^^^^^^^^^^^^^^
[platform] > 18 |   deleteTrainingAssessment,
[platform]      | ^^^^^^^^^^^^^^^^^^^^^^^^^^^
[platform] > 19 |   deleteTrainingAssignment,
[platform]      | ^^^^^^^^^^^^^^^^^^^^^^^^^^^
[platform] > 20 |   deleteTrainingLesson,
[platform]      | ^^^^^^^^^^^^^^^^^^^^^^^
[platform] > 21 |   deleteTrainingSection,
[platform]      | ^^^^^^^^^^^^^^^^^^^^^^^^
[platform] > 22 |   exportLiveSessionAttendance,
[platform]      | ^^^^^^^^^^^^^^^^^^^^^^^^^^^^^^
[platform] > 23 |   getLiveSessionAttendance,
[platform]      | ^^^^^^^^^^^^^^^^^^^^^^^^^^^
[platform] > 24 |   getTrainingContent,
[platform]      | ^^^^^^^^^^^^^^^^^^^^^
[platform] > 25 |   getTrainingProgress,
[platform]      | ^^^^^^^^^^^^^^^^^^^^^^
[platform] > 26 |   getTrainingSections,
[platform]      | ^^^^^^^^^^^^^^^^^^^^^^
[platform] > 27 |   listTrainingAnnouncements,
[platform]      | ^^^^^^^^^^^^^^^^^^^^^^^^^^^^
[platform] > 28 |   listTrainingAssignments,
[platform]      | ^^^^^^^^^^^^^^^^^^^^^^^^^^
[platform] > 29 |   listTrainingAssessments,
[platform]      | ^^^^^^^^^^^^^^^^^^^^^^^^^^
[platform] > 30 |   listTrainingDiscussions,
[platform]      | ^^^^^^^^^^^^^^^^^^^^^^^^^^
[platform] > 31 |   enrolInTraining,
[platform]      | ^^^^^^^^^^^^^^^^^^
[platform] > 32 |   listTrainingEnrolments,
[platform]      | ^^^^^^^^^^^^^^^^^^^^^^^^^
[platform] > 33 |   listTrainingLiveSessions,
[platform]      | ^^^^^^^^^^^^^^^^^^^^^^^^^^^
[platform] > 34 |   listTrainingOrders,
[platform]      | ^^^^^^^^^^^^^^^^^^^^^
[platform] > 35 |   markLiveSessionAttendance,
[platform]      | ^^^^^^^^^^^^^^^^^^^^^^^^^^^^
[platform] > 36 |   refundTrainingOrder,
[platform]      | ^^^^^^^^^^^^^^^^^^^^^^
[platform] > 37 |   patchTrainingOrderStatus,
[platform]      | ^^^^^^^^^^^^^^^^^^^^^^^^^^^
[platform] > 38 |   TrainingsApiError,
[platform]      | ^^^^^^^^^^^^^^^^^^^^
[platform] > 39 |   type CreateLiveSessionPayload,
[platform]      | ^^^^^^^^^^^^^^^^^^^^^^^^^^^^^^^^
[platform] > 40 |   type CreateTrainingSectionPayload,
[platform]      | ^^^^^^^^^^^^^^^^^^^^^^^^^^^^^^^^^^^^
[platform] > 41 | } from "./trainings.service";
[platform]      | ^^^^^^^^^^^^^^^^^^^^^^^^^^^^^
[platform]   42 | import { formatTrainingDate, humanizeLabel } from "./detail-formatters";
[platform]   43 |
[platform]   44 | function SectionCard({ title, children, action }: { title: string; children: React.ReactNo...
[platform] 
[platform] The export deleteTrainingAssignment was not found in module [project]/packages/features/enterprise-trainings/src/trainings.service.ts [app-ssr] (ecmascript).
[platform] Did you mean to import deleteTrainingAssessment?
[platform] All exports of the module are statically known (It doesn't have dynamic exports). So it's known statically that the requested export doesn't exist.
[platform] 
[platform] Import traces:
[platform]   Client Component Browser:
[platform]     ./packages/features/enterprise-trainings/src/TrainingDetailsSections.tsx [Client Component Browser]
[platform]     ./packages/features/enterprise-trainings/src/TrainingDetailsScreen.tsx [Client Component Browser]
[platform]     ./packages/features/enterprise-trainings/src/index.ts [Client Component Browser]
[platform]     ./packages/features/platform-marketplace-static/src/PlatformProgramsScreen.tsx [Client Component Browser]
[platform]     ./packages/features/platform-marketplace-static/src/PlatformProgramsScreen.tsx [Server Component]
[platform]     ./packages/features/platform-marketplace-static/src/index.ts [Server Component]
[platform]     ./apps/platform-admin/src/app/trainings/page.tsx [Server Component]
[platform] 
[platform]   Client Component SSR:
[platform]     ./packages/features/enterprise-trainings/src/TrainingDetailsSections.tsx [Client Component SSR]
[platform]     ./packages/features/enterprise-trainings/src/TrainingDetailsScreen.tsx [Client Component SSR]
[platform]     ./packages/features/enterprise-trainings/src/index.ts [Client Component SSR]
[platform]     ./packages/features/platform-marketplace-static/src/PlatformProgramsScreen.tsx [Client Component SSR]
[platform]     ./packages/features/platform-marketplace-static/src/PlatformProgramsScreen.tsx [Server Component]
[platform]     ./packages/features/platform-marketplace-static/src/index.ts [Server Component]
[platform]     ./apps/platform-admin/src/app/trainings/page.tsx [Server Component] 
[platform] [browser] ./packages/features/enterprise-trainings/src/TrainingDetailsSections.tsx:5:1
[platform] Export deleteTrainingAssignment doesn't exist in target module
[platform]    3 | import { useState } from "react";
[platform]    4 | import { useMutation, useQuery, useQueryClient } from "@tanstack/react-query";
[platform] >  5 | import {
[platform]      | ^^^^^^^
[platform] >  6 |   addAssessmentQuestions,
[platform]      | ^^^^^^^^^^^^^^^^^^^^^^^^^
[platform] >  7 |   approveTrainingEnrolment,
[platform]      | ^^^^^^^^^^^^^^^^^^^^^^^^^^^
[platform] >  8 |   cancelTrainingEnrolment,
[platform]      | ^^^^^^^^^^^^^^^^^^^^^^^^^^
[platform] >  9 |   completeTrainingLesson,
[platform]      | ^^^^^^^^^^^^^^^^^^^^^^^^^
[platform] > 10 |   createDiscussionReply,
[platform]      | ^^^^^^^^^^^^^^^^^^^^^^^^
[platform] > 11 |   createTrainingAnnouncement,
[platform]      | ^^^^^^^^^^^^^^^^^^^^^^^^^^^^^
[platform] > 12 |   createTrainingAssignment,
[platform]      | ^^^^^^^^^^^^^^^^^^^^^^^^^^^
[platform] > 13 |   createTrainingAssessment,
[platform]      | ^^^^^^^^^^^^^^^^^^^^^^^^^^^
[platform] > 14 |   createTrainingDiscussion,
[platform]      | ^^^^^^^^^^^^^^^^^^^^^^^^^^^
[platform] > 15 |   createTrainingLesson,
[platform]      | ^^^^^^^^^^^^^^^^^^^^^^^
[platform] > 16 |   createTrainingLiveSession,
[platform]      | ^^^^^^^^^^^^^^^^^^^^^^^^^^^^
[platform] > 17 |   createTrainingSection,
[platform]      | ^^^^^^^^^^^^^^^^^^^^^^^^
[platform] > 18 |   deleteTrainingAssessment,
[platform]      | ^^^^^^^^^^^^^^^^^^^^^^^^^^^
[platform] > 19 |   deleteTrainingAssignment,
[platform]      | ^^^^^^^^^^^^^^^^^^^^^^^^^^^
[platform] > 20 |   deleteTrainingLesson,
[platform]      | ^^^^^^^^^^^^^^^^^^^^^^^
[platform] > 21 |   deleteTrainingSection,
[platform]      | ^^^^^^^^^^^^^^^^^^^^^^^^
[platform] > 22 |   exportLiveSessionAttendance,
[platform]      | ^^^^^^^^^^^^^^^^^^^^^^^^^^^^^^
[platform] > 23 |   getLiveSessionAttendance,
[platform]      | ^^^^^^^^^^^^^^^^^^^^^^^^^^^
[platform] > 24 |   getTrainingContent,
[platform]      | ^^^^^^^^^^^^^^^^^^^^^
[platform] > 25 |   getTrainingProgress,
[platform]      | ^^^^^^^^^^^^^^^^^^^^^^
[platform] > 26 |   getTrainingSections,
[platform]      | ^^^^^^^^^^^^^^^^^^^^^^
[platform] > 27 |   listTrainingAnnouncements,
[platform]      | ^^^^^^^^^^^^^^^^^^^^^^^^^^^^
[platform] > 28 |   listTrainingAssignments,
[platform]      | ^^^^^^^^^^^^^^^^^^^^^^^^^^
[platform] > 29 |   listTrainingAssessments,
[platform]      | ^^^^^^^^^^^^^^^^^^^^^^^^^^
[platform] > 30 |   listTrainingDiscussions,
[platform]      | ^^^^^^^^^^^^^^^^^^^^^^^^^^
[platform] > 31 |   enrolInTraining,
[platform]      | ^^^^^^^^^^^^^^^^^^
[platform] > 32 |   listTrainingEnrolments,
[platform]      | ^^^^^^^^^^^^^^^^^^^^^^^^^
[platform] > 33 |   listTrainingLiveSessions,
[platform]      | ^^^^^^^^^^^^^^^^^^^^^^^^^^^
[platform] > 34 |   listTrainingOrders,
[platform]      | ^^^^^^^^^^^^^^^^^^^^^
[platform] > 35 |   markLiveSessionAttendance,
[platform]      | ^^^^^^^^^^^^^^^^^^^^^^^^^^^^
[platform] > 36 |   refundTrainingOrder,
[platform]      | ^^^^^^^^^^^^^^^^^^^^^^
[platform] > 37 |   patchTrainingOrderStatus,
[platform]      | ^^^^^^^^^^^^^^^^^^^^^^^^^^^
[platform] > 38 |   TrainingsApiError,
[platform]      | ^^^^^^^^^^^^^^^^^^^^
[platform] > 39 |   type CreateLiveSessionPayload,
[platform]      | ^^^^^^^^^^^^^^^^^^^^^^^^^^^^^^^^
[platform] > 40 |   type CreateTrainingSectionPayload,
[platform]      | ^^^^^^^^^^^^^^^^^^^^^^^^^^^^^^^^^^^^
[platform] > 41 | } from "./trainings.service";
[platform]      | ^^^^^^^^^^^^^^^^^^^^^^^^^^^^^
[platform]   42 | import { formatTrainingDate, humanizeLabel } from "./detail-formatters";
[platform]   43 |
[platform]   44 | function SectionCard({ title, children, action }: { title: string; children: React.ReactNo...
[platform] 
[platform] The export deleteTrainingAssignment was not found in module [project]/packages/features/enterprise-trainings/src/trainings.service.ts [app-client] (ecmascript).
[platform] Did you mean to import deleteTrainingAssessment?
[platform] All exports of the module are statically known (It doesn't have dynamic exports). So it's known statically that the requested export doesn't exist.
[platform] 
[platform] Import traces:
[platform]   Client Component Browser:
[platform]     ./packages/features/enterprise-trainings/src/TrainingDetailsSections.tsx [Client Component Browser]
[platform]     ./packages/features/enterprise-trainings/src/TrainingDetailsScreen.tsx [Client Component Browser]
[platform]     ./packages/features/enterprise-trainings/src/index.ts [Client Component Browser]
[platform]     ./packages/features/platform-marketplace-static/src/PlatformProgramsScreen.tsx [Client Component Browser]
[platform]     ./packages/features/platform-marketplace-static/src/PlatformProgramsScreen.tsx [Server Component]
[platform]     ./packages/features/platform-marketplace-static/src/index.ts [Server Component]
[platform]     ./apps/platform-admin/src/app/trainings/page.tsx [Server Component]
[platform] 
[platform]   Client Component SSR:
[platform]     ./packages/features/enterprise-trainings/src/TrainingDetailsSections.tsx [Client Component SSR]
[platform]     ./packages/features/enterprise-trainings/src/TrainingDetailsScreen.tsx [Client Component SSR]
[platform]     ./packages/features/enterprise-trainings/src/index.ts [Client Component SSR]
[platform]     ./packages/features/platform-marketplace-static/src/PlatformProgramsScreen.tsx [Client Component SSR]
[platform]     ./packages/features/platform-marketplace-static/src/PlatformProgramsScreen.tsx [Server Component]
[platform]     ./packages/features/platform-marketplace-static/src/index.ts [Server Component]
[platform]     ./apps/platform-admin/src/app/trainings/page.tsx [Server Component] 
[platform] [browser] ./packages/features/enterprise-trainings/src/TrainingDetailsSections.tsx:5:1
[platform] Export deleteTrainingAssignment doesn't exist in target module
[platform]    3 | import { useState } from "react";
[platform]    4 | import { useMutation, useQuery, useQueryClient } from "@tanstack/react-query";
[platform] >  5 | import {
[platform]      | ^^^^^^^
[platform] >  6 |   addAssessmentQuestions,
[platform]      | ^^^^^^^^^^^^^^^^^^^^^^^^^
[platform] >  7 |   approveTrainingEnrolment,
[platform]      | ^^^^^^^^^^^^^^^^^^^^^^^^^^^
[platform] >  8 |   cancelTrainingEnrolment,
[platform]      | ^^^^^^^^^^^^^^^^^^^^^^^^^^
[platform] >  9 |   completeTrainingLesson,
[platform]      | ^^^^^^^^^^^^^^^^^^^^^^^^^
[platform] > 10 |   createDiscussionReply,
[platform]      | ^^^^^^^^^^^^^^^^^^^^^^^^
[platform] > 11 |   createTrainingAnnouncement,
[platform]      | ^^^^^^^^^^^^^^^^^^^^^^^^^^^^^
[platform] > 12 |   createTrainingAssignment,
[platform]      | ^^^^^^^^^^^^^^^^^^^^^^^^^^^
[platform] > 13 |   createTrainingAssessment,
[platform]      | ^^^^^^^^^^^^^^^^^^^^^^^^^^^
[platform] > 14 |   createTrainingDiscussion,
[platform]      | ^^^^^^^^^^^^^^^^^^^^^^^^^^^
[platform] > 15 |   createTrainingLesson,
[platform]      | ^^^^^^^^^^^^^^^^^^^^^^^
[platform] > 16 |   createTrainingLiveSession,
[platform]      | ^^^^^^^^^^^^^^^^^^^^^^^^^^^^
[platform] > 17 |   createTrainingSection,
[platform]      | ^^^^^^^^^^^^^^^^^^^^^^^^
[platform] > 18 |   deleteTrainingAssessment,
[platform]      | ^^^^^^^^^^^^^^^^^^^^^^^^^^^
[platform] > 19 |   deleteTrainingAssignment,
[platform]      | ^^^^^^^^^^^^^^^^^^^^^^^^^^^
[platform] > 20 |   deleteTrainingLesson,
[platform]      | ^^^^^^^^^^^^^^^^^^^^^^^
[platform] > 21 |   deleteTrainingSection,
[platform]      | ^^^^^^^^^^^^^^^^^^^^^^^^
[platform] > 22 |   exportLiveSessionAttendance,
[platform]      | ^^^^^^^^^^^^^^^^^^^^^^^^^^^^^^
[platform] > 23 |   getLiveSessionAttendance,
[platform]      | ^^^^^^^^^^^^^^^^^^^^^^^^^^^
[platform] > 24 |   getTrainingContent,
[platform]      | ^^^^^^^^^^^^^^^^^^^^^
[platform] > 25 |   getTrainingProgress,
[platform]      | ^^^^^^^^^^^^^^^^^^^^^^
[platform] > 26 |   getTrainingSections,
[platform]      | ^^^^^^^^^^^^^^^^^^^^^^
[platform] > 27 |   listTrainingAnnouncements,
[platform]      | ^^^^^^^^^^^^^^^^^^^^^^^^^^^^
[platform] > 28 |   listTrainingAssignments,
[platform]      | ^^^^^^^^^^^^^^^^^^^^^^^^^^
[platform] > 29 |   listTrainingAssessments,
[platform]      | ^^^^^^^^^^^^^^^^^^^^^^^^^^
[platform] > 30 |   listTrainingDiscussions,
[platform]      | ^^^^^^^^^^^^^^^^^^^^^^^^^^
[platform] > 31 |   enrolInTraining,
[platform]      | ^^^^^^^^^^^^^^^^^^
[platform] > 32 |   listTrainingEnrolments,
[platform]      | ^^^^^^^^^^^^^^^^^^^^^^^^^
[platform] > 33 |   listTrainingLiveSessions,
[platform]      | ^^^^^^^^^^^^^^^^^^^^^^^^^^^
[platform] > 34 |   listTrainingOrders,
[platform]      | ^^^^^^^^^^^^^^^^^^^^^
[platform] > 35 |   markLiveSessionAttendance,
[platform]      | ^^^^^^^^^^^^^^^^^^^^^^^^^^^^
[platform] > 36 |   refundTrainingOrder,
[platform]      | ^^^^^^^^^^^^^^^^^^^^^^
[platform] > 37 |   patchTrainingOrderStatus,
[platform]      | ^^^^^^^^^^^^^^^^^^^^^^^^^^^
[platform] > 38 |   TrainingsApiError,
[platform]      | ^^^^^^^^^^^^^^^^^^^^
[platform] > 39 |   type CreateLiveSessionPayload,
[platform]      | ^^^^^^^^^^^^^^^^^^^^^^^^^^^^^^^^
[platform] > 40 |   type CreateTrainingSectionPayload,
[platform]      | ^^^^^^^^^^^^^^^^^^^^^^^^^^^^^^^^^^^^
[platform] > 41 | } from "./trainings.service";
[platform]      | ^^^^^^^^^^^^^^^^^^^^^^^^^^^^^
[platform]   42 | import { formatTrainingDate, humanizeLabel } from "./detail-formatters";
[platform]   43 |
[platform]   44 | function SectionCard({ title, children, action }: { title: string; children: React.ReactNo...
[platform] 
[platform] The export deleteTrainingAssignment was not found in module [project]/packages/features/enterprise-trainings/src/trainings.service.ts [app-ssr] (ecmascript).
[platform] Did you mean to import deleteTrainingAssessment?
[platform] All exports of the module are statically known (It doesn't have dynamic exports). So it's known statically that the requested export doesn't exist.
[platform] 
[platform] Import traces:
[platform]   Client Component Browser:
[platform]     ./packages/features/enterprise-trainings/src/TrainingDetailsSections.tsx [Client Component Browser]
[platform]     ./packages/features/enterprise-trainings/src/TrainingDetailsScreen.tsx [Client Component Browser]
[platform]     ./packages/features/enterprise-trainings/src/index.ts [Client Component Browser]
[platform]     ./packages/features/platform-marketplace-static/src/PlatformProgramsScreen.tsx [Client Component Browser]
[platform]     ./packages/features/platform-marketplace-static/src/PlatformProgramsScreen.tsx [Server Component]
[platform]     ./packages/features/platform-marketplace-static/src/index.ts [Server Component]
[platform]     ./apps/platform-admin/src/app/trainings/page.tsx [Server Component]
[platform] 
[platform]   Client Component SSR:
[platform]     ./packages/features/enterprise-trainings/src/TrainingDetailsSections.tsx [Client Component SSR]
[platform]     ./packages/features/enterprise-trainings/src/TrainingDetailsScreen.tsx [Client Component SSR]
[platform]     ./packages/features/enterprise-trainings/src/index.ts [Client Component SSR]
[platform]     ./packages/features/platform-marketplace-static/src/PlatformProgramsScreen.tsx [Client Component SSR]
[platform]     ./packages/features/platform-marketplace-static/src/PlatformProgramsScreen.tsx [Server Component]
[platform]     ./packages/features/platform-marketplace-static/src/index.ts [Server Component]
[platform]     ./apps/platform-admin/src/app/trainings/page.tsx [Server Component] 
[platform] [browser] ./packages/features/enterprise-trainings/src/TrainingDetailsSections.tsx:5:1
[platform] Export deleteTrainingAssignment doesn't exist in target module
[platform]    3 | import { useState } from "react";
[platform]    4 | import { useMutation, useQuery, useQueryClient } from "@tanstack/react-query";
[platform] >  5 | import {
[platform]      | ^^^^^^^
[platform] >  6 |   addAssessmentQuestions,
[platform]      | ^^^^^^^^^^^^^^^^^^^^^^^^^
[platform] >  7 |   approveTrainingEnrolment,
[platform]      | ^^^^^^^^^^^^^^^^^^^^^^^^^^^
[platform] >  8 |   cancelTrainingEnrolment,
[platform]      | ^^^^^^^^^^^^^^^^^^^^^^^^^^
[platform] >  9 |   completeTrainingLesson,
[platform]      | ^^^^^^^^^^^^^^^^^^^^^^^^^
[platform] > 10 |   createDiscussionReply,
[platform]      | ^^^^^^^^^^^^^^^^^^^^^^^^
[platform] > 11 |   createTrainingAnnouncement,
[platform]      | ^^^^^^^^^^^^^^^^^^^^^^^^^^^^^
[platform] > 12 |   createTrainingAssignment,
[platform]      | ^^^^^^^^^^^^^^^^^^^^^^^^^^^
[platform] > 13 |   createTrainingAssessment,
[platform]      | ^^^^^^^^^^^^^^^^^^^^^^^^^^^
[platform] > 14 |   createTrainingDiscussion,
[platform]      | ^^^^^^^^^^^^^^^^^^^^^^^^^^^
[platform] > 15 |   createTrainingLesson,
[platform]      | ^^^^^^^^^^^^^^^^^^^^^^^
[platform] > 16 |   createTrainingLiveSession,
[platform]      | ^^^^^^^^^^^^^^^^^^^^^^^^^^^^
[platform] > 17 |   createTrainingSection,
[platform]      | ^^^^^^^^^^^^^^^^^^^^^^^^
[platform] > 18 |   deleteTrainingAssessment,
[platform]      | ^^^^^^^^^^^^^^^^^^^^^^^^^^^
[platform] > 19 |   deleteTrainingAssignment,
[platform]      | ^^^^^^^^^^^^^^^^^^^^^^^^^^^
[platform] > 20 |   deleteTrainingLesson,
[platform]      | ^^^^^^^^^^^^^^^^^^^^^^^
[platform] > 21 |   deleteTrainingSection,
[platform]      | ^^^^^^^^^^^^^^^^^^^^^^^^
[platform] > 22 |   exportLiveSessionAttendance,
[platform]      | ^^^^^^^^^^^^^^^^^^^^^^^^^^^^^^
[platform] > 23 |   getLiveSessionAttendance,
[platform]      | ^^^^^^^^^^^^^^^^^^^^^^^^^^^
[platform] > 24 |   getTrainingContent,
[platform]      | ^^^^^^^^^^^^^^^^^^^^^
[platform] > 25 |   getTrainingProgress,
[platform]      | ^^^^^^^^^^^^^^^^^^^^^^
[platform] > 26 |   getTrainingSections,
[platform]      | ^^^^^^^^^^^^^^^^^^^^^^
[platform] > 27 |   listTrainingAnnouncements,
[platform]      | ^^^^^^^^^^^^^^^^^^^^^^^^^^^^
[platform] > 28 |   listTrainingAssignments,
[platform]      | ^^^^^^^^^^^^^^^^^^^^^^^^^^
[platform] > 29 |   listTrainingAssessments,
[platform]      | ^^^^^^^^^^^^^^^^^^^^^^^^^^
[platform] > 30 |   listTrainingDiscussions,
[platform]      | ^^^^^^^^^^^^^^^^^^^^^^^^^^
[platform] > 31 |   enrolInTraining,
[platform]      | ^^^^^^^^^^^^^^^^^^
[platform] > 32 |   listTrainingEnrolments,
[platform]      | ^^^^^^^^^^^^^^^^^^^^^^^^^
[platform] > 33 |   listTrainingLiveSessions,
[platform]      | ^^^^^^^^^^^^^^^^^^^^^^^^^^^
[platform] > 34 |   listTrainingOrders,
[platform]      | ^^^^^^^^^^^^^^^^^^^^^
[platform] > 35 |   markLiveSessionAttendance,
[platform]      | ^^^^^^^^^^^^^^^^^^^^^^^^^^^^
[platform] > 36 |   refundTrainingOrder,
[platform]      | ^^^^^^^^^^^^^^^^^^^^^^
[platform] > 37 |   patchTrainingOrderStatus,
[platform]      | ^^^^^^^^^^^^^^^^^^^^^^^^^^^
[platform] > 38 |   TrainingsApiError,
[platform]      | ^^^^^^^^^^^^^^^^^^^^
[platform] > 39 |   type CreateLiveSessionPayload,
[platform]      | ^^^^^^^^^^^^^^^^^^^^^^^^^^^^^^^^
[platform] > 40 |   type CreateTrainingSectionPayload,
[platform]      | ^^^^^^^^^^^^^^^^^^^^^^^^^^^^^^^^^^^^
[platform] > 41 | } from "./trainings.service";
[platform]      | ^^^^^^^^^^^^^^^^^^^^^^^^^^^^^
[platform]   42 | import { formatTrainingDate, humanizeLabel } from "./detail-formatters";
[platform]   43 |
[platform]   44 | function SectionCard({ title, children, action }: { title: string; children: React.ReactNo...
[platform] 
[platform] The export deleteTrainingAssignment was not found in module [project]/packages/features/enterprise-trainings/src/trainings.service.ts [app-client] (ecmascript).
[platform] Did you mean to import deleteTrainingAssessment?
[platform] All exports of the module are statically known (It doesn't have dynamic exports). So it's known statically that the requested export doesn't exist.
[platform] 
[platform] Import traces:
[platform]   Client Component Browser:
[platform]     ./packages/features/enterprise-trainings/src/TrainingDetailsSections.tsx [Client Component Browser]
[platform]     ./packages/features/enterprise-trainings/src/TrainingDetailsScreen.tsx [Client Component Browser]
[platform]     ./packages/features/enterprise-trainings/src/index.ts [Client Component Browser]
[platform]     ./packages/features/platform-marketplace-static/src/PlatformProgramsScreen.tsx [Client Component Browser]
[platform]     ./packages/features/platform-marketplace-static/src/PlatformProgramsScreen.tsx [Server Component]
[platform]     ./packages/features/platform-marketplace-static/src/index.ts [Server Component]
[platform]     ./apps/platform-admin/src/app/trainings/page.tsx [Server Component]
[platform] 
[platform]   Client Component SSR:
[platform]     ./packages/features/enterprise-trainings/src/TrainingDetailsSections.tsx [Client Component SSR]
[platform]     ./packages/features/enterprise-trainings/src/TrainingDetailsScreen.tsx [Client Component SSR]
[platform]     ./packages/features/enterprise-trainings/src/index.ts [Client Component SSR]
[platform]     ./packages/features/platform-marketplace-static/src/PlatformProgramsScreen.tsx [Client Component SSR]
[platform]     ./packages/features/platform-marketplace-static/src/PlatformProgramsScreen.tsx [Server Component]
[platform]     ./packages/features/platform-marketplace-static/src/index.ts [Server Component]
[platform]     ./apps/platform-admin/src/app/trainings/page.tsx [Server Component] 
[platform] [browser] ./packages/features/enterprise-trainings/src/TrainingDetailsSections.tsx:5:1
[platform] Export deleteTrainingAssignment doesn't exist in target module
[platform]    3 | import { useState } from "react";
[platform]    4 | import { useMutation, useQuery, useQueryClient } from "@tanstack/react-query";
[platform] >  5 | import {
[platform]      | ^^^^^^^
[platform] >  6 |   addAssessmentQuestions,
[platform]      | ^^^^^^^^^^^^^^^^^^^^^^^^^
[platform] >  7 |   approveTrainingEnrolment,
[platform]      | ^^^^^^^^^^^^^^^^^^^^^^^^^^^
[platform] >  8 |   cancelTrainingEnrolment,
[platform]      | ^^^^^^^^^^^^^^^^^^^^^^^^^^
[platform] >  9 |   completeTrainingLesson,
[platform]      | ^^^^^^^^^^^^^^^^^^^^^^^^^
[platform] > 10 |   createDiscussionReply,
[platform]      | ^^^^^^^^^^^^^^^^^^^^^^^^
[platform] > 11 |   createTrainingAnnouncement,
[platform]      | ^^^^^^^^^^^^^^^^^^^^^^^^^^^^^
[platform] > 12 |   createTrainingAssignment,
[platform]      | ^^^^^^^^^^^^^^^^^^^^^^^^^^^
[platform] > 13 |   createTrainingAssessment,
[platform]      | ^^^^^^^^^^^^^^^^^^^^^^^^^^^
[platform] > 14 |   createTrainingDiscussion,
[platform]      | ^^^^^^^^^^^^^^^^^^^^^^^^^^^
[platform] > 15 |   createTrainingLesson,
[platform]      | ^^^^^^^^^^^^^^^^^^^^^^^
[platform] > 16 |   createTrainingLiveSession,
[platform]      | ^^^^^^^^^^^^^^^^^^^^^^^^^^^^
[platform] > 17 |   createTrainingSection,
[platform]      | ^^^^^^^^^^^^^^^^^^^^^^^^
[platform] > 18 |   deleteTrainingAssessment,
[platform]      | ^^^^^^^^^^^^^^^^^^^^^^^^^^^
[platform] > 19 |   deleteTrainingAssignment,
[platform]      | ^^^^^^^^^^^^^^^^^^^^^^^^^^^
[platform] > 20 |   deleteTrainingLesson,
[platform]      | ^^^^^^^^^^^^^^^^^^^^^^^
[platform] > 21 |   deleteTrainingSection,
[platform]      | ^^^^^^^^^^^^^^^^^^^^^^^^
[platform] > 22 |   exportLiveSessionAttendance,
[platform]      | ^^^^^^^^^^^^^^^^^^^^^^^^^^^^^^
[platform] > 23 |   getLiveSessionAttendance,
[platform]      | ^^^^^^^^^^^^^^^^^^^^^^^^^^^
[platform] > 24 |   getTrainingContent,
[platform]      | ^^^^^^^^^^^^^^^^^^^^^
[platform] > 25 |   getTrainingProgress,
[platform]      | ^^^^^^^^^^^^^^^^^^^^^^
[platform] > 26 |   getTrainingSections,
[platform]      | ^^^^^^^^^^^^^^^^^^^^^^
[platform] > 27 |   listTrainingAnnouncements,
[platform]      | ^^^^^^^^^^^^^^^^^^^^^^^^^^^^
[platform] > 28 |   listTrainingAssignments,
[platform]      | ^^^^^^^^^^^^^^^^^^^^^^^^^^
[platform] > 29 |   listTrainingAssessments,
[platform]      | ^^^^^^^^^^^^^^^^^^^^^^^^^^
[platform] > 30 |   listTrainingDiscussions,
[platform]      | ^^^^^^^^^^^^^^^^^^^^^^^^^^
[platform] > 31 |   enrolInTraining,
[platform]      | ^^^^^^^^^^^^^^^^^^
[platform] > 32 |   listTrainingEnrolments,
[platform]      | ^^^^^^^^^^^^^^^^^^^^^^^^^
[platform] > 33 |   listTrainingLiveSessions,
[platform]      | ^^^^^^^^^^^^^^^^^^^^^^^^^^^
[platform] > 34 |   listTrainingOrders,
[platform]      | ^^^^^^^^^^^^^^^^^^^^^
[platform] > 35 |   markLiveSessionAttendance,
[platform]      | ^^^^^^^^^^^^^^^^^^^^^^^^^^^^
[platform] > 36 |   refundTrainingOrder,
[platform]      | ^^^^^^^^^^^^^^^^^^^^^^
[platform] > 37 |   patchTrainingOrderStatus,
[platform]      | ^^^^^^^^^^^^^^^^^^^^^^^^^^^
[platform] > 38 |   TrainingsApiError,
[platform]      | ^^^^^^^^^^^^^^^^^^^^
[platform] > 39 |   type CreateLiveSessionPayload,
[platform]      | ^^^^^^^^^^^^^^^^^^^^^^^^^^^^^^^^
[platform] > 40 |   type CreateTrainingSectionPayload,
[platform]      | ^^^^^^^^^^^^^^^^^^^^^^^^^^^^^^^^^^^^
[platform] > 41 | } from "./trainings.service";
[platform]      | ^^^^^^^^^^^^^^^^^^^^^^^^^^^^^
[platform]   42 | import { formatTrainingDate, humanizeLabel } from "./detail-formatters";
[platform]   43 |
[platform]   44 | function SectionCard({ title, children, action }: { title: string; children: React.ReactNo...
[platform] 
[platform] The export deleteTrainingAssignment was not found in module [project]/packages/features/enterprise-trainings/src/trainings.service.ts [app-ssr] (ecmascript).
[platform] Did you mean to import deleteTrainingAssessment?
[platform] All exports of the module are statically known (It doesn't have dynamic exports). So it's known statically that the requested export doesn't exist.
[platform] 
[platform] Import traces:
[platform]   Client Component Browser:
[platform]     ./packages/features/enterprise-trainings/src/TrainingDetailsSections.tsx [Client Component Browser]
[platform]     ./packages/features/enterprise-trainings/src/TrainingDetailsScreen.tsx [Client Component Browser]
[platform]     ./packages/features/enterprise-trainings/src/index.ts [Client Component Browser]
[platform]     ./packages/features/platform-marketplace-static/src/PlatformProgramsScreen.tsx [Client Component Browser]
[platform]     ./packages/features/platform-marketplace-static/src/PlatformProgramsScreen.tsx [Server Component]
[platform]     ./packages/features/platform-marketplace-static/src/index.ts [Server Component]
[platform]     ./apps/platform-admin/src/app/trainings/page.tsx [Server Component]
[platform] 
[platform]   Client Component SSR:
[platform]     ./packages/features/enterprise-trainings/src/TrainingDetailsSections.tsx [Client Component SSR]
[platform]     ./packages/features/enterprise-trainings/src/TrainingDetailsScreen.tsx [Client Component SSR]
[platform]     ./packages/features/enterprise-trainings/src/index.ts [Client Component SSR]
[platform]     ./packages/features/platform-marketplace-static/src/PlatformProgramsScreen.tsx [Client Component SSR]
[platform]     ./packages/features/platform-marketplace-static/src/PlatformProgramsScreen.tsx [Server Component]
[platform]     ./packages/features/platform-marketplace-static/src/index.ts [Server Component]
[platform]     ./apps/platform-admin/src/app/trainings/page.tsx [Server Component] 
[platform] [browser] ./packages/features/enterprise-trainings/src/TrainingDetailsSections.tsx:5:1
[platform] Export deleteTrainingAssignment doesn't exist in target module
[platform]    3 | import { useState } from "react";
[platform]    4 | import { useMutation, useQuery, useQueryClient } from "@tanstack/react-query";
[platform] >  5 | import {
[platform]      | ^^^^^^^
[platform] >  6 |   addAssessmentQuestions,
[platform]      | ^^^^^^^^^^^^^^^^^^^^^^^^^
[platform] >  7 |   approveTrainingEnrolment,
[platform]      | ^^^^^^^^^^^^^^^^^^^^^^^^^^^
[platform] >  8 |   cancelTrainingEnrolment,
[platform]      | ^^^^^^^^^^^^^^^^^^^^^^^^^^
[platform] >  9 |   completeTrainingLesson,
[platform]      | ^^^^^^^^^^^^^^^^^^^^^^^^^
[platform] > 10 |   createDiscussionReply,
[platform]      | ^^^^^^^^^^^^^^^^^^^^^^^^
[platform] > 11 |   createTrainingAnnouncement,
[platform]      | ^^^^^^^^^^^^^^^^^^^^^^^^^^^^^
[platform] > 12 |   createTrainingAssignment,
[platform]      | ^^^^^^^^^^^^^^^^^^^^^^^^^^^
[platform] > 13 |   createTrainingAssessment,
[platform]      | ^^^^^^^^^^^^^^^^^^^^^^^^^^^
[platform] > 14 |   createTrainingDiscussion,
[platform]      | ^^^^^^^^^^^^^^^^^^^^^^^^^^^
[platform] > 15 |   createTrainingLesson,
[platform]      | ^^^^^^^^^^^^^^^^^^^^^^^
[platform] > 16 |   createTrainingLiveSession,
[platform]      | ^^^^^^^^^^^^^^^^^^^^^^^^^^^^
[platform] > 17 |   createTrainingSection,
[platform]      | ^^^^^^^^^^^^^^^^^^^^^^^^
[platform] > 18 |   deleteTrainingAssessment,
[platform]      | ^^^^^^^^^^^^^^^^^^^^^^^^^^^
[platform] > 19 |   deleteTrainingAssignment,
[platform]      | ^^^^^^^^^^^^^^^^^^^^^^^^^^^
[platform] > 20 |   deleteTrainingLesson,
[platform]      | ^^^^^^^^^^^^^^^^^^^^^^^
[platform] > 21 |   deleteTrainingSection,
[platform]      | ^^^^^^^^^^^^^^^^^^^^^^^^
[platform] > 22 |   exportLiveSessionAttendance,
[platform]      | ^^^^^^^^^^^^^^^^^^^^^^^^^^^^^^
[platform] > 23 |   getLiveSessionAttendance,
[platform]      | ^^^^^^^^^^^^^^^^^^^^^^^^^^^
[platform] > 24 |   getTrainingContent,
[platform]      | ^^^^^^^^^^^^^^^^^^^^^
[platform] > 25 |   getTrainingProgress,
[platform]      | ^^^^^^^^^^^^^^^^^^^^^^
[platform] > 26 |   getTrainingSections,
[platform]      | ^^^^^^^^^^^^^^^^^^^^^^
[platform] > 27 |   listTrainingAnnouncements,
[platform]      | ^^^^^^^^^^^^^^^^^^^^^^^^^^^^
[platform] > 28 |   listTrainingAssignments,
[platform]      | ^^^^^^^^^^^^^^^^^^^^^^^^^^
[platform] > 29 |   listTrainingAssessments,
[platform]      | ^^^^^^^^^^^^^^^^^^^^^^^^^^
[platform] > 30 |   listTrainingDiscussions,
[platform]      | ^^^^^^^^^^^^^^^^^^^^^^^^^^
[platform] > 31 |   enrolInTraining,
[platform]      | ^^^^^^^^^^^^^^^^^^
[platform] > 32 |   listTrainingEnrolments,
[platform]      | ^^^^^^^^^^^^^^^^^^^^^^^^^
[platform] > 33 |   listTrainingLiveSessions,
[platform]      | ^^^^^^^^^^^^^^^^^^^^^^^^^^^
[platform] > 34 |   listTrainingOrders,
[platform]      | ^^^^^^^^^^^^^^^^^^^^^
[platform] > 35 |   markLiveSessionAttendance,
[platform]      | ^^^^^^^^^^^^^^^^^^^^^^^^^^^^
[platform] > 36 |   refundTrainingOrder,
[platform]      | ^^^^^^^^^^^^^^^^^^^^^^
[platform] > 37 |   patchTrainingOrderStatus,
[platform]      | ^^^^^^^^^^^^^^^^^^^^^^^^^^^
[platform] > 38 |   TrainingsApiError,
[platform]      | ^^^^^^^^^^^^^^^^^^^^
[platform] > 39 |   type CreateLiveSessionPayload,
[platform]      | ^^^^^^^^^^^^^^^^^^^^^^^^^^^^^^^^
[platform] > 40 |   type CreateTrainingSectionPayload,
[platform]      | ^^^^^^^^^^^^^^^^^^^^^^^^^^^^^^^^^^^^
[platform] > 41 | } from "./trainings.service";
[platform]      | ^^^^^^^^^^^^^^^^^^^^^^^^^^^^^
[platform]   42 | import { formatTrainingDate, humanizeLabel } from "./detail-formatters";
[platform]   43 |
[platform]   44 | function SectionCard({ title, children, action }: { title: string; children: React.ReactNo...
[platform] 
[platform] The export deleteTrainingAssignment was not found in module [project]/packages/features/enterprise-trainings/src/trainings.service.ts [app-client] (ecmascript).
[platform] Did you mean to import deleteTrainingAssessment?
[platform] All exports of the module are statically known (It doesn't have dynamic exports). So it's known statically that the requested export doesn't exist.
[platform] 
[platform] Import traces:
[platform]   Client Component Browser:
[platform]     ./packages/features/enterprise-trainings/src/TrainingDetailsSections.tsx [Client Component Browser]
[platform]     ./packages/features/enterprise-trainings/src/TrainingDetailsScreen.tsx [Client Component Browser]
[platform]     ./packages/features/enterprise-trainings/src/index.ts [Client Component Browser]
[platform]     ./packages/features/platform-marketplace-static/src/PlatformProgramsScreen.tsx [Client Component Browser]
[platform]     ./packages/features/platform-marketplace-static/src/PlatformProgramsScreen.tsx [Server Component]
[platform]     ./packages/features/platform-marketplace-static/src/index.ts [Server Component]
[platform]     ./apps/platform-admin/src/app/trainings/page.tsx [Server Component]
[platform] 
[platform]   Client Component SSR:
[platform]     ./packages/features/enterprise-trainings/src/TrainingDetailsSections.tsx [Client Component SSR]
[platform]     ./packages/features/enterprise-trainings/src/TrainingDetailsScreen.tsx [Client Component SSR]
[platform]     ./packages/features/enterprise-trainings/src/index.ts [Client Component SSR]
[platform]     ./packages/features/platform-marketplace-static/src/PlatformProgramsScreen.tsx [Client Component SSR]
[platform]     ./packages/features/platform-marketplace-static/src/PlatformProgramsScreen.tsx [Server Component]
[platform]     ./packages/features/platform-marketplace-static/src/index.ts [Server Component]
[platform]     ./apps/platform-admin/src/app/trainings/page.tsx [Server Component] 
[platform] [browser] ./packages/features/enterprise-trainings/src/TrainingDetailsSections.tsx:5:1
[platform] Export deleteTrainingAssignment doesn't exist in target module
[platform]    3 | import { useState } from "react";
[platform]    4 | import { useMutation, useQuery, useQueryClient } from "@tanstack/react-query";
[platform] >  5 | import {
[platform]      | ^^^^^^^
[platform] >  6 |   addAssessmentQuestions,
[platform]      | ^^^^^^^^^^^^^^^^^^^^^^^^^
[platform] >  7 |   approveTrainingEnrolment,
[platform]      | ^^^^^^^^^^^^^^^^^^^^^^^^^^^
[platform] >  8 |   cancelTrainingEnrolment,
[platform]      | ^^^^^^^^^^^^^^^^^^^^^^^^^^
[platform] >  9 |   completeTrainingLesson,
[platform]      | ^^^^^^^^^^^^^^^^^^^^^^^^^
[platform] > 10 |   createDiscussionReply,
[platform]      | ^^^^^^^^^^^^^^^^^^^^^^^^
[platform] > 11 |   createTrainingAnnouncement,
[platform]      | ^^^^^^^^^^^^^^^^^^^^^^^^^^^^^
[platform] > 12 |   createTrainingAssignment,
[platform]      | ^^^^^^^^^^^^^^^^^^^^^^^^^^^
[platform] > 13 |   createTrainingAssessment,
[platform]      | ^^^^^^^^^^^^^^^^^^^^^^^^^^^
[platform] > 14 |   createTrainingDiscussion,
[platform]      | ^^^^^^^^^^^^^^^^^^^^^^^^^^^
[platform] > 15 |   createTrainingLesson,
[platform]      | ^^^^^^^^^^^^^^^^^^^^^^^
[platform] > 16 |   createTrainingLiveSession,
[platform]      | ^^^^^^^^^^^^^^^^^^^^^^^^^^^^
[platform] > 17 |   createTrainingSection,
[platform]      | ^^^^^^^^^^^^^^^^^^^^^^^^
[platform] > 18 |   deleteTrainingAssessment,
[platform]      | ^^^^^^^^^^^^^^^^^^^^^^^^^^^
[platform] > 19 |   deleteTrainingAssignment,
[platform]      | ^^^^^^^^^^^^^^^^^^^^^^^^^^^
[platform] > 20 |   deleteTrainingLesson,
[platform]      | ^^^^^^^^^^^^^^^^^^^^^^^
[platform] > 21 |   deleteTrainingSection,
[platform]      | ^^^^^^^^^^^^^^^^^^^^^^^^
[platform] > 22 |   exportLiveSessionAttendance,
[platform]      | ^^^^^^^^^^^^^^^^^^^^^^^^^^^^^^
[platform] > 23 |   getLiveSessionAttendance,
[platform]      | ^^^^^^^^^^^^^^^^^^^^^^^^^^^
[platform] > 24 |   getTrainingContent,
[platform]      | ^^^^^^^^^^^^^^^^^^^^^
[platform] > 25 |   getTrainingProgress,
[platform]      | ^^^^^^^^^^^^^^^^^^^^^^
[platform] > 26 |   getTrainingSections,
[platform]      | ^^^^^^^^^^^^^^^^^^^^^^
[platform] > 27 |   listTrainingAnnouncements,
[platform]      | ^^^^^^^^^^^^^^^^^^^^^^^^^^^^
[platform] > 28 |   listTrainingAssignments,
[platform]      | ^^^^^^^^^^^^^^^^^^^^^^^^^^
[platform] > 29 |   listTrainingAssessments,
[platform]      | ^^^^^^^^^^^^^^^^^^^^^^^^^^
[platform] > 30 |   listTrainingDiscussions,
[platform]      | ^^^^^^^^^^^^^^^^^^^^^^^^^^
[platform] > 31 |   enrolInTraining,
[platform]      | ^^^^^^^^^^^^^^^^^^
[platform] > 32 |   listTrainingEnrolments,
[platform]      | ^^^^^^^^^^^^^^^^^^^^^^^^^
[platform] > 33 |   listTrainingLiveSessions,
[platform]      | ^^^^^^^^^^^^^^^^^^^^^^^^^^^
[platform] > 34 |   listTrainingOrders,
[platform]      | ^^^^^^^^^^^^^^^^^^^^^
[platform] > 35 |   markLiveSessionAttendance,
[platform]      | ^^^^^^^^^^^^^^^^^^^^^^^^^^^^
[platform] > 36 |   refundTrainingOrder,
[platform]      | ^^^^^^^^^^^^^^^^^^^^^^
[platform] > 37 |   patchTrainingOrderStatus,
[platform]      | ^^^^^^^^^^^^^^^^^^^^^^^^^^^
[platform] > 38 |   TrainingsApiError,
[platform]      | ^^^^^^^^^^^^^^^^^^^^
[platform] > 39 |   type CreateLiveSessionPayload,
[platform]      | ^^^^^^^^^^^^^^^^^^^^^^^^^^^^^^^^
[platform] > 40 |   type CreateTrainingSectionPayload,
[platform]      | ^^^^^^^^^^^^^^^^^^^^^^^^^^^^^^^^^^^^
[platform] > 41 | } from "./trainings.service";
[platform]      | ^^^^^^^^^^^^^^^^^^^^^^^^^^^^^
[platform]   42 | import { formatTrainingDate, humanizeLabel } from "./detail-formatters";
[platform]   43 |
[platform]   44 | function SectionCard({ title, children, action }: { title: string; children: React.ReactNo...
[platform] 
[platform] The export deleteTrainingAssignment was not found in module [project]/packages/features/enterprise-trainings/src/trainings.service.ts [app-ssr] (ecmascript).
[platform] Did you mean to import deleteTrainingAssessment?
[platform] All exports of the module are statically known (It doesn't have dynamic exports). So it's known statically that the requested export doesn't exist.
[platform] 
[platform] Import traces:
[platform]   Client Component Browser:
[platform]     ./packages/features/enterprise-trainings/src/TrainingDetailsSections.tsx [Client Component Browser]
[platform]     ./packages/features/enterprise-trainings/src/TrainingDetailsScreen.tsx [Client Component Browser]
[platform]     ./packages/features/enterprise-trainings/src/index.ts [Client Component Browser]
[platform]     ./packages/features/platform-marketplace-static/src/PlatformProgramsScreen.tsx [Client Component Browser]
[platform]     ./packages/features/platform-marketplace-static/src/PlatformProgramsScreen.tsx [Server Component]
[platform]     ./packages/features/platform-marketplace-static/src/index.ts [Server Component]
[platform]     ./apps/platform-admin/src/app/trainings/page.tsx [Server Component]
[platform] 
[platform]   Client Component SSR:
[platform]     ./packages/features/enterprise-trainings/src/TrainingDetailsSections.tsx [Client Component SSR]
[platform]     ./packages/features/enterprise-trainings/src/TrainingDetailsScreen.tsx [Client Component SSR]
[platform]     ./packages/features/enterprise-trainings/src/index.ts [Client Component SSR]
[platform]     ./packages/features/platform-marketplace-static/src/PlatformProgramsScreen.tsx [Client Component SSR]
[platform]     ./packages/features/platform-marketplace-static/src/PlatformProgramsScreen.tsx [Server Component]
[platform]     ./packages/features/platform-marketplace-static/src/index.ts [Server Component]
[platform]     ./apps/platform-admin/src/app/trainings/page.tsx [Server Component] 
[platform] [browser] ./packages/features/enterprise-trainings/src/TrainingDetailsSections.tsx:5:1
[platform] Export deleteTrainingAssignment doesn't exist in target module
[platform]    3 | import { useState } from "react";
[platform]    4 | import { useMutation, useQuery, useQueryClient } from "@tanstack/react-query";
[platform] >  5 | import {
[platform]      | ^^^^^^^
[platform] >  6 |   addAssessmentQuestions,
[platform]      | ^^^^^^^^^^^^^^^^^^^^^^^^^
[platform] >  7 |   approveTrainingEnrolment,
[platform]      | ^^^^^^^^^^^^^^^^^^^^^^^^^^^
[platform] >  8 |   cancelTrainingEnrolment,
[platform]      | ^^^^^^^^^^^^^^^^^^^^^^^^^^
[platform] >  9 |   completeTrainingLesson,
[platform]      | ^^^^^^^^^^^^^^^^^^^^^^^^^
[platform] > 10 |   createDiscussionReply,
[platform]      | ^^^^^^^^^^^^^^^^^^^^^^^^
[platform] > 11 |   createTrainingAnnouncement,
[platform]      | ^^^^^^^^^^^^^^^^^^^^^^^^^^^^^
[platform] > 12 |   createTrainingAssignment,
[platform]      | ^^^^^^^^^^^^^^^^^^^^^^^^^^^
[platform] > 13 |   createTrainingAssessment,
[platform]      | ^^^^^^^^^^^^^^^^^^^^^^^^^^^
[platform] > 14 |   createTrainingDiscussion,
[platform]      | ^^^^^^^^^^^^^^^^^^^^^^^^^^^
[platform] > 15 |   createTrainingLesson,
[platform]      | ^^^^^^^^^^^^^^^^^^^^^^^
[platform] > 16 |   createTrainingLiveSession,
[platform]      | ^^^^^^^^^^^^^^^^^^^^^^^^^^^^
[platform] > 17 |   createTrainingSection,
[platform]      | ^^^^^^^^^^^^^^^^^^^^^^^^
[platform] > 18 |   deleteTrainingAssessment,
[platform]      | ^^^^^^^^^^^^^^^^^^^^^^^^^^^
[platform] > 19 |   deleteTrainingAssignment,
[platform]      | ^^^^^^^^^^^^^^^^^^^^^^^^^^^
[platform] > 20 |   deleteTrainingLesson,
[platform]      | ^^^^^^^^^^^^^^^^^^^^^^^
[platform] > 21 |   deleteTrainingSection,
[platform]      | ^^^^^^^^^^^^^^^^^^^^^^^^
[platform] > 22 |   exportLiveSessionAttendance,
[platform]      | ^^^^^^^^^^^^^^^^^^^^^^^^^^^^^^
[platform] > 23 |   getLiveSessionAttendance,
[platform]      | ^^^^^^^^^^^^^^^^^^^^^^^^^^^
[platform] > 24 |   getTrainingContent,
[platform]      | ^^^^^^^^^^^^^^^^^^^^^
[platform] > 25 |   getTrainingProgress,
[platform]      | ^^^^^^^^^^^^^^^^^^^^^^
[platform] > 26 |   getTrainingSections,
[platform]      | ^^^^^^^^^^^^^^^^^^^^^^
[platform] > 27 |   listTrainingAnnouncements,
[platform]      | ^^^^^^^^^^^^^^^^^^^^^^^^^^^^
[platform] > 28 |   listTrainingAssignments,
[platform]      | ^^^^^^^^^^^^^^^^^^^^^^^^^^
[platform] > 29 |   listTrainingAssessments,
[platform]      | ^^^^^^^^^^^^^^^^^^^^^^^^^^
[platform] > 30 |   listTrainingDiscussions,
[platform]      | ^^^^^^^^^^^^^^^^^^^^^^^^^^
[platform] > 31 |   enrolInTraining,
[platform]      | ^^^^^^^^^^^^^^^^^^
[platform] > 32 |   listTrainingEnrolments,
[platform]      | ^^^^^^^^^^^^^^^^^^^^^^^^^
[platform] > 33 |   listTrainingLiveSessions,
[platform]      | ^^^^^^^^^^^^^^^^^^^^^^^^^^^
[platform] > 34 |   listTrainingOrders,
[platform]      | ^^^^^^^^^^^^^^^^^^^^^
[platform] > 35 |   markLiveSessionAttendance,
[platform]      | ^^^^^^^^^^^^^^^^^^^^^^^^^^^^
[platform] > 36 |   refundTrainingOrder,
[platform]      | ^^^^^^^^^^^^^^^^^^^^^^
[platform] > 37 |   patchTrainingOrderStatus,
[platform]      | ^^^^^^^^^^^^^^^^^^^^^^^^^^^
[platform] > 38 |   TrainingsApiError,
[platform]      | ^^^^^^^^^^^^^^^^^^^^
[platform] > 39 |   type CreateLiveSessionPayload,
[platform]      | ^^^^^^^^^^^^^^^^^^^^^^^^^^^^^^^^
[platform] > 40 |   type CreateTrainingSectionPayload,
[platform]      | ^^^^^^^^^^^^^^^^^^^^^^^^^^^^^^^^^^^^
[platform] > 41 | } from "./trainings.service";
[platform]      | ^^^^^^^^^^^^^^^^^^^^^^^^^^^^^
[platform]   42 | import { formatTrainingDate, humanizeLabel } from "./detail-formatters";
[platform]   43 |
[platform]   44 | function SectionCard({ title, children, action }: { title: string; children: React.ReactNo...
[platform] 
[platform] The export deleteTrainingAssignment was not found in module [project]/packages/features/enterprise-trainings/src/trainings.service.ts [app-client] (ecmascript).
[platform] Did you mean to import deleteTrainingAssessment?
[platform] All exports of the module are statically known (It doesn't have dynamic exports). So it's known statically that the requested export doesn't exist.
[platform] 
[platform] Import traces:
[platform]   Client Component Browser:
[platform]     ./packages/features/enterprise-trainings/src/TrainingDetailsSections.tsx [Client Component Browser]
[platform]     ./packages/features/enterprise-trainings/src/TrainingDetailsScreen.tsx [Client Component Browser]
[platform]     ./packages/features/enterprise-trainings/src/index.ts [Client Component Browser]
[platform]     ./packages/features/platform-marketplace-static/src/PlatformProgramsScreen.tsx [Client Component Browser]
[platform]     ./packages/features/platform-marketplace-static/src/PlatformProgramsScreen.tsx [Server Component]
[platform]     ./packages/features/platform-marketplace-static/src/index.ts [Server Component]
[platform]     ./apps/platform-admin/src/app/trainings/page.tsx [Server Component]
[platform] 
[platform]   Client Component SSR:
[platform]     ./packages/features/enterprise-trainings/src/TrainingDetailsSections.tsx [Client Component SSR]
[platform]     ./packages/features/enterprise-trainings/src/TrainingDetailsScreen.tsx [Client Component SSR]
[platform]     ./packages/features/enterprise-trainings/src/index.ts [Client Component SSR]
[platform]     ./packages/features/platform-marketplace-static/src/PlatformProgramsScreen.tsx [Client Component SSR]
[platform]     ./packages/features/platform-marketplace-static/src/PlatformProgramsScreen.tsx [Server Component]
[platform]     ./packages/features/platform-marketplace-static/src/index.ts [Server Component]
[platform]     ./apps/platform-admin/src/app/trainings/page.tsx [Server Component] 
[platform] [browser] ./packages/features/enterprise-trainings/src/TrainingDetailsSections.tsx:5:1
[platform] Export deleteTrainingAssignment doesn't exist in target module
[platform]    3 | import { useState } from "react";
[platform]    4 | import { useMutation, useQuery, useQueryClient } from "@tanstack/react-query";
[platform] >  5 | import {
[platform]      | ^^^^^^^
[platform] >  6 |   addAssessmentQuestions,
[platform]      | ^^^^^^^^^^^^^^^^^^^^^^^^^
[platform] >  7 |   approveTrainingEnrolment,
[platform]      | ^^^^^^^^^^^^^^^^^^^^^^^^^^^
[platform] >  8 |   cancelTrainingEnrolment,
[platform]      | ^^^^^^^^^^^^^^^^^^^^^^^^^^
[platform] >  9 |   completeTrainingLesson,
[platform]      | ^^^^^^^^^^^^^^^^^^^^^^^^^
[platform] > 10 |   createDiscussionReply,
[platform]      | ^^^^^^^^^^^^^^^^^^^^^^^^
[platform] > 11 |   createTrainingAnnouncement,
[platform]      | ^^^^^^^^^^^^^^^^^^^^^^^^^^^^^
[platform] > 12 |   createTrainingAssignment,
[platform]      | ^^^^^^^^^^^^^^^^^^^^^^^^^^^
[platform] > 13 |   createTrainingAssessment,
[platform]      | ^^^^^^^^^^^^^^^^^^^^^^^^^^^
[platform] > 14 |   createTrainingDiscussion,
[platform]      | ^^^^^^^^^^^^^^^^^^^^^^^^^^^
[platform] > 15 |   createTrainingLesson,
[platform]      | ^^^^^^^^^^^^^^^^^^^^^^^
[platform] > 16 |   createTrainingLiveSession,
[platform]      | ^^^^^^^^^^^^^^^^^^^^^^^^^^^^
[platform] > 17 |   createTrainingSection,
[platform]      | ^^^^^^^^^^^^^^^^^^^^^^^^
[platform] > 18 |   deleteTrainingAssessment,
[platform]      | ^^^^^^^^^^^^^^^^^^^^^^^^^^^
[platform] > 19 |   deleteTrainingAssignment,
[platform]      | ^^^^^^^^^^^^^^^^^^^^^^^^^^^
[platform] > 20 |   deleteTrainingLesson,
[platform]      | ^^^^^^^^^^^^^^^^^^^^^^^
[platform] > 21 |   deleteTrainingSection,
[platform]      | ^^^^^^^^^^^^^^^^^^^^^^^^
[platform] > 22 |   exportLiveSessionAttendance,
[platform]      | ^^^^^^^^^^^^^^^^^^^^^^^^^^^^^^
[platform] > 23 |   getLiveSessionAttendance,
[platform]      | ^^^^^^^^^^^^^^^^^^^^^^^^^^^
[platform] > 24 |   getTrainingContent,
[platform]      | ^^^^^^^^^^^^^^^^^^^^^
[platform] > 25 |   getTrainingProgress,
[platform]      | ^^^^^^^^^^^^^^^^^^^^^^
[platform] > 26 |   getTrainingSections,
[platform]      | ^^^^^^^^^^^^^^^^^^^^^^
[platform] > 27 |   listTrainingAnnouncements,
[platform]      | ^^^^^^^^^^^^^^^^^^^^^^^^^^^^
[platform] > 28 |   listTrainingAssignments,
[platform]      | ^^^^^^^^^^^^^^^^^^^^^^^^^^
[platform] > 29 |   listTrainingAssessments,
[platform]      | ^^^^^^^^^^^^^^^^^^^^^^^^^^
[platform] > 30 |   listTrainingDiscussions,
[platform]      | ^^^^^^^^^^^^^^^^^^^^^^^^^^
[platform] > 31 |   enrolInTraining,
[platform]      | ^^^^^^^^^^^^^^^^^^
[platform] > 32 |   listTrainingEnrolments,
[platform]      | ^^^^^^^^^^^^^^^^^^^^^^^^^
[platform] > 33 |   listTrainingLiveSessions,
[platform]      | ^^^^^^^^^^^^^^^^^^^^^^^^^^^
[platform] > 34 |   listTrainingOrders,
[platform]      | ^^^^^^^^^^^^^^^^^^^^^
[platform] > 35 |   markLiveSessionAttendance,
[platform]      | ^^^^^^^^^^^^^^^^^^^^^^^^^^^^
[platform] > 36 |   refundTrainingOrder,
[platform]      | ^^^^^^^^^^^^^^^^^^^^^^
[platform] > 37 |   patchTrainingOrderStatus,
[platform]      | ^^^^^^^^^^^^^^^^^^^^^^^^^^^
[platform] > 38 |   TrainingsApiError,
[platform]      | ^^^^^^^^^^^^^^^^^^^^
[platform] > 39 |   type CreateLiveSessionPayload,
[platform]      | ^^^^^^^^^^^^^^^^^^^^^^^^^^^^^^^^
[platform] > 40 |   type CreateTrainingSectionPayload,
[platform]      | ^^^^^^^^^^^^^^^^^^^^^^^^^^^^^^^^^^^^
[platform] > 41 | } from "./trainings.service";
[platform]      | ^^^^^^^^^^^^^^^^^^^^^^^^^^^^^
[platform]   42 | import { formatTrainingDate, humanizeLabel } from "./detail-formatters";
[platform]   43 |
[platform]   44 | function SectionCard({ title, children, action }: { title: string; children: React.ReactNo...
[platform] 
[platform] The export deleteTrainingAssignment was not found in module [project]/packages/features/enterprise-trainings/src/trainings.service.ts [app-ssr] (ecmascript).
[platform] Did you mean to import deleteTrainingAssessment?
[platform] All exports of the module are statically known (It doesn't have dynamic exports). So it's known statically that the requested export doesn't exist.
[platform] 
[platform] Import traces:
[platform]   Client Component Browser:
[platform]     ./packages/features/enterprise-trainings/src/TrainingDetailsSections.tsx [Client Component Browser]
[platform]     ./packages/features/enterprise-trainings/src/TrainingDetailsScreen.tsx [Client Component Browser]
[platform]     ./packages/features/enterprise-trainings/src/index.ts [Client Component Browser]
[platform]     ./packages/features/platform-marketplace-static/src/PlatformProgramsScreen.tsx [Client Component Browser]
[platform]     ./packages/features/platform-marketplace-static/src/PlatformProgramsScreen.tsx [Server Component]
[platform]     ./packages/features/platform-marketplace-static/src/index.ts [Server Component]
[platform]     ./apps/platform-admin/src/app/trainings/page.tsx [Server Component]
[platform] 
[platform]   Client Component SSR:
[platform]     ./packages/features/enterprise-trainings/src/TrainingDetailsSections.tsx [Client Component SSR]
[platform]     ./packages/features/enterprise-trainings/src/TrainingDetailsScreen.tsx [Client Component SSR]
[platform]     ./packages/features/enterprise-trainings/src/index.ts [Client Component SSR]
[platform]     ./packages/features/platform-marketplace-static/src/PlatformProgramsScreen.tsx [Client Component SSR]
[platform]     ./packages/features/platform-marketplace-static/src/PlatformProgramsScreen.tsx [Server Component]
[platform]     ./packages/features/platform-marketplace-static/src/index.ts [Server Component]
[platform]     ./apps/platform-admin/src/app/trainings/page.tsx [Server Component] 
[platform] [browser] ./packages/features/enterprise-trainings/src/TrainingDetailsSections.tsx:5:1
[platform] Export deleteTrainingAssignment doesn't exist in target module
[platform]    3 | import { useState } from "react";
[platform]    4 | import { useMutation, useQuery, useQueryClient } from "@tanstack/react-query";
[platform] >  5 | import {
[platform]      | ^^^^^^^
[platform] >  6 |   addAssessmentQuestions,
[platform]      | ^^^^^^^^^^^^^^^^^^^^^^^^^
[platform] >  7 |   approveTrainingEnrolment,
[platform]      | ^^^^^^^^^^^^^^^^^^^^^^^^^^^
[platform] >  8 |   cancelTrainingEnrolment,
[platform]      | ^^^^^^^^^^^^^^^^^^^^^^^^^^
[platform] >  9 |   completeTrainingLesson,
[platform]      | ^^^^^^^^^^^^^^^^^^^^^^^^^
[platform] > 10 |   createDiscussionReply,
[platform]      | ^^^^^^^^^^^^^^^^^^^^^^^^
[platform] > 11 |   createTrainingAnnouncement,
[platform]      | ^^^^^^^^^^^^^^^^^^^^^^^^^^^^^
[platform] > 12 |   createTrainingAssignment,
[platform]      | ^^^^^^^^^^^^^^^^^^^^^^^^^^^
[platform] > 13 |   createTrainingAssessment,
[platform]      | ^^^^^^^^^^^^^^^^^^^^^^^^^^^
[platform] > 14 |   createTrainingDiscussion,
[platform]      | ^^^^^^^^^^^^^^^^^^^^^^^^^^^
[platform] > 15 |   createTrainingLesson,
[platform]      | ^^^^^^^^^^^^^^^^^^^^^^^
[platform] > 16 |   createTrainingLiveSession,
[platform]      | ^^^^^^^^^^^^^^^^^^^^^^^^^^^^
[platform] > 17 |   createTrainingSection,
[platform]      | ^^^^^^^^^^^^^^^^^^^^^^^^
[platform] > 18 |   deleteTrainingAssessment,
[platform]      | ^^^^^^^^^^^^^^^^^^^^^^^^^^^
[platform] > 19 |   deleteTrainingAssignment,
[platform]      | ^^^^^^^^^^^^^^^^^^^^^^^^^^^
[platform] > 20 |   deleteTrainingLesson,
[platform]      | ^^^^^^^^^^^^^^^^^^^^^^^
[platform] > 21 |   deleteTrainingSection,
[platform]      | ^^^^^^^^^^^^^^^^^^^^^^^^
[platform] > 22 |   exportLiveSessionAttendance,
[platform]      | ^^^^^^^^^^^^^^^^^^^^^^^^^^^^^^
[platform] > 23 |   getLiveSessionAttendance,
[platform]      | ^^^^^^^^^^^^^^^^^^^^^^^^^^^
[platform] > 24 |   getTrainingContent,
[platform]      | ^^^^^^^^^^^^^^^^^^^^^
[platform] > 25 |   getTrainingProgress,
[platform]      | ^^^^^^^^^^^^^^^^^^^^^^
[platform] > 26 |   getTrainingSections,
[platform]      | ^^^^^^^^^^^^^^^^^^^^^^
[platform] > 27 |   listTrainingAnnouncements,
[platform]      | ^^^^^^^^^^^^^^^^^^^^^^^^^^^^
[platform] > 28 |   listTrainingAssignments,
[platform]      | ^^^^^^^^^^^^^^^^^^^^^^^^^^
[platform] > 29 |   listTrainingAssessments,
[platform]      | ^^^^^^^^^^^^^^^^^^^^^^^^^^
[platform] > 30 |   listTrainingDiscussions,
[platform]      | ^^^^^^^^^^^^^^^^^^^^^^^^^^
[platform] > 31 |   enrolInTraining,
[platform]      | ^^^^^^^^^^^^^^^^^^
[platform] > 32 |   listTrainingEnrolments,
[platform]      | ^^^^^^^^^^^^^^^^^^^^^^^^^
[platform] > 33 |   listTrainingLiveSessions,
[platform]      | ^^^^^^^^^^^^^^^^^^^^^^^^^^^
[platform] > 34 |   listTrainingOrders,
[platform]      | ^^^^^^^^^^^^^^^^^^^^^
[platform] > 35 |   markLiveSessionAttendance,
[platform]      | ^^^^^^^^^^^^^^^^^^^^^^^^^^^^
[platform] > 36 |   refundTrainingOrder,
[platform]      | ^^^^^^^^^^^^^^^^^^^^^^
[platform] > 37 |   patchTrainingOrderStatus,
[platform]      | ^^^^^^^^^^^^^^^^^^^^^^^^^^^
[platform] > 38 |   TrainingsApiError,
[platform]      | ^^^^^^^^^^^^^^^^^^^^
[platform] > 39 |   type CreateLiveSessionPayload,
[platform]      | ^^^^^^^^^^^^^^^^^^^^^^^^^^^^^^^^
[platform] > 40 |   type CreateTrainingSectionPayload,
[platform]      | ^^^^^^^^^^^^^^^^^^^^^^^^^^^^^^^^^^^^
[platform] > 41 | } from "./trainings.service";
[platform]      | ^^^^^^^^^^^^^^^^^^^^^^^^^^^^^
[platform]   42 | import { formatTrainingDate, humanizeLabel } from "./detail-formatters";
[platform]   43 |
[platform]   44 | function SectionCard({ title, children, action }: { title: string; children: React.ReactNo...
[platform] 
[platform] The export deleteTrainingAssignment was not found in module [project]/packages/features/enterprise-trainings/src/trainings.service.ts [app-client] (ecmascript).
[platform] Did you mean to import deleteTrainingAssessment?
[platform] All exports of the module are statically known (It doesn't have dynamic exports). So it's known statically that the requested export doesn't exist.
[platform] 
[platform] Import traces:
[platform]   Client Component Browser:
[platform]     ./packages/features/enterprise-trainings/src/TrainingDetailsSections.tsx [Client Component Browser]
[platform]     ./packages/features/enterprise-trainings/src/TrainingDetailsScreen.tsx [Client Component Browser]
[platform]     ./packages/features/enterprise-trainings/src/index.ts [Client Component Browser]
[platform]     ./packages/features/platform-marketplace-static/src/PlatformProgramsScreen.tsx [Client Component Browser]
[platform]     ./packages/features/platform-marketplace-static/src/PlatformProgramsScreen.tsx [Server Component]
[platform]     ./packages/features/platform-marketplace-static/src/index.ts [Server Component]
[platform]     ./apps/platform-admin/src/app/trainings/page.tsx [Server Component]
[platform] 
[platform]   Client Component SSR:
[platform]     ./packages/features/enterprise-trainings/src/TrainingDetailsSections.tsx [Client Component SSR]
[platform]     ./packages/features/enterprise-trainings/src/TrainingDetailsScreen.tsx [Client Component SSR]
[platform]     ./packages/features/enterprise-trainings/src/index.ts [Client Component SSR]
[platform]     ./packages/features/platform-marketplace-static/src/PlatformProgramsScreen.tsx [Client Component SSR]
[platform]     ./packages/features/platform-marketplace-static/src/PlatformProgramsScreen.tsx [Server Component]
[platform]     ./packages/features/platform-marketplace-static/src/index.ts [Server Component]
[platform]     ./apps/platform-admin/src/app/trainings/page.tsx [Server Component] 
[platform] [browser] ./packages/features/enterprise-trainings/src/TrainingDetailsSections.tsx:5:1
[platform] Export deleteTrainingAssignment doesn't exist in target module
[platform]    3 | import { useState } from "react";
[platform]    4 | import { useMutation, useQuery, useQueryClient } from "@tanstack/react-query";
[platform] >  5 | import {
[platform]      | ^^^^^^^
[platform] >  6 |   addAssessmentQuestions,
[platform]      | ^^^^^^^^^^^^^^^^^^^^^^^^^
[platform] >  7 |   approveTrainingEnrolment,
[platform]      | ^^^^^^^^^^^^^^^^^^^^^^^^^^^
[platform] >  8 |   cancelTrainingEnrolment,
[platform]      | ^^^^^^^^^^^^^^^^^^^^^^^^^^
[platform] >  9 |   completeTrainingLesson,
[platform]      | ^^^^^^^^^^^^^^^^^^^^^^^^^
[platform] > 10 |   createDiscussionReply,
[platform]      | ^^^^^^^^^^^^^^^^^^^^^^^^
[platform] > 11 |   createTrainingAnnouncement,
[platform]      | ^^^^^^^^^^^^^^^^^^^^^^^^^^^^^
[platform] > 12 |   createTrainingAssignment,
[platform]      | ^^^^^^^^^^^^^^^^^^^^^^^^^^^
[platform] > 13 |   createTrainingAssessment,
[platform]      | ^^^^^^^^^^^^^^^^^^^^^^^^^^^
[platform] > 14 |   createTrainingDiscussion,
[platform]      | ^^^^^^^^^^^^^^^^^^^^^^^^^^^
[platform] > 15 |   createTrainingLesson,
[platform]      | ^^^^^^^^^^^^^^^^^^^^^^^
[platform] > 16 |   createTrainingLiveSession,
[platform]      | ^^^^^^^^^^^^^^^^^^^^^^^^^^^^
[platform] > 17 |   createTrainingSection,
[platform]      | ^^^^^^^^^^^^^^^^^^^^^^^^
[platform] > 18 |   deleteTrainingAssessment,
[platform]      | ^^^^^^^^^^^^^^^^^^^^^^^^^^^
[platform] > 19 |   deleteTrainingAssignment,
[platform]      | ^^^^^^^^^^^^^^^^^^^^^^^^^^^
[platform] > 20 |   deleteTrainingLesson,
[platform]      | ^^^^^^^^^^^^^^^^^^^^^^^
[platform] > 21 |   deleteTrainingSection,
[platform]      | ^^^^^^^^^^^^^^^^^^^^^^^^
[platform] > 22 |   exportLiveSessionAttendance,
[platform]      | ^^^^^^^^^^^^^^^^^^^^^^^^^^^^^^
[platform] > 23 |   getLiveSessionAttendance,
[platform]      | ^^^^^^^^^^^^^^^^^^^^^^^^^^^
[platform] > 24 |   getTrainingContent,
[platform]      | ^^^^^^^^^^^^^^^^^^^^^
[platform] > 25 |   getTrainingProgress,
[platform]      | ^^^^^^^^^^^^^^^^^^^^^^
[platform] > 26 |   getTrainingSections,
[platform]      | ^^^^^^^^^^^^^^^^^^^^^^
[platform] > 27 |   listTrainingAnnouncements,
[platform]      | ^^^^^^^^^^^^^^^^^^^^^^^^^^^^
[platform] > 28 |   listTrainingAssignments,
[platform]      | ^^^^^^^^^^^^^^^^^^^^^^^^^^
[platform] > 29 |   listTrainingAssessments,
[platform]      | ^^^^^^^^^^^^^^^^^^^^^^^^^^
[platform] > 30 |   listTrainingDiscussions,
[platform]      | ^^^^^^^^^^^^^^^^^^^^^^^^^^
[platform] > 31 |   enrolInTraining,
[platform]      | ^^^^^^^^^^^^^^^^^^
[platform] > 32 |   listTrainingEnrolments,
[platform]      | ^^^^^^^^^^^^^^^^^^^^^^^^^
[platform] > 33 |   listTrainingLiveSessions,
[platform]      | ^^^^^^^^^^^^^^^^^^^^^^^^^^^
[platform] > 34 |   listTrainingOrders,
[platform]      | ^^^^^^^^^^^^^^^^^^^^^
[platform] > 35 |   markLiveSessionAttendance,
[platform]      | ^^^^^^^^^^^^^^^^^^^^^^^^^^^^
[platform] > 36 |   refundTrainingOrder,
[platform]      | ^^^^^^^^^^^^^^^^^^^^^^
[platform] > 37 |   patchTrainingOrderStatus,
[platform]      | ^^^^^^^^^^^^^^^^^^^^^^^^^^^
[platform] > 38 |   TrainingsApiError,
[platform]      | ^^^^^^^^^^^^^^^^^^^^
[platform] > 39 |   type CreateLiveSessionPayload,
[platform]      | ^^^^^^^^^^^^^^^^^^^^^^^^^^^^^^^^
[platform] > 40 |   type CreateTrainingSectionPayload,
[platform]      | ^^^^^^^^^^^^^^^^^^^^^^^^^^^^^^^^^^^^
[platform] > 41 | } from "./trainings.service";
[platform]      | ^^^^^^^^^^^^^^^^^^^^^^^^^^^^^
[platform]   42 | import { formatTrainingDate, humanizeLabel } from "./detail-formatters";
[platform]   43 |
[platform]   44 | function SectionCard({ title, children, action }: { title: string; children: React.ReactNo...
[platform] 
[platform] The export deleteTrainingAssignment was not found in module [project]/packages/features/enterprise-trainings/src/trainings.service.ts [app-ssr] (ecmascript).
[platform] Did you mean to import deleteTrainingAssessment?
[platform] All exports of the module are statically known (It doesn't have dynamic exports). So it's known statically that the requested export doesn't exist.
[platform] 
[platform] Import traces:
[platform]   Client Component Browser:
[platform]     ./packages/features/enterprise-trainings/src/TrainingDetailsSections.tsx [Client Component Browser]
[platform]     ./packages/features/enterprise-trainings/src/TrainingDetailsScreen.tsx [Client Component Browser]
[platform]     ./packages/features/enterprise-trainings/src/index.ts [Client Component Browser]
[platform]     ./packages/features/platform-marketplace-static/src/PlatformProgramsScreen.tsx [Client Component Browser]
[platform]     ./packages/features/platform-marketplace-static/src/PlatformProgramsScreen.tsx [Server Component]
[platform]     ./packages/features/platform-marketplace-static/src/index.ts [Server Component]
[platform]     ./apps/platform-admin/src/app/trainings/page.tsx [Server Component]
[platform] 
[platform]   Client Component SSR:
[platform]     ./packages/features/enterprise-trainings/src/TrainingDetailsSections.tsx [Client Component SSR]
[platform]     ./packages/features/enterprise-trainings/src/TrainingDetailsScreen.tsx [Client Component SSR]
[platform]     ./packages/features/enterprise-trainings/src/index.ts [Client Component SSR]
[platform]     ./packages/features/platform-marketplace-static/src/PlatformProgramsScreen.tsx [Client Component SSR]
[platform]     ./packages/features/platform-marketplace-static/src/PlatformProgramsScreen.tsx [Server Component]
[platform]     ./packages/features/platform-marketplace-static/src/index.ts [Server Component]
[platform]     ./apps/platform-admin/src/app/trainings/page.tsx [Server Component] 
[platform] [browser] ./packages/features/enterprise-trainings/src/TrainingDetailsSections.tsx:5:1
[platform] Export deleteTrainingAssignment doesn't exist in target module
[platform]    3 | import { useState } from "react";
[platform]    4 | import { useMutation, useQuery, useQueryClient } from "@tanstack/react-query";
[platform] >  5 | import {
[platform]      | ^^^^^^^
[platform] >  6 |   addAssessmentQuestions,
[platform]      | ^^^^^^^^^^^^^^^^^^^^^^^^^
[platform] >  7 |   approveTrainingEnrolment,
[platform]      | ^^^^^^^^^^^^^^^^^^^^^^^^^^^
[platform] >  8 |   cancelTrainingEnrolment,
[platform]      | ^^^^^^^^^^^^^^^^^^^^^^^^^^
[platform] >  9 |   completeTrainingLesson,
[platform]      | ^^^^^^^^^^^^^^^^^^^^^^^^^
[platform] > 10 |   createDiscussionReply,
[platform]      | ^^^^^^^^^^^^^^^^^^^^^^^^
[platform] > 11 |   createTrainingAnnouncement,
[platform]      | ^^^^^^^^^^^^^^^^^^^^^^^^^^^^^
[platform] > 12 |   createTrainingAssignment,
[platform]      | ^^^^^^^^^^^^^^^^^^^^^^^^^^^
[platform] > 13 |   createTrainingAssessment,
[platform]      | ^^^^^^^^^^^^^^^^^^^^^^^^^^^
[platform] > 14 |   createTrainingDiscussion,
[platform]      | ^^^^^^^^^^^^^^^^^^^^^^^^^^^
[platform] > 15 |   createTrainingLesson,
[platform]      | ^^^^^^^^^^^^^^^^^^^^^^^
[platform] > 16 |   createTrainingLiveSession,
[platform]      | ^^^^^^^^^^^^^^^^^^^^^^^^^^^^
[platform] > 17 |   createTrainingSection,
[platform]      | ^^^^^^^^^^^^^^^^^^^^^^^^
[platform] > 18 |   deleteTrainingAssessment,
[platform]      | ^^^^^^^^^^^^^^^^^^^^^^^^^^^
[platform] > 19 |   deleteTrainingAssignment,
[platform]      | ^^^^^^^^^^^^^^^^^^^^^^^^^^^
[platform] > 20 |   deleteTrainingLesson,
[platform]      | ^^^^^^^^^^^^^^^^^^^^^^^
[platform] > 21 |   deleteTrainingSection,
[platform]      | ^^^^^^^^^^^^^^^^^^^^^^^^
[platform] > 22 |   exportLiveSessionAttendance,
[platform]      | ^^^^^^^^^^^^^^^^^^^^^^^^^^^^^^
[platform] > 23 |   getLiveSessionAttendance,
[platform]      | ^^^^^^^^^^^^^^^^^^^^^^^^^^^
[platform] > 24 |   getTrainingContent,
[platform]      | ^^^^^^^^^^^^^^^^^^^^^
[platform] > 25 |   getTrainingProgress,
[platform]      | ^^^^^^^^^^^^^^^^^^^^^^
[platform] > 26 |   getTrainingSections,
[platform]      | ^^^^^^^^^^^^^^^^^^^^^^
[platform] > 27 |   listTrainingAnnouncements,
[platform]      | ^^^^^^^^^^^^^^^^^^^^^^^^^^^^
[platform] > 28 |   listTrainingAssignments,
[platform]      | ^^^^^^^^^^^^^^^^^^^^^^^^^^
[platform] > 29 |   listTrainingAssessments,
[platform]      | ^^^^^^^^^^^^^^^^^^^^^^^^^^
[platform] > 30 |   listTrainingDiscussions,
[platform]      | ^^^^^^^^^^^^^^^^^^^^^^^^^^
[platform] > 31 |   enrolInTraining,
[platform]      | ^^^^^^^^^^^^^^^^^^
[platform] > 32 |   listTrainingEnrolments,
[platform]      | ^^^^^^^^^^^^^^^^^^^^^^^^^
[platform] > 33 |   listTrainingLiveSessions,
[platform]      | ^^^^^^^^^^^^^^^^^^^^^^^^^^^
[platform] > 34 |   listTrainingOrders,
[platform]      | ^^^^^^^^^^^^^^^^^^^^^
[platform] > 35 |   markLiveSessionAttendance,
[platform]      | ^^^^^^^^^^^^^^^^^^^^^^^^^^^^
[platform] > 36 |   refundTrainingOrder,
[platform]      | ^^^^^^^^^^^^^^^^^^^^^^
[platform] > 37 |   patchTrainingOrderStatus,
[platform]      | ^^^^^^^^^^^^^^^^^^^^^^^^^^^
[platform] > 38 |   TrainingsApiError,
[platform]      | ^^^^^^^^^^^^^^^^^^^^
[platform] > 39 |   type CreateLiveSessionPayload,
[platform]      | ^^^^^^^^^^^^^^^^^^^^^^^^^^^^^^^^
[platform] > 40 |   type CreateTrainingSectionPayload,
[platform]      | ^^^^^^^^^^^^^^^^^^^^^^^^^^^^^^^^^^^^
[platform] > 41 | } from "./trainings.service";
[platform]      | ^^^^^^^^^^^^^^^^^^^^^^^^^^^^^
[platform]   42 | import { formatTrainingDate, humanizeLabel } from "./detail-formatters";
[platform]   43 |
[platform]   44 | function SectionCard({ title, children, action }: { title: string; children: React.ReactNo...
[platform] 
[platform] The export deleteTrainingAssignment was not found in module [project]/packages/features/enterprise-trainings/src/trainings.service.ts [app-client] (ecmascript).
[platform] Did you mean to import deleteTrainingAssessment?
[platform] All exports of the module are statically known (It doesn't have dynamic exports). So it's known statically that the requested export doesn't exist.
[platform] 
[platform] Import traces:
[platform]   Client Component Browser:
[platform]     ./packages/features/enterprise-trainings/src/TrainingDetailsSections.tsx [Client Component Browser]
[platform]     ./packages/features/enterprise-trainings/src/TrainingDetailsScreen.tsx [Client Component Browser]
[platform]     ./packages/features/enterprise-trainings/src/index.ts [Client Component Browser]
[platform]     ./packages/features/platform-marketplace-static/src/PlatformProgramsScreen.tsx [Client Component Browser]
[platform]     ./packages/features/platform-marketplace-static/src/PlatformProgramsScreen.tsx [Server Component]
[platform]     ./packages/features/platform-marketplace-static/src/index.ts [Server Component]
[platform]     ./apps/platform-admin/src/app/trainings/page.tsx [Server Component]
[platform] 
[platform]   Client Component SSR:
[platform]     ./packages/features/enterprise-trainings/src/TrainingDetailsSections.tsx [Client Component SSR]
[platform]     ./packages/features/enterprise-trainings/src/TrainingDetailsScreen.tsx [Client Component SSR]
[platform]     ./packages/features/enterprise-trainings/src/index.ts [Client Component SSR]
[platform]     ./packages/features/platform-marketplace-static/src/PlatformProgramsScreen.tsx [Client Component SSR]
[platform]     ./packages/features/platform-marketplace-static/src/PlatformProgramsScreen.tsx [Server Component]
[platform]     ./packages/features/platform-marketplace-static/src/index.ts [Server Component]
[platform]     ./apps/platform-admin/src/app/trainings/page.tsx [Server Component] 
[platform] [browser] ./packages/features/enterprise-trainings/src/TrainingDetailsSections.tsx:5:1
[platform] Export deleteTrainingAssignment doesn't exist in target module
[platform]    3 | import { useState } from "react";
[platform]    4 | import { useMutation, useQuery, useQueryClient } from "@tanstack/react-query";
[platform] >  5 | import {
[platform]      | ^^^^^^^
[platform] >  6 |   addAssessmentQuestions,
[platform]      | ^^^^^^^^^^^^^^^^^^^^^^^^^
[platform] >  7 |   approveTrainingEnrolment,
[platform]      | ^^^^^^^^^^^^^^^^^^^^^^^^^^^
[platform] >  8 |   cancelTrainingEnrolment,
[platform]      | ^^^^^^^^^^^^^^^^^^^^^^^^^^
[platform] >  9 |   completeTrainingLesson,
[platform]      | ^^^^^^^^^^^^^^^^^^^^^^^^^
[platform] > 10 |   createDiscussionReply,
[platform]      | ^^^^^^^^^^^^^^^^^^^^^^^^
[platform] > 11 |   createTrainingAnnouncement,
[platform]      | ^^^^^^^^^^^^^^^^^^^^^^^^^^^^^
[platform] > 12 |   createTrainingAssignment,
[platform]      | ^^^^^^^^^^^^^^^^^^^^^^^^^^^
[platform] > 13 |   createTrainingAssessment,
[platform]      | ^^^^^^^^^^^^^^^^^^^^^^^^^^^
[platform] > 14 |   createTrainingDiscussion,
[platform]      | ^^^^^^^^^^^^^^^^^^^^^^^^^^^
[platform] > 15 |   createTrainingLesson,
[platform]      | ^^^^^^^^^^^^^^^^^^^^^^^
[platform] > 16 |   createTrainingLiveSession,
[platform]      | ^^^^^^^^^^^^^^^^^^^^^^^^^^^^
[platform] > 17 |   createTrainingSection,
[platform]      | ^^^^^^^^^^^^^^^^^^^^^^^^
[platform] > 18 |   deleteTrainingAssessment,
[platform]      | ^^^^^^^^^^^^^^^^^^^^^^^^^^^
[platform] > 19 |   deleteTrainingAssignment,
[platform]      | ^^^^^^^^^^^^^^^^^^^^^^^^^^^
[platform] > 20 |   deleteTrainingLesson,
[platform]      | ^^^^^^^^^^^^^^^^^^^^^^^
[platform] > 21 |   deleteTrainingSection,
[platform]      | ^^^^^^^^^^^^^^^^^^^^^^^^
[platform] > 22 |   exportLiveSessionAttendance,
[platform]      | ^^^^^^^^^^^^^^^^^^^^^^^^^^^^^^
[platform] > 23 |   getLiveSessionAttendance,
[platform]      | ^^^^^^^^^^^^^^^^^^^^^^^^^^^
[platform] > 24 |   getTrainingContent,
[platform]      | ^^^^^^^^^^^^^^^^^^^^^
[platform] > 25 |   getTrainingProgress,
[platform]      | ^^^^^^^^^^^^^^^^^^^^^^
[platform] > 26 |   getTrainingSections,
[platform]      | ^^^^^^^^^^^^^^^^^^^^^^
[platform] > 27 |   listTrainingAnnouncements,
[platform]      | ^^^^^^^^^^^^^^^^^^^^^^^^^^^^
[platform] > 28 |   listTrainingAssignments,
[platform]      | ^^^^^^^^^^^^^^^^^^^^^^^^^^
[platform] > 29 |   listTrainingAssessments,
[platform]      | ^^^^^^^^^^^^^^^^^^^^^^^^^^
[platform] > 30 |   listTrainingDiscussions,
[platform]      | ^^^^^^^^^^^^^^^^^^^^^^^^^^
[platform] > 31 |   enrolInTraining,
[platform]      | ^^^^^^^^^^^^^^^^^^
[platform] > 32 |   listTrainingEnrolments,
[platform]      | ^^^^^^^^^^^^^^^^^^^^^^^^^
[platform] > 33 |   listTrainingLiveSessions,
[platform]      | ^^^^^^^^^^^^^^^^^^^^^^^^^^^
[platform] > 34 |   listTrainingOrders,
[platform]      | ^^^^^^^^^^^^^^^^^^^^^
[platform] > 35 |   markLiveSessionAttendance,
[platform]      | ^^^^^^^^^^^^^^^^^^^^^^^^^^^^
[platform] > 36 |   refundTrainingOrder,
[platform]      | ^^^^^^^^^^^^^^^^^^^^^^
[platform] > 37 |   patchTrainingOrderStatus,
[platform]      | ^^^^^^^^^^^^^^^^^^^^^^^^^^^
[platform] > 38 |   TrainingsApiError,
[platform]      | ^^^^^^^^^^^^^^^^^^^^
[platform] > 39 |   type CreateLiveSessionPayload,
[platform]      | ^^^^^^^^^^^^^^^^^^^^^^^^^^^^^^^^
[platform] > 40 |   type CreateTrainingSectionPayload,
[platform]      | ^^^^^^^^^^^^^^^^^^^^^^^^^^^^^^^^^^^^
[platform] > 41 | } from "./trainings.service";
[platform]      | ^^^^^^^^^^^^^^^^^^^^^^^^^^^^^
[platform]   42 | import { formatTrainingDate, humanizeLabel } from "./detail-formatters";
[platform]   43 |
[platform]   44 | function SectionCard({ title, children, action }: { title: string; children: React.ReactNo...
[platform] 
[platform] The export deleteTrainingAssignment was not found in module [project]/packages/features/enterprise-trainings/src/trainings.service.ts [app-ssr] (ecmascript).
[platform] Did you mean to import deleteTrainingAssessment?
[platform] All exports of the module are statically known (It doesn't have dynamic exports). So it's known statically that the requested export doesn't exist.
[platform] 
[platform] Import traces:
[platform]   Client Component Browser:
[platform]     ./packages/features/enterprise-trainings/src/TrainingDetailsSections.tsx [Client Component Browser]
[platform]     ./packages/features/enterprise-trainings/src/TrainingDetailsScreen.tsx [Client Component Browser]
[platform]     ./packages/features/enterprise-trainings/src/index.ts [Client Component Browser]
[platform]     ./packages/features/platform-marketplace-static/src/PlatformProgramsScreen.tsx [Client Component Browser]
[platform]     ./packages/features/platform-marketplace-static/src/PlatformProgramsScreen.tsx [Server Component]
[platform]     ./packages/features/platform-marketplace-static/src/index.ts [Server Component]
[platform]     ./apps/platform-admin/src/app/trainings/page.tsx [Server Component]
[platform] 
[platform]   Client Component SSR:
[platform]     ./packages/features/enterprise-trainings/src/TrainingDetailsSections.tsx [Client Component SSR]
[platform]     ./packages/features/enterprise-trainings/src/TrainingDetailsScreen.tsx [Client Component SSR]
[platform]     ./packages/features/enterprise-trainings/src/index.ts [Client Component SSR]
[platform]     ./packages/features/platform-marketplace-static/src/PlatformProgramsScreen.tsx [Client Component SSR]
[platform]     ./packages/features/platform-marketplace-static/src/PlatformProgramsScreen.tsx [Server Component]
[platform]     ./packages/features/platform-marketplace-static/src/index.ts [Server Component]
[platform]     ./apps/platform-admin/src/app/trainings/page.tsx [Server Component] 
[platform] [browser] ./packages/features/enterprise-trainings/src/TrainingDetailsSections.tsx:5:1
[platform] Export deleteTrainingAssignment doesn't exist in target module
[platform]    3 | import { useState } from "react";
[platform]    4 | import { useMutation, useQuery, useQueryClient } from "@tanstack/react-query";
[platform] >  5 | import {
[platform]      | ^^^^^^^
[platform] >  6 |   addAssessmentQuestions,
[platform]      | ^^^^^^^^^^^^^^^^^^^^^^^^^
[platform] >  7 |   approveTrainingEnrolment,
[platform]      | ^^^^^^^^^^^^^^^^^^^^^^^^^^^
[platform] >  8 |   cancelTrainingEnrolment,
[platform]      | ^^^^^^^^^^^^^^^^^^^^^^^^^^
[platform] >  9 |   completeTrainingLesson,
[platform]      | ^^^^^^^^^^^^^^^^^^^^^^^^^
[platform] > 10 |   createDiscussionReply,
[platform]      | ^^^^^^^^^^^^^^^^^^^^^^^^
[platform] > 11 |   createTrainingAnnouncement,
[platform]      | ^^^^^^^^^^^^^^^^^^^^^^^^^^^^^
[platform] > 12 |   createTrainingAssignment,
[platform]      | ^^^^^^^^^^^^^^^^^^^^^^^^^^^
[platform] > 13 |   createTrainingAssessment,
[platform]      | ^^^^^^^^^^^^^^^^^^^^^^^^^^^
[platform] > 14 |   createTrainingDiscussion,
[platform]      | ^^^^^^^^^^^^^^^^^^^^^^^^^^^
[platform] > 15 |   createTrainingLesson,
[platform]      | ^^^^^^^^^^^^^^^^^^^^^^^
[platform] > 16 |   createTrainingLiveSession,
[platform]      | ^^^^^^^^^^^^^^^^^^^^^^^^^^^^
[platform] > 17 |   createTrainingSection,
[platform]      | ^^^^^^^^^^^^^^^^^^^^^^^^
[platform] > 18 |   deleteTrainingAssessment,
[platform]      | ^^^^^^^^^^^^^^^^^^^^^^^^^^^
[platform] > 19 |   deleteTrainingAssignment,
[platform]      | ^^^^^^^^^^^^^^^^^^^^^^^^^^^
[platform] > 20 |   deleteTrainingLesson,
[platform]      | ^^^^^^^^^^^^^^^^^^^^^^^
[platform] > 21 |   deleteTrainingSection,
[platform]      | ^^^^^^^^^^^^^^^^^^^^^^^^
[platform] > 22 |   exportLiveSessionAttendance,
[platform]      | ^^^^^^^^^^^^^^^^^^^^^^^^^^^^^^
[platform] > 23 |   getLiveSessionAttendance,
[platform]      | ^^^^^^^^^^^^^^^^^^^^^^^^^^^
[platform] > 24 |   getTrainingContent,
[platform]      | ^^^^^^^^^^^^^^^^^^^^^
[platform] > 25 |   getTrainingProgress,
[platform]      | ^^^^^^^^^^^^^^^^^^^^^^
[platform] > 26 |   getTrainingSections,
[platform]      | ^^^^^^^^^^^^^^^^^^^^^^
[platform] > 27 |   listTrainingAnnouncements,
[platform]      | ^^^^^^^^^^^^^^^^^^^^^^^^^^^^
[platform] > 28 |   listTrainingAssignments,
[platform]      | ^^^^^^^^^^^^^^^^^^^^^^^^^^
[platform] > 29 |   listTrainingAssessments,
[platform]      | ^^^^^^^^^^^^^^^^^^^^^^^^^^
[platform] > 30 |   listTrainingDiscussions,
[platform]      | ^^^^^^^^^^^^^^^^^^^^^^^^^^
[platform] > 31 |   enrolInTraining,
[platform]      | ^^^^^^^^^^^^^^^^^^
[platform] > 32 |   listTrainingEnrolments,
[platform]      | ^^^^^^^^^^^^^^^^^^^^^^^^^
[platform] > 33 |   listTrainingLiveSessions,
[platform]      | ^^^^^^^^^^^^^^^^^^^^^^^^^^^
[platform] > 34 |   listTrainingOrders,
[platform]      | ^^^^^^^^^^^^^^^^^^^^^
[platform] > 35 |   markLiveSessionAttendance,
[platform]      | ^^^^^^^^^^^^^^^^^^^^^^^^^^^^
[platform] > 36 |   refundTrainingOrder,
[platform]      | ^^^^^^^^^^^^^^^^^^^^^^
[platform] > 37 |   patchTrainingOrderStatus,
[platform]      | ^^^^^^^^^^^^^^^^^^^^^^^^^^^
[platform] > 38 |   TrainingsApiError,
[platform]      | ^^^^^^^^^^^^^^^^^^^^
[platform] > 39 |   type CreateLiveSessionPayload,
[platform]      | ^^^^^^^^^^^^^^^^^^^^^^^^^^^^^^^^
[platform] > 40 |   type CreateTrainingSectionPayload,
[platform]      | ^^^^^^^^^^^^^^^^^^^^^^^^^^^^^^^^^^^^
[platform] > 41 | } from "./trainings.service";
[platform]      | ^^^^^^^^^^^^^^^^^^^^^^^^^^^^^
[platform]   42 | import { formatTrainingDate, humanizeLabel } from "./detail-formatters";
[platform]   43 |
[platform]   44 | function SectionCard({ title, children, action }: { title: string; children: React.ReactNo...
[platform] 
[platform] The export deleteTrainingAssignment was not found in module [project]/packages/features/enterprise-trainings/src/trainings.service.ts [app-client] (ecmascript).
[platform] Did you mean to import deleteTrainingAssessment?
[platform] All exports of the module are statically known (It doesn't have dynamic exports). So it's known statically that the requested export doesn't exist.
[platform] 
[platform] Import traces:
[platform]   Client Component Browser:
[platform]     ./packages/features/enterprise-trainings/src/TrainingDetailsSections.tsx [Client Component Browser]
[platform]     ./packages/features/enterprise-trainings/src/TrainingDetailsScreen.tsx [Client Component Browser]
[platform]     ./packages/features/enterprise-trainings/src/index.ts [Client Component Browser]
[platform]     ./packages/features/platform-marketplace-static/src/PlatformProgramsScreen.tsx [Client Component Browser]
[platform]     ./packages/features/platform-marketplace-static/src/PlatformProgramsScreen.tsx [Server Component]
[platform]     ./packages/features/platform-marketplace-static/src/index.ts [Server Component]
[platform]     ./apps/platform-admin/src/app/trainings/page.tsx [Server Component]
[platform] 
[platform]   Client Component SSR:
[platform]     ./packages/features/enterprise-trainings/src/TrainingDetailsSections.tsx [Client Component SSR]
[platform]     ./packages/features/enterprise-trainings/src/TrainingDetailsScreen.tsx [Client Component SSR]
[platform]     ./packages/features/enterprise-trainings/src/index.ts [Client Component SSR]
[platform]     ./packages/features/platform-marketplace-static/src/PlatformProgramsScreen.tsx [Client Component SSR]
[platform]     ./packages/features/platform-marketplace-static/src/PlatformProgramsScreen.tsx [Server Component]
[platform]     ./packages/features/platform-marketplace-static/src/index.ts [Server Component]
[platform]     ./apps/platform-admin/src/app/trainings/page.tsx [Server Component] 
[platform] [browser] ./packages/features/enterprise-trainings/src/TrainingDetailsSections.tsx:5:1
[platform] Export deleteTrainingAssignment doesn't exist in target module
[platform]    3 | import { useState } from "react";
[platform]    4 | import { useMutation, useQuery, useQueryClient } from "@tanstack/react-query";
[platform] >  5 | import {
[platform]      | ^^^^^^^
[platform] >  6 |   addAssessmentQuestions,
[platform]      | ^^^^^^^^^^^^^^^^^^^^^^^^^
[platform] >  7 |   approveTrainingEnrolment,
[platform]      | ^^^^^^^^^^^^^^^^^^^^^^^^^^^
[platform] >  8 |   cancelTrainingEnrolment,
[platform]      | ^^^^^^^^^^^^^^^^^^^^^^^^^^
[platform] >  9 |   completeTrainingLesson,
[platform]      | ^^^^^^^^^^^^^^^^^^^^^^^^^
[platform] > 10 |   createDiscussionReply,
[platform]      | ^^^^^^^^^^^^^^^^^^^^^^^^
[platform] > 11 |   createTrainingAnnouncement,
[platform]      | ^^^^^^^^^^^^^^^^^^^^^^^^^^^^^
[platform] > 12 |   createTrainingAssignment,
[platform]      | ^^^^^^^^^^^^^^^^^^^^^^^^^^^
[platform] > 13 |   createTrainingAssessment,
[platform]      | ^^^^^^^^^^^^^^^^^^^^^^^^^^^
[platform] > 14 |   createTrainingDiscussion,
[platform]      | ^^^^^^^^^^^^^^^^^^^^^^^^^^^
[platform] > 15 |   createTrainingLesson,
[platform]      | ^^^^^^^^^^^^^^^^^^^^^^^
[platform] > 16 |   createTrainingLiveSession,
[platform]      | ^^^^^^^^^^^^^^^^^^^^^^^^^^^^
[platform] > 17 |   createTrainingSection,
[platform]      | ^^^^^^^^^^^^^^^^^^^^^^^^
[platform] > 18 |   deleteTrainingAssessment,
[platform]      | ^^^^^^^^^^^^^^^^^^^^^^^^^^^
[platform] > 19 |   deleteTrainingAssignment,
[platform]      | ^^^^^^^^^^^^^^^^^^^^^^^^^^^
[platform] > 20 |   deleteTrainingLesson,
[platform]      | ^^^^^^^^^^^^^^^^^^^^^^^
[platform] > 21 |   deleteTrainingSection,
[platform]      | ^^^^^^^^^^^^^^^^^^^^^^^^
[platform] > 22 |   exportLiveSessionAttendance,
[platform]      | ^^^^^^^^^^^^^^^^^^^^^^^^^^^^^^
[platform] > 23 |   getLiveSessionAttendance,
[platform]      | ^^^^^^^^^^^^^^^^^^^^^^^^^^^
[platform] > 24 |   getTrainingContent,
[platform]      | ^^^^^^^^^^^^^^^^^^^^^
[platform] > 25 |   getTrainingProgress,
[platform]      | ^^^^^^^^^^^^^^^^^^^^^^
[platform] > 26 |   getTrainingSections,
[platform]      | ^^^^^^^^^^^^^^^^^^^^^^
[platform] > 27 |   listTrainingAnnouncements,
[platform]      | ^^^^^^^^^^^^^^^^^^^^^^^^^^^^
[platform] > 28 |   listTrainingAssignments,
[platform]      | ^^^^^^^^^^^^^^^^^^^^^^^^^^
[platform] > 29 |   listTrainingAssessments,
[platform]      | ^^^^^^^^^^^^^^^^^^^^^^^^^^
[platform] > 30 |   listTrainingDiscussions,
[platform]      | ^^^^^^^^^^^^^^^^^^^^^^^^^^
[platform] > 31 |   enrolInTraining,
[platform]      | ^^^^^^^^^^^^^^^^^^
[platform] > 32 |   listTrainingEnrolments,
[platform]      | ^^^^^^^^^^^^^^^^^^^^^^^^^
[platform] > 33 |   listTrainingLiveSessions,
[platform]      | ^^^^^^^^^^^^^^^^^^^^^^^^^^^
[platform] > 34 |   listTrainingOrders,
[platform]      | ^^^^^^^^^^^^^^^^^^^^^
[platform] > 35 |   markLiveSessionAttendance,
[platform]      | ^^^^^^^^^^^^^^^^^^^^^^^^^^^^
[platform] > 36 |   refundTrainingOrder,
[platform]      | ^^^^^^^^^^^^^^^^^^^^^^
[platform] > 37 |   patchTrainingOrderStatus,
[platform]      | ^^^^^^^^^^^^^^^^^^^^^^^^^^^
[platform] > 38 |   TrainingsApiError,
[platform]      | ^^^^^^^^^^^^^^^^^^^^
[platform] > 39 |   type CreateLiveSessionPayload,
[platform]      | ^^^^^^^^^^^^^^^^^^^^^^^^^^^^^^^^
[platform] > 40 |   type CreateTrainingSectionPayload,
[platform]      | ^^^^^^^^^^^^^^^^^^^^^^^^^^^^^^^^^^^^
[platform] > 41 | } from "./trainings.service";
[platform]      | ^^^^^^^^^^^^^^^^^^^^^^^^^^^^^
[platform]   42 | import { formatTrainingDate, humanizeLabel } from "./detail-formatters";
[platform]   43 |
[platform]   44 | function SectionCard({ title, children, action }: { title: string; children: React.ReactNo...
[platform] 
[platform] The export deleteTrainingAssignment was not found in module [project]/packages/features/enterprise-trainings/src/trainings.service.ts [app-ssr] (ecmascript).
[platform] Did you mean to import deleteTrainingAssessment?
[platform] All exports of the module are statically known (It doesn't have dynamic exports). So it's known statically that the requested export doesn't exist.
[platform] 
[platform] Import traces:
[platform]   Client Component Browser:
[platform]     ./packages/features/enterprise-trainings/src/TrainingDetailsSections.tsx [Client Component Browser]
[platform]     ./packages/features/enterprise-trainings/src/TrainingDetailsScreen.tsx [Client Component Browser]
[platform]     ./packages/features/enterprise-trainings/src/index.ts [Client Component Browser]
[platform]     ./packages/features/platform-marketplace-static/src/PlatformProgramsScreen.tsx [Client Component Browser]
[platform]     ./packages/features/platform-marketplace-static/src/PlatformProgramsScreen.tsx [Server Component]
[platform]     ./packages/features/platform-marketplace-static/src/index.ts [Server Component]
[platform]     ./apps/platform-admin/src/app/trainings/page.tsx [Server Component]
[platform] 
[platform]   Client Component SSR:
[platform]     ./packages/features/enterprise-trainings/src/TrainingDetailsSections.tsx [Client Component SSR]
[platform]     ./packages/features/enterprise-trainings/src/TrainingDetailsScreen.tsx [Client Component SSR]
[platform]     ./packages/features/enterprise-trainings/src/index.ts [Client Component SSR]
[platform]     ./packages/features/platform-marketplace-static/src/PlatformProgramsScreen.tsx [Client Component SSR]
[platform]     ./packages/features/platform-marketplace-static/src/PlatformProgramsScreen.tsx [Server Component]
[platform]     ./packages/features/platform-marketplace-static/src/index.ts [Server Component]
[platform]     ./apps/platform-admin/src/app/trainings/page.tsx [Server Component] 
[platform] [browser] ./packages/features/enterprise-trainings/src/TrainingDetailsSections.tsx:5:1
[platform] Export deleteTrainingAssignment doesn't exist in target module
[platform]    3 | import { useState } from "react";
[platform]    4 | import { useMutation, useQuery, useQueryClient } from "@tanstack/react-query";
[platform] >  5 | import {
[platform]      | ^^^^^^^
[platform] >  6 |   addAssessmentQuestions,
[platform]      | ^^^^^^^^^^^^^^^^^^^^^^^^^
[platform] >  7 |   approveTrainingEnrolment,
[platform]      | ^^^^^^^^^^^^^^^^^^^^^^^^^^^
[platform] >  8 |   cancelTrainingEnrolment,
[platform]      | ^^^^^^^^^^^^^^^^^^^^^^^^^^
[platform] >  9 |   completeTrainingLesson,
[platform]      | ^^^^^^^^^^^^^^^^^^^^^^^^^
[platform] > 10 |   createDiscussionReply,
[platform]      | ^^^^^^^^^^^^^^^^^^^^^^^^
[platform] > 11 |   createTrainingAnnouncement,
[platform]      | ^^^^^^^^^^^^^^^^^^^^^^^^^^^^^
[platform] > 12 |   createTrainingAssignment,
[platform]      | ^^^^^^^^^^^^^^^^^^^^^^^^^^^
[platform] > 13 |   createTrainingAssessment,
[platform]      | ^^^^^^^^^^^^^^^^^^^^^^^^^^^
[platform] > 14 |   createTrainingDiscussion,
[platform]      | ^^^^^^^^^^^^^^^^^^^^^^^^^^^
[platform] > 15 |   createTrainingLesson,
[platform]      | ^^^^^^^^^^^^^^^^^^^^^^^
[platform] > 16 |   createTrainingLiveSession,
[platform]      | ^^^^^^^^^^^^^^^^^^^^^^^^^^^^
[platform] > 17 |   createTrainingSection,
[platform]      | ^^^^^^^^^^^^^^^^^^^^^^^^
[platform] > 18 |   deleteTrainingAssessment,
[platform]      | ^^^^^^^^^^^^^^^^^^^^^^^^^^^
[platform] > 19 |   deleteTrainingAssignment,
[platform]      | ^^^^^^^^^^^^^^^^^^^^^^^^^^^
[platform] > 20 |   deleteTrainingLesson,
[platform]      | ^^^^^^^^^^^^^^^^^^^^^^^
[platform] > 21 |   deleteTrainingSection,
[platform]      | ^^^^^^^^^^^^^^^^^^^^^^^^
[platform] > 22 |   exportLiveSessionAttendance,
[platform]      | ^^^^^^^^^^^^^^^^^^^^^^^^^^^^^^
[platform] > 23 |   getLiveSessionAttendance,
[platform]      | ^^^^^^^^^^^^^^^^^^^^^^^^^^^
[platform] > 24 |   getTrainingContent,
[platform]      | ^^^^^^^^^^^^^^^^^^^^^
[platform] > 25 |   getTrainingProgress,
[platform]      | ^^^^^^^^^^^^^^^^^^^^^^
[platform] > 26 |   getTrainingSections,
[platform]      | ^^^^^^^^^^^^^^^^^^^^^^
[platform] > 27 |   listTrainingAnnouncements,
[platform]      | ^^^^^^^^^^^^^^^^^^^^^^^^^^^^
[platform] > 28 |   listTrainingAssignments,
[platform]      | ^^^^^^^^^^^^^^^^^^^^^^^^^^
[platform] > 29 |   listTrainingAssessments,
[platform]      | ^^^^^^^^^^^^^^^^^^^^^^^^^^
[platform] > 30 |   listTrainingDiscussions,
[platform]      | ^^^^^^^^^^^^^^^^^^^^^^^^^^
[platform] > 31 |   enrolInTraining,
[platform]      | ^^^^^^^^^^^^^^^^^^
[platform] > 32 |   listTrainingEnrolments,
[platform]      | ^^^^^^^^^^^^^^^^^^^^^^^^^
[platform] > 33 |   listTrainingLiveSessions,
[platform]      | ^^^^^^^^^^^^^^^^^^^^^^^^^^^
[platform] > 34 |   listTrainingOrders,
[platform]      | ^^^^^^^^^^^^^^^^^^^^^
[platform] > 35 |   markLiveSessionAttendance,
[platform]      | ^^^^^^^^^^^^^^^^^^^^^^^^^^^^
[platform] > 36 |   refundTrainingOrder,
[platform]      | ^^^^^^^^^^^^^^^^^^^^^^
[platform] > 37 |   patchTrainingOrderStatus,
[platform]      | ^^^^^^^^^^^^^^^^^^^^^^^^^^^
[platform] > 38 |   TrainingsApiError,
[platform]      | ^^^^^^^^^^^^^^^^^^^^
[platform] > 39 |   type CreateLiveSessionPayload,
[platform]      | ^^^^^^^^^^^^^^^^^^^^^^^^^^^^^^^^
[platform] > 40 |   type CreateTrainingSectionPayload,
[platform]      | ^^^^^^^^^^^^^^^^^^^^^^^^^^^^^^^^^^^^
[platform] > 41 | } from "./trainings.service";
[platform]      | ^^^^^^^^^^^^^^^^^^^^^^^^^^^^^
[platform]   42 | import { formatTrainingDate, humanizeLabel } from "./detail-formatters";
[platform]   43 |
[platform]   44 | function SectionCard({ title, children, action }: { title: string; children: React.ReactNo...
[platform] 
[platform] The export deleteTrainingAssignment was not found in module [project]/packages/features/enterprise-trainings/src/trainings.service.ts [app-client] (ecmascript).
[platform] Did you mean to import deleteTrainingAssessment?
[platform] All exports of the module are statically known (It doesn't have dynamic exports). So it's known statically that the requested export doesn't exist.
[platform] 
[platform] Import traces:
[platform]   Client Component Browser:
[platform]     ./packages/features/enterprise-trainings/src/TrainingDetailsSections.tsx [Client Component Browser]
[platform]     ./packages/features/enterprise-trainings/src/TrainingDetailsScreen.tsx [Client Component Browser]
[platform]     ./packages/features/enterprise-trainings/src/index.ts [Client Component Browser]
[platform]     ./packages/features/platform-marketplace-static/src/PlatformProgramsScreen.tsx [Client Component Browser]
[platform]     ./packages/features/platform-marketplace-static/src/PlatformProgramsScreen.tsx [Server Component]
[platform]     ./packages/features/platform-marketplace-static/src/index.ts [Server Component]
[platform]     ./apps/platform-admin/src/app/trainings/page.tsx [Server Component]
[platform] 
[platform]   Client Component SSR:
[platform]     ./packages/features/enterprise-trainings/src/TrainingDetailsSections.tsx [Client Component SSR]
[platform]     ./packages/features/enterprise-trainings/src/TrainingDetailsScreen.tsx [Client Component SSR]
[platform]     ./packages/features/enterprise-trainings/src/index.ts [Client Component SSR]
[platform]     ./packages/features/platform-marketplace-static/src/PlatformProgramsScreen.tsx [Client Component SSR]
[platform]     ./packages/features/platform-marketplace-static/src/PlatformProgramsScreen.tsx [Server Component]
[platform]     ./packages/features/platform-marketplace-static/src/index.ts [Server Component]
[platform]     ./apps/platform-admin/src/app/trainings/page.tsx [Server Component] 
[platform] [browser] ./packages/features/enterprise-trainings/src/TrainingDetailsSections.tsx:5:1
[platform] Export deleteTrainingAssignment doesn't exist in target module
[platform]    3 | import { useState } from "react";
[platform]    4 | import { useMutation, useQuery, useQueryClient } from "@tanstack/react-query";
[platform] >  5 | import {
[platform]      | ^^^^^^^
[platform] >  6 |   addAssessmentQuestions,
[platform]      | ^^^^^^^^^^^^^^^^^^^^^^^^^
[platform] >  7 |   approveTrainingEnrolment,
[platform]      | ^^^^^^^^^^^^^^^^^^^^^^^^^^^
[platform] >  8 |   cancelTrainingEnrolment,
[platform]      | ^^^^^^^^^^^^^^^^^^^^^^^^^^
[platform] >  9 |   completeTrainingLesson,
[platform]      | ^^^^^^^^^^^^^^^^^^^^^^^^^
[platform] > 10 |   createDiscussionReply,
[platform]      | ^^^^^^^^^^^^^^^^^^^^^^^^
[platform] > 11 |   createTrainingAnnouncement,
[platform]      | ^^^^^^^^^^^^^^^^^^^^^^^^^^^^^
[platform] > 12 |   createTrainingAssignment,
[platform]      | ^^^^^^^^^^^^^^^^^^^^^^^^^^^
[platform] > 13 |   createTrainingAssessment,
[platform]      | ^^^^^^^^^^^^^^^^^^^^^^^^^^^
[platform] > 14 |   createTrainingDiscussion,
[platform]      | ^^^^^^^^^^^^^^^^^^^^^^^^^^^
[platform] > 15 |   createTrainingLesson,
[platform]      | ^^^^^^^^^^^^^^^^^^^^^^^
[platform] > 16 |   createTrainingLiveSession,
[platform]      | ^^^^^^^^^^^^^^^^^^^^^^^^^^^^
[platform] > 17 |   createTrainingSection,
[platform]      | ^^^^^^^^^^^^^^^^^^^^^^^^
[platform] > 18 |   deleteTrainingAssessment,
[platform]      | ^^^^^^^^^^^^^^^^^^^^^^^^^^^
[platform] > 19 |   deleteTrainingAssignment,
[platform]      | ^^^^^^^^^^^^^^^^^^^^^^^^^^^
[platform] > 20 |   deleteTrainingLesson,
[platform]      | ^^^^^^^^^^^^^^^^^^^^^^^
[platform] > 21 |   deleteTrainingSection,
[platform]      | ^^^^^^^^^^^^^^^^^^^^^^^^
[platform] > 22 |   exportLiveSessionAttendance,
[platform]      | ^^^^^^^^^^^^^^^^^^^^^^^^^^^^^^
[platform] > 23 |   getLiveSessionAttendance,
[platform]      | ^^^^^^^^^^^^^^^^^^^^^^^^^^^
[platform] > 24 |   getTrainingContent,
[platform]      | ^^^^^^^^^^^^^^^^^^^^^
[platform] > 25 |   getTrainingProgress,
[platform]      | ^^^^^^^^^^^^^^^^^^^^^^
[platform] > 26 |   getTrainingSections,
[platform]      | ^^^^^^^^^^^^^^^^^^^^^^
[platform] > 27 |   listTrainingAnnouncements,
[platform]      | ^^^^^^^^^^^^^^^^^^^^^^^^^^^^
[platform] > 28 |   listTrainingAssignments,
[platform]      | ^^^^^^^^^^^^^^^^^^^^^^^^^^
[platform] > 29 |   listTrainingAssessments,
[platform]      | ^^^^^^^^^^^^^^^^^^^^^^^^^^
[platform] > 30 |   listTrainingDiscussions,
[platform]      | ^^^^^^^^^^^^^^^^^^^^^^^^^^
[platform] > 31 |   enrolInTraining,
[platform]      | ^^^^^^^^^^^^^^^^^^
[platform] > 32 |   listTrainingEnrolments,
[platform]      | ^^^^^^^^^^^^^^^^^^^^^^^^^
[platform] > 33 |   listTrainingLiveSessions,
[platform]      | ^^^^^^^^^^^^^^^^^^^^^^^^^^^
[platform] > 34 |   listTrainingOrders,
[platform]      | ^^^^^^^^^^^^^^^^^^^^^
[platform] > 35 |   markLiveSessionAttendance,
[platform]      | ^^^^^^^^^^^^^^^^^^^^^^^^^^^^
[platform] > 36 |   refundTrainingOrder,
[platform]      | ^^^^^^^^^^^^^^^^^^^^^^
[platform] > 37 |   patchTrainingOrderStatus,
[platform]      | ^^^^^^^^^^^^^^^^^^^^^^^^^^^
[platform] > 38 |   TrainingsApiError,
[platform]      | ^^^^^^^^^^^^^^^^^^^^
[platform] > 39 |   type CreateLiveSessionPayload,
[platform]      | ^^^^^^^^^^^^^^^^^^^^^^^^^^^^^^^^
[platform] > 40 |   type CreateTrainingSectionPayload,
[platform]      | ^^^^^^^^^^^^^^^^^^^^^^^^^^^^^^^^^^^^
[platform] > 41 | } from "./trainings.service";
[platform]      | ^^^^^^^^^^^^^^^^^^^^^^^^^^^^^
[platform]   42 | import { formatTrainingDate, humanizeLabel } from "./detail-formatters";
[platform]   43 |
[platform]   44 | function SectionCard({ title, children, action }: { title: string; children: React.ReactNo...
[platform] 
[platform] The export deleteTrainingAssignment was not found in module [project]/packages/features/enterprise-trainings/src/trainings.service.ts [app-ssr] (ecmascript).
[platform] Did you mean to import deleteTrainingAssessment?
[platform] All exports of the module are statically known (It doesn't have dynamic exports). So it's known statically that the requested export doesn't exist.
[platform] 
[platform] Import traces:
[platform]   Client Component Browser:
[platform]     ./packages/features/enterprise-trainings/src/TrainingDetailsSections.tsx [Client Component Browser]
[platform]     ./packages/features/enterprise-trainings/src/TrainingDetailsScreen.tsx [Client Component Browser]
[platform]     ./packages/features/enterprise-trainings/src/index.ts [Client Component Browser]
[platform]     ./packages/features/platform-marketplace-static/src/PlatformProgramsScreen.tsx [Client Component Browser]
[platform]     ./packages/features/platform-marketplace-static/src/PlatformProgramsScreen.tsx [Server Component]
[platform]     ./packages/features/platform-marketplace-static/src/index.ts [Server Component]
[platform]     ./apps/platform-admin/src/app/trainings/page.tsx [Server Component]
[platform] 
[platform]   Client Component SSR:
[platform]     ./packages/features/enterprise-trainings/src/TrainingDetailsSections.tsx [Client Component SSR]
[platform]     ./packages/features/enterprise-trainings/src/TrainingDetailsScreen.tsx [Client Component SSR]
[platform]     ./packages/features/enterprise-trainings/src/index.ts [Client Component SSR]
[platform]     ./packages/features/platform-marketplace-static/src/PlatformProgramsScreen.tsx [Client Component SSR]
[platform]     ./packages/features/platform-marketplace-static/src/PlatformProgramsScreen.tsx [Server Component]
[platform]     ./packages/features/platform-marketplace-static/src/index.ts [Server Component]
[platform]     ./apps/platform-admin/src/app/trainings/page.tsx [Server Component] 
[platform] [browser] ./packages/features/enterprise-trainings/src/TrainingDetailsSections.tsx:5:1
[platform] Export deleteTrainingAssignment doesn't exist in target module
[platform]    3 | import { useState } from "react";
[platform]    4 | import { useMutation, useQuery, useQueryClient } from "@tanstack/react-query";
[platform] >  5 | import {
[platform]      | ^^^^^^^
[platform] >  6 |   addAssessmentQuestions,
[platform]      | ^^^^^^^^^^^^^^^^^^^^^^^^^
[platform] >  7 |   approveTrainingEnrolment,
[platform]      | ^^^^^^^^^^^^^^^^^^^^^^^^^^^
[platform] >  8 |   cancelTrainingEnrolment,
[platform]      | ^^^^^^^^^^^^^^^^^^^^^^^^^^
[platform] >  9 |   completeTrainingLesson,
[platform]      | ^^^^^^^^^^^^^^^^^^^^^^^^^
[platform] > 10 |   createDiscussionReply,
[platform]      | ^^^^^^^^^^^^^^^^^^^^^^^^
[platform] > 11 |   createTrainingAnnouncement,
[platform]      | ^^^^^^^^^^^^^^^^^^^^^^^^^^^^^
[platform] > 12 |   createTrainingAssignment,
[platform]      | ^^^^^^^^^^^^^^^^^^^^^^^^^^^
[platform] > 13 |   createTrainingAssessment,
[platform]      | ^^^^^^^^^^^^^^^^^^^^^^^^^^^
[platform] > 14 |   createTrainingDiscussion,
[platform]      | ^^^^^^^^^^^^^^^^^^^^^^^^^^^
[platform] > 15 |   createTrainingLesson,
[platform]      | ^^^^^^^^^^^^^^^^^^^^^^^
[platform] > 16 |   createTrainingLiveSession,
[platform]      | ^^^^^^^^^^^^^^^^^^^^^^^^^^^^
[platform] > 17 |   createTrainingSection,
[platform]      | ^^^^^^^^^^^^^^^^^^^^^^^^
[platform] > 18 |   deleteTrainingAssessment,
[platform]      | ^^^^^^^^^^^^^^^^^^^^^^^^^^^
[platform] > 19 |   deleteTrainingAssignment,
[platform]      | ^^^^^^^^^^^^^^^^^^^^^^^^^^^
[platform] > 20 |   deleteTrainingLesson,
[platform]      | ^^^^^^^^^^^^^^^^^^^^^^^
[platform] > 21 |   deleteTrainingSection,
[platform]      | ^^^^^^^^^^^^^^^^^^^^^^^^
[platform] > 22 |   exportLiveSessionAttendance,
[platform]      | ^^^^^^^^^^^^^^^^^^^^^^^^^^^^^^
[platform] > 23 |   getLiveSessionAttendance,
[platform]      | ^^^^^^^^^^^^^^^^^^^^^^^^^^^
[platform] > 24 |   getTrainingContent,
[platform]      | ^^^^^^^^^^^^^^^^^^^^^
[platform] > 25 |   getTrainingProgress,
[platform]      | ^^^^^^^^^^^^^^^^^^^^^^
[platform] > 26 |   getTrainingSections,
[platform]      | ^^^^^^^^^^^^^^^^^^^^^^
[platform] > 27 |   listTrainingAnnouncements,
[platform]      | ^^^^^^^^^^^^^^^^^^^^^^^^^^^^
[platform] > 28 |   listTrainingAssignments,
[platform]      | ^^^^^^^^^^^^^^^^^^^^^^^^^^
[platform] > 29 |   listTrainingAssessments,
[platform]      | ^^^^^^^^^^^^^^^^^^^^^^^^^^
[platform] > 30 |   listTrainingDiscussions,
[platform]      | ^^^^^^^^^^^^^^^^^^^^^^^^^^
[platform] > 31 |   enrolInTraining,
[platform]      | ^^^^^^^^^^^^^^^^^^
[platform] > 32 |   listTrainingEnrolments,
[platform]      | ^^^^^^^^^^^^^^^^^^^^^^^^^
[platform] > 33 |   listTrainingLiveSessions,
[platform]      | ^^^^^^^^^^^^^^^^^^^^^^^^^^^
[platform] > 34 |   listTrainingOrders,
[platform]      | ^^^^^^^^^^^^^^^^^^^^^
[platform] > 35 |   markLiveSessionAttendance,
[platform]      | ^^^^^^^^^^^^^^^^^^^^^^^^^^^^
[platform] > 36 |   refundTrainingOrder,
[platform]      | ^^^^^^^^^^^^^^^^^^^^^^
[platform] > 37 |   patchTrainingOrderStatus,
[platform]      | ^^^^^^^^^^^^^^^^^^^^^^^^^^^
[platform] > 38 |   TrainingsApiError,
[platform]      | ^^^^^^^^^^^^^^^^^^^^
[platform] > 39 |   type CreateLiveSessionPayload,
[platform]      | ^^^^^^^^^^^^^^^^^^^^^^^^^^^^^^^^
[platform] > 40 |   type CreateTrainingSectionPayload,
[platform]      | ^^^^^^^^^^^^^^^^^^^^^^^^^^^^^^^^^^^^
[platform] > 41 | } from "./trainings.service";
[platform]      | ^^^^^^^^^^^^^^^^^^^^^^^^^^^^^
[platform]   42 | import { formatTrainingDate, humanizeLabel } from "./detail-formatters";
[platform]   43 |
[platform]   44 | function SectionCard({ title, children, action }: { title: string; children: React.ReactNo...
[platform] 
[platform] The export deleteTrainingAssignment was not found in module [project]/packages/features/enterprise-trainings/src/trainings.service.ts [app-client] (ecmascript).
[platform] Did you mean to import deleteTrainingAssessment?
[platform] All exports of the module are statically known (It doesn't have dynamic exports). So it's known statically that the requested export doesn't exist.
[platform] 
[platform] Import traces:
[platform]   Client Component Browser:
[platform]     ./packages/features/enterprise-trainings/src/TrainingDetailsSections.tsx [Client Component Browser]
[platform]     ./packages/features/enterprise-trainings/src/TrainingDetailsScreen.tsx [Client Component Browser]
[platform]     ./packages/features/enterprise-trainings/src/index.ts [Client Component Browser]
[platform]     ./packages/features/platform-marketplace-static/src/PlatformProgramsScreen.tsx [Client Component Browser]
[platform]     ./packages/features/platform-marketplace-static/src/PlatformProgramsScreen.tsx [Server Component]
[platform]     ./packages/features/platform-marketplace-static/src/index.ts [Server Component]
[platform]     ./apps/platform-admin/src/app/trainings/page.tsx [Server Component]
[platform] 
[platform]   Client Component SSR:
[platform]     ./packages/features/enterprise-trainings/src/TrainingDetailsSections.tsx [Client Component SSR]
[platform]     ./packages/features/enterprise-trainings/src/TrainingDetailsScreen.tsx [Client Component SSR]
[platform]     ./packages/features/enterprise-trainings/src/index.ts [Client Component SSR]
[platform]     ./packages/features/platform-marketplace-static/src/PlatformProgramsScreen.tsx [Client Component SSR]
[platform]     ./packages/features/platform-marketplace-static/src/PlatformProgramsScreen.tsx [Server Component]
[platform]     ./packages/features/platform-marketplace-static/src/index.ts [Server Component]
[platform]     ./apps/platform-admin/src/app/trainings/page.tsx [Server Component] 
[platform] [browser] ./packages/features/enterprise-trainings/src/TrainingDetailsSections.tsx:5:1
[platform] Export deleteTrainingAssignment doesn't exist in target module
[platform]    3 | import { useState } from "react";
[platform]    4 | import { useMutation, useQuery, useQueryClient } from "@tanstack/react-query";
[platform] >  5 | import {
[platform]      | ^^^^^^^
[platform] >  6 |   addAssessmentQuestions,
[platform]      | ^^^^^^^^^^^^^^^^^^^^^^^^^
[platform] >  7 |   approveTrainingEnrolment,
[platform]      | ^^^^^^^^^^^^^^^^^^^^^^^^^^^
[platform] >  8 |   cancelTrainingEnrolment,
[platform]      | ^^^^^^^^^^^^^^^^^^^^^^^^^^
[platform] >  9 |   completeTrainingLesson,
[platform]      | ^^^^^^^^^^^^^^^^^^^^^^^^^
[platform] > 10 |   createDiscussionReply,
[platform]      | ^^^^^^^^^^^^^^^^^^^^^^^^
[platform] > 11 |   createTrainingAnnouncement,
[platform]      | ^^^^^^^^^^^^^^^^^^^^^^^^^^^^^
[platform] > 12 |   createTrainingAssignment,
[platform]      | ^^^^^^^^^^^^^^^^^^^^^^^^^^^
[platform] > 13 |   createTrainingAssessment,
[platform]      | ^^^^^^^^^^^^^^^^^^^^^^^^^^^
[platform] > 14 |   createTrainingDiscussion,
[platform]      | ^^^^^^^^^^^^^^^^^^^^^^^^^^^
[platform] > 15 |   createTrainingLesson,
[platform]      | ^^^^^^^^^^^^^^^^^^^^^^^
[platform] > 16 |   createTrainingLiveSession,
[platform]      | ^^^^^^^^^^^^^^^^^^^^^^^^^^^^
[platform] > 17 |   createTrainingSection,
[platform]      | ^^^^^^^^^^^^^^^^^^^^^^^^
[platform] > 18 |   deleteTrainingAssessment,
[platform]      | ^^^^^^^^^^^^^^^^^^^^^^^^^^^
[platform] > 19 |   deleteTrainingAssignment,
[platform]      | ^^^^^^^^^^^^^^^^^^^^^^^^^^^
[platform] > 20 |   deleteTrainingLesson,
[platform]      | ^^^^^^^^^^^^^^^^^^^^^^^
[platform] > 21 |   deleteTrainingSection,
[platform]      | ^^^^^^^^^^^^^^^^^^^^^^^^
[platform] > 22 |   exportLiveSessionAttendance,
[platform]      | ^^^^^^^^^^^^^^^^^^^^^^^^^^^^^^
[platform] > 23 |   getLiveSessionAttendance,
[platform]      | ^^^^^^^^^^^^^^^^^^^^^^^^^^^
[platform] > 24 |   getTrainingContent,
[platform]      | ^^^^^^^^^^^^^^^^^^^^^
[platform] > 25 |   getTrainingProgress,
[platform]      | ^^^^^^^^^^^^^^^^^^^^^^
[platform] > 26 |   getTrainingSections,
[platform]      | ^^^^^^^^^^^^^^^^^^^^^^
[platform] > 27 |   listTrainingAnnouncements,
[platform]      | ^^^^^^^^^^^^^^^^^^^^^^^^^^^^
[platform] > 28 |   listTrainingAssignments,
[platform]      | ^^^^^^^^^^^^^^^^^^^^^^^^^^
[platform] > 29 |   listTrainingAssessments,
[platform]      | ^^^^^^^^^^^^^^^^^^^^^^^^^^
[platform] > 30 |   listTrainingDiscussions,
[platform]      | ^^^^^^^^^^^^^^^^^^^^^^^^^^
[platform] > 31 |   enrolInTraining,
[platform]      | ^^^^^^^^^^^^^^^^^^
[platform] > 32 |   listTrainingEnrolments,
[platform]      | ^^^^^^^^^^^^^^^^^^^^^^^^^
[platform] > 33 |   listTrainingLiveSessions,
[platform]      | ^^^^^^^^^^^^^^^^^^^^^^^^^^^
[platform] > 34 |   listTrainingOrders,
[platform]      | ^^^^^^^^^^^^^^^^^^^^^
[platform] > 35 |   markLiveSessionAttendance,
[platform]      | ^^^^^^^^^^^^^^^^^^^^^^^^^^^^
[platform] > 36 |   refundTrainingOrder,
[platform]      | ^^^^^^^^^^^^^^^^^^^^^^
[platform] > 37 |   patchTrainingOrderStatus,
[platform]      | ^^^^^^^^^^^^^^^^^^^^^^^^^^^
[platform] > 38 |   TrainingsApiError,
[platform]      | ^^^^^^^^^^^^^^^^^^^^
[platform] > 39 |   type CreateLiveSessionPayload,
[platform]      | ^^^^^^^^^^^^^^^^^^^^^^^^^^^^^^^^
[platform] > 40 |   type CreateTrainingSectionPayload,
[platform]      | ^^^^^^^^^^^^^^^^^^^^^^^^^^^^^^^^^^^^
[platform] > 41 | } from "./trainings.service";
[platform]      | ^^^^^^^^^^^^^^^^^^^^^^^^^^^^^
[platform]   42 | import { formatTrainingDate, humanizeLabel } from "./detail-formatters";
[platform]   43 |
[platform]   44 | function SectionCard({ title, children, action }: { title: string; children: React.ReactNo...
[platform] 
[platform] The export deleteTrainingAssignment was not found in module [project]/packages/features/enterprise-trainings/src/trainings.service.ts [app-ssr] (ecmascript).
[platform] Did you mean to import deleteTrainingAssessment?
[platform] All exports of the module are statically known (It doesn't have dynamic exports). So it's known statically that the requested export doesn't exist.
[platform] 
[platform] Import traces:
[platform]   Client Component Browser:
[platform]     ./packages/features/enterprise-trainings/src/TrainingDetailsSections.tsx [Client Component Browser]
[platform]     ./packages/features/enterprise-trainings/src/TrainingDetailsScreen.tsx [Client Component Browser]
[platform]     ./packages/features/enterprise-trainings/src/index.ts [Client Component Browser]
[platform]     ./packages/features/platform-marketplace-static/src/PlatformProgramsScreen.tsx [Client Component Browser]
[platform]     ./packages/features/platform-marketplace-static/src/PlatformProgramsScreen.tsx [Server Component]
[platform]     ./packages/features/platform-marketplace-static/src/index.ts [Server Component]
[platform]     ./apps/platform-admin/src/app/trainings/page.tsx [Server Component]
[platform] 
[platform]   Client Component SSR:
[platform]     ./packages/features/enterprise-trainings/src/TrainingDetailsSections.tsx [Client Component SSR]
[platform]     ./packages/features/enterprise-trainings/src/TrainingDetailsScreen.tsx [Client Component SSR]
[platform]     ./packages/features/enterprise-trainings/src/index.ts [Client Component SSR]
[platform]     ./packages/features/platform-marketplace-static/src/PlatformProgramsScreen.tsx [Client Component SSR]
[platform]     ./packages/features/platform-marketplace-static/src/PlatformProgramsScreen.tsx [Server Component]
[platform]     ./packages/features/platform-marketplace-static/src/index.ts [Server Component]
[platform]     ./apps/platform-admin/src/app/trainings/page.tsx [Server Component] 
[platform] [browser] ./packages/features/enterprise-trainings/src/TrainingDetailsSections.tsx:5:1
[platform] Export deleteTrainingAssignment doesn't exist in target module
[platform]    3 | import { useState } from "react";
[platform]    4 | import { useMutation, useQuery, useQueryClient } from "@tanstack/react-query";
[platform] >  5 | import {
[platform]      | ^^^^^^^
[platform] >  6 |   addAssessmentQuestions,
[platform]      | ^^^^^^^^^^^^^^^^^^^^^^^^^
[platform] >  7 |   approveTrainingEnrolment,
[platform]      | ^^^^^^^^^^^^^^^^^^^^^^^^^^^
[platform] >  8 |   cancelTrainingEnrolment,
[platform]      | ^^^^^^^^^^^^^^^^^^^^^^^^^^
[platform] >  9 |   completeTrainingLesson,
[platform]      | ^^^^^^^^^^^^^^^^^^^^^^^^^
[platform] > 10 |   createDiscussionReply,
[platform]      | ^^^^^^^^^^^^^^^^^^^^^^^^
[platform] > 11 |   createTrainingAnnouncement,
[platform]      | ^^^^^^^^^^^^^^^^^^^^^^^^^^^^^
[platform] > 12 |   createTrainingAssignment,
[platform]      | ^^^^^^^^^^^^^^^^^^^^^^^^^^^
[platform] > 13 |   createTrainingAssessment,
[platform]      | ^^^^^^^^^^^^^^^^^^^^^^^^^^^
[platform] > 14 |   createTrainingDiscussion,
[platform]      | ^^^^^^^^^^^^^^^^^^^^^^^^^^^
[platform] > 15 |   createTrainingLesson,
[platform]      | ^^^^^^^^^^^^^^^^^^^^^^^
[platform] > 16 |   createTrainingLiveSession,
[platform]      | ^^^^^^^^^^^^^^^^^^^^^^^^^^^^
[platform] > 17 |   createTrainingSection,
[platform]      | ^^^^^^^^^^^^^^^^^^^^^^^^
[platform] > 18 |   deleteTrainingAssessment,
[platform]      | ^^^^^^^^^^^^^^^^^^^^^^^^^^^
[platform] > 19 |   deleteTrainingAssignment,
[platform]      | ^^^^^^^^^^^^^^^^^^^^^^^^^^^
[platform] > 20 |   deleteTrainingLesson,
[platform]      | ^^^^^^^^^^^^^^^^^^^^^^^
[platform] > 21 |   deleteTrainingSection,
[platform]      | ^^^^^^^^^^^^^^^^^^^^^^^^
[platform] > 22 |   exportLiveSessionAttendance,
[platform]      | ^^^^^^^^^^^^^^^^^^^^^^^^^^^^^^
[platform] > 23 |   getLiveSessionAttendance,
[platform]      | ^^^^^^^^^^^^^^^^^^^^^^^^^^^
[platform] > 24 |   getTrainingContent,
[platform]      | ^^^^^^^^^^^^^^^^^^^^^
[platform] > 25 |   getTrainingProgress,
[platform]      | ^^^^^^^^^^^^^^^^^^^^^^
[platform] > 26 |   getTrainingSections,
[platform]      | ^^^^^^^^^^^^^^^^^^^^^^
[platform] > 27 |   listTrainingAnnouncements,
[platform]      | ^^^^^^^^^^^^^^^^^^^^^^^^^^^^
[platform] > 28 |   listTrainingAssignments,
[platform]      | ^^^^^^^^^^^^^^^^^^^^^^^^^^
[platform] > 29 |   listTrainingAssessments,
[platform]      | ^^^^^^^^^^^^^^^^^^^^^^^^^^
[platform] > 30 |   listTrainingDiscussions,
[platform]      | ^^^^^^^^^^^^^^^^^^^^^^^^^^
[platform] > 31 |   enrolInTraining,
[platform]      | ^^^^^^^^^^^^^^^^^^
[platform] > 32 |   listTrainingEnrolments,
[platform]      | ^^^^^^^^^^^^^^^^^^^^^^^^^
[platform] > 33 |   listTrainingLiveSessions,
[platform]      | ^^^^^^^^^^^^^^^^^^^^^^^^^^^
[platform] > 34 |   listTrainingOrders,
[platform]      | ^^^^^^^^^^^^^^^^^^^^^
[platform] > 35 |   markLiveSessionAttendance,
[platform]      | ^^^^^^^^^^^^^^^^^^^^^^^^^^^^
[platform] > 36 |   refundTrainingOrder,
[platform]      | ^^^^^^^^^^^^^^^^^^^^^^
[platform] > 37 |   patchTrainingOrderStatus,
[platform]      | ^^^^^^^^^^^^^^^^^^^^^^^^^^^
[platform] > 38 |   TrainingsApiError,
[platform]      | ^^^^^^^^^^^^^^^^^^^^
[platform] > 39 |   type CreateLiveSessionPayload,
[platform]      | ^^^^^^^^^^^^^^^^^^^^^^^^^^^^^^^^
[platform] > 40 |   type CreateTrainingSectionPayload,
[platform]      | ^^^^^^^^^^^^^^^^^^^^^^^^^^^^^^^^^^^^
[platform] > 41 | } from "./trainings.service";
[platform]      | ^^^^^^^^^^^^^^^^^^^^^^^^^^^^^
[platform]   42 | import { formatTrainingDate, humanizeLabel } from "./detail-formatters";
[platform]   43 |
[platform]   44 | function SectionCard({ title, children, action }: { title: string; children: React.ReactNo...
[platform] 
[platform] The export deleteTrainingAssignment was not found in module [project]/packages/features/enterprise-trainings/src/trainings.service.ts [app-client] (ecmascript).
[platform] Did you mean to import deleteTrainingAssessment?
[platform] All exports of the module are statically known (It doesn't have dynamic exports). So it's known statically that the requested export doesn't exist.
[platform] 
[platform] Import traces:
[platform]   Client Component Browser:
[platform]     ./packages/features/enterprise-trainings/src/TrainingDetailsSections.tsx [Client Component Browser]
[platform]     ./packages/features/enterprise-trainings/src/TrainingDetailsScreen.tsx [Client Component Browser]
[platform]     ./packages/features/enterprise-trainings/src/index.ts [Client Component Browser]
[platform]     ./packages/features/platform-marketplace-static/src/PlatformProgramsScreen.tsx [Client Component Browser]
[platform]     ./packages/features/platform-marketplace-static/src/PlatformProgramsScreen.tsx [Server Component]
[platform]     ./packages/features/platform-marketplace-static/src/index.ts [Server Component]
[platform]     ./apps/platform-admin/src/app/trainings/page.tsx [Server Component]
[platform] 
[platform]   Client Component SSR:
[platform]     ./packages/features/enterprise-trainings/src/TrainingDetailsSections.tsx [Client Component SSR]
[platform]     ./packages/features/enterprise-trainings/src/TrainingDetailsScreen.tsx [Client Component SSR]
[platform]     ./packages/features/enterprise-trainings/src/index.ts [Client Component SSR]
[platform]     ./packages/features/platform-marketplace-static/src/PlatformProgramsScreen.tsx [Client Component SSR]
[platform]     ./packages/features/platform-marketplace-static/src/PlatformProgramsScreen.tsx [Server Component]
[platform]     ./packages/features/platform-marketplace-static/src/index.ts [Server Component]
[platform]     ./apps/platform-admin/src/app/trainings/page.tsx [Server Component] 
[platform] [browser] ./packages/features/enterprise-trainings/src/TrainingDetailsSections.tsx:5:1
[platform] Export deleteTrainingAssignment doesn't exist in target module
[platform]    3 | import { useState } from "react";
[platform]    4 | import { useMutation, useQuery, useQueryClient } from "@tanstack/react-query";
[platform] >  5 | import {
[platform]      | ^^^^^^^
[platform] >  6 |   addAssessmentQuestions,
[platform]      | ^^^^^^^^^^^^^^^^^^^^^^^^^
[platform] >  7 |   approveTrainingEnrolment,
[platform]      | ^^^^^^^^^^^^^^^^^^^^^^^^^^^
[platform] >  8 |   cancelTrainingEnrolment,
[platform]      | ^^^^^^^^^^^^^^^^^^^^^^^^^^
[platform] >  9 |   completeTrainingLesson,
[platform]      | ^^^^^^^^^^^^^^^^^^^^^^^^^
[platform] > 10 |   createDiscussionReply,
[platform]      | ^^^^^^^^^^^^^^^^^^^^^^^^
[platform] > 11 |   createTrainingAnnouncement,
[platform]      | ^^^^^^^^^^^^^^^^^^^^^^^^^^^^^
[platform] > 12 |   createTrainingAssignment,
[platform]      | ^^^^^^^^^^^^^^^^^^^^^^^^^^^
[platform] > 13 |   createTrainingAssessment,
[platform]      | ^^^^^^^^^^^^^^^^^^^^^^^^^^^
[platform] > 14 |   createTrainingDiscussion,
[platform]      | ^^^^^^^^^^^^^^^^^^^^^^^^^^^
[platform] > 15 |   createTrainingLesson,
[platform]      | ^^^^^^^^^^^^^^^^^^^^^^^
[platform] > 16 |   createTrainingLiveSession,
[platform]      | ^^^^^^^^^^^^^^^^^^^^^^^^^^^^
[platform] > 17 |   createTrainingSection,
[platform]      | ^^^^^^^^^^^^^^^^^^^^^^^^
[platform] > 18 |   deleteTrainingAssessment,
[platform]      | ^^^^^^^^^^^^^^^^^^^^^^^^^^^
[platform] > 19 |   deleteTrainingAssignment,
[platform]      | ^^^^^^^^^^^^^^^^^^^^^^^^^^^
[platform] > 20 |   deleteTrainingLesson,
[platform]      | ^^^^^^^^^^^^^^^^^^^^^^^
[platform] > 21 |   deleteTrainingSection,
[platform]      | ^^^^^^^^^^^^^^^^^^^^^^^^
[platform] > 22 |   exportLiveSessionAttendance,
[platform]      | ^^^^^^^^^^^^^^^^^^^^^^^^^^^^^^
[platform] > 23 |   getLiveSessionAttendance,
[platform]      | ^^^^^^^^^^^^^^^^^^^^^^^^^^^
[platform] > 24 |   getTrainingContent,
[platform]      | ^^^^^^^^^^^^^^^^^^^^^
[platform] > 25 |   getTrainingProgress,
[platform]      | ^^^^^^^^^^^^^^^^^^^^^^
[platform] > 26 |   getTrainingSections,
[platform]      | ^^^^^^^^^^^^^^^^^^^^^^
[platform] > 27 |   listTrainingAnnouncements,
[platform]      | ^^^^^^^^^^^^^^^^^^^^^^^^^^^^
[platform] > 28 |   listTrainingAssignments,
[platform]      | ^^^^^^^^^^^^^^^^^^^^^^^^^^
[platform] > 29 |   listTrainingAssessments,
[platform]      | ^^^^^^^^^^^^^^^^^^^^^^^^^^
[platform] > 30 |   listTrainingDiscussions,
[platform]      | ^^^^^^^^^^^^^^^^^^^^^^^^^^
[platform] > 31 |   enrolInTraining,
[platform]      | ^^^^^^^^^^^^^^^^^^
[platform] > 32 |   listTrainingEnrolments,
[platform]      | ^^^^^^^^^^^^^^^^^^^^^^^^^
[platform] > 33 |   listTrainingLiveSessions,
[platform]      | ^^^^^^^^^^^^^^^^^^^^^^^^^^^
[platform] > 34 |   listTrainingOrders,
[platform]      | ^^^^^^^^^^^^^^^^^^^^^
[platform] > 35 |   markLiveSessionAttendance,
[platform]      | ^^^^^^^^^^^^^^^^^^^^^^^^^^^^
[platform] > 36 |   refundTrainingOrder,
[platform]      | ^^^^^^^^^^^^^^^^^^^^^^
[platform] > 37 |   patchTrainingOrderStatus,
[platform]      | ^^^^^^^^^^^^^^^^^^^^^^^^^^^
[platform] > 38 |   TrainingsApiError,
[platform]      | ^^^^^^^^^^^^^^^^^^^^
[platform] > 39 |   type CreateLiveSessionPayload,
[platform]      | ^^^^^^^^^^^^^^^^^^^^^^^^^^^^^^^^
[platform] > 40 |   type CreateTrainingSectionPayload,
[platform]      | ^^^^^^^^^^^^^^^^^^^^^^^^^^^^^^^^^^^^
[platform] > 41 | } from "./trainings.service";
[platform]      | ^^^^^^^^^^^^^^^^^^^^^^^^^^^^^
[platform]   42 | import { formatTrainingDate, humanizeLabel } from "./detail-formatters";
[platform]   43 |
[platform]   44 | function SectionCard({ title, children, action }: { title: string; children: React.ReactNo...
[platform] 
[platform] The export deleteTrainingAssignment was not found in module [project]/packages/features/enterprise-trainings/src/trainings.service.ts [app-ssr] (ecmascript).
[platform] Did you mean to import deleteTrainingAssessment?
[platform] All exports of the module are statically known (It doesn't have dynamic exports). So it's known statically that the requested export doesn't exist.
[platform] 
[platform] Import traces:
[platform]   Client Component Browser:
[platform]     ./packages/features/enterprise-trainings/src/TrainingDetailsSections.tsx [Client Component Browser]
[platform]     ./packages/features/enterprise-trainings/src/TrainingDetailsScreen.tsx [Client Component Browser]
[platform]     ./packages/features/enterprise-trainings/src/index.ts [Client Component Browser]
[platform]     ./packages/features/platform-marketplace-static/src/PlatformProgramsScreen.tsx [Client Component Browser]
[platform]     ./packages/features/platform-marketplace-static/src/PlatformProgramsScreen.tsx [Server Component]
[platform]     ./packages/features/platform-marketplace-static/src/index.ts [Server Component]
[platform]     ./apps/platform-admin/src/app/trainings/page.tsx [Server Component]
[platform] 
[platform]   Client Component SSR:
[platform]     ./packages/features/enterprise-trainings/src/TrainingDetailsSections.tsx [Client Component SSR]
[platform]     ./packages/features/enterprise-trainings/src/TrainingDetailsScreen.tsx [Client Component SSR]
[platform]     ./packages/features/enterprise-trainings/src/index.ts [Client Component SSR]
[platform]     ./packages/features/platform-marketplace-static/src/PlatformProgramsScreen.tsx [Client Component SSR]
[platform]     ./packages/features/platform-marketplace-static/src/PlatformProgramsScreen.tsx [Server Component]
[platform]     ./packages/features/platform-marketplace-static/src/index.ts [Server Component]
[platform]     ./apps/platform-admin/src/app/trainings/page.tsx [Server Component] 
[platform] [browser] ./packages/features/enterprise-trainings/src/TrainingDetailsSections.tsx:5:1
[platform] Export deleteTrainingAssignment doesn't exist in target module
[platform]    3 | import { useState } from "react";
[platform]    4 | import { useMutation, useQuery, useQueryClient } from "@tanstack/react-query";
[platform] >  5 | import {
[platform]      | ^^^^^^^
[platform] >  6 |   addAssessmentQuestions,
[platform]      | ^^^^^^^^^^^^^^^^^^^^^^^^^
[platform] >  7 |   approveTrainingEnrolment,
[platform]      | ^^^^^^^^^^^^^^^^^^^^^^^^^^^
[platform] >  8 |   cancelTrainingEnrolment,
[platform]      | ^^^^^^^^^^^^^^^^^^^^^^^^^^
[platform] >  9 |   completeTrainingLesson,
[platform]      | ^^^^^^^^^^^^^^^^^^^^^^^^^
[platform] > 10 |   createDiscussionReply,
[platform]      | ^^^^^^^^^^^^^^^^^^^^^^^^
[platform] > 11 |   createTrainingAnnouncement,
[platform]      | ^^^^^^^^^^^^^^^^^^^^^^^^^^^^^
[platform] > 12 |   createTrainingAssignment,
[platform]      | ^^^^^^^^^^^^^^^^^^^^^^^^^^^
[platform] > 13 |   createTrainingAssessment,
[platform]      | ^^^^^^^^^^^^^^^^^^^^^^^^^^^
[platform] > 14 |   createTrainingDiscussion,
[platform]      | ^^^^^^^^^^^^^^^^^^^^^^^^^^^
[platform] > 15 |   createTrainingLesson,
[platform]      | ^^^^^^^^^^^^^^^^^^^^^^^
[platform] > 16 |   createTrainingLiveSession,
[platform]      | ^^^^^^^^^^^^^^^^^^^^^^^^^^^^
[platform] > 17 |   createTrainingSection,
[platform]      | ^^^^^^^^^^^^^^^^^^^^^^^^
[platform] > 18 |   deleteTrainingAssessment,
[platform]      | ^^^^^^^^^^^^^^^^^^^^^^^^^^^
[platform] > 19 |   deleteTrainingAssignment,
[platform]      | ^^^^^^^^^^^^^^^^^^^^^^^^^^^
[platform] > 20 |   deleteTrainingLesson,
[platform]      | ^^^^^^^^^^^^^^^^^^^^^^^
[platform] > 21 |   deleteTrainingSection,
[platform]      | ^^^^^^^^^^^^^^^^^^^^^^^^
[platform] > 22 |   exportLiveSessionAttendance,
[platform]      | ^^^^^^^^^^^^^^^^^^^^^^^^^^^^^^
[platform] > 23 |   getLiveSessionAttendance,
[platform]      | ^^^^^^^^^^^^^^^^^^^^^^^^^^^
[platform] > 24 |   getTrainingContent,
[platform]      | ^^^^^^^^^^^^^^^^^^^^^
[platform] > 25 |   getTrainingProgress,
[platform]      | ^^^^^^^^^^^^^^^^^^^^^^
[platform] > 26 |   getTrainingSections,
[platform]      | ^^^^^^^^^^^^^^^^^^^^^^
[platform] > 27 |   listTrainingAnnouncements,
[platform]      | ^^^^^^^^^^^^^^^^^^^^^^^^^^^^
[platform] > 28 |   listTrainingAssignments,
[platform]      | ^^^^^^^^^^^^^^^^^^^^^^^^^^
[platform] > 29 |   listTrainingAssessments,
[platform]      | ^^^^^^^^^^^^^^^^^^^^^^^^^^
[platform] > 30 |   listTrainingDiscussions,
[platform]      | ^^^^^^^^^^^^^^^^^^^^^^^^^^
[platform] > 31 |   enrolInTraining,
[platform]      | ^^^^^^^^^^^^^^^^^^
[platform] > 32 |   listTrainingEnrolments,
[platform]      | ^^^^^^^^^^^^^^^^^^^^^^^^^
[platform] > 33 |   listTrainingLiveSessions,
[platform]      | ^^^^^^^^^^^^^^^^^^^^^^^^^^^
[platform] > 34 |   listTrainingOrders,
[platform]      | ^^^^^^^^^^^^^^^^^^^^^
[platform] > 35 |   markLiveSessionAttendance,
[platform]      | ^^^^^^^^^^^^^^^^^^^^^^^^^^^^
[platform] > 36 |   refundTrainingOrder,
[platform]      | ^^^^^^^^^^^^^^^^^^^^^^
[platform] > 37 |   patchTrainingOrderStatus,
[platform]      | ^^^^^^^^^^^^^^^^^^^^^^^^^^^
[platform] > 38 |   TrainingsApiError,
[platform]      | ^^^^^^^^^^^^^^^^^^^^
[platform] > 39 |   type CreateLiveSessionPayload,
[platform]      | ^^^^^^^^^^^^^^^^^^^^^^^^^^^^^^^^
[platform] > 40 |   type CreateTrainingSectionPayload,
[platform]      | ^^^^^^^^^^^^^^^^^^^^^^^^^^^^^^^^^^^^
[platform] > 41 | } from "./trainings.service";
[platform]      | ^^^^^^^^^^^^^^^^^^^^^^^^^^^^^
[platform]   42 | import { formatTrainingDate, humanizeLabel } from "./detail-formatters";
[platform]   43 |
[platform]   44 | function SectionCard({ title, children, action }: { title: string; children: React.ReactNo...
[platform] 
[platform] The export deleteTrainingAssignment was not found in module [project]/packages/features/enterprise-trainings/src/trainings.service.ts [app-client] (ecmascript).
[platform] Did you mean to import deleteTrainingAssessment?
[platform] All exports of the module are statically known (It doesn't have dynamic exports). So it's known statically that the requested export doesn't exist.
[platform] 
[platform] Import traces:
[platform]   Client Component Browser:
[platform]     ./packages/features/enterprise-trainings/src/TrainingDetailsSections.tsx [Client Component Browser]
[platform]     ./packages/features/enterprise-trainings/src/TrainingDetailsScreen.tsx [Client Component Browser]
[platform]     ./packages/features/enterprise-trainings/src/index.ts [Client Component Browser]
[platform]     ./packages/features/platform-marketplace-static/src/PlatformProgramsScreen.tsx [Client Component Browser]
[platform]     ./packages/features/platform-marketplace-static/src/PlatformProgramsScreen.tsx [Server Component]
[platform]     ./packages/features/platform-marketplace-static/src/index.ts [Server Component]
[platform]     ./apps/platform-admin/src/app/trainings/page.tsx [Server Component]
[platform] 
[platform]   Client Component SSR:
[platform]     ./packages/features/enterprise-trainings/src/TrainingDetailsSections.tsx [Client Component SSR]
[platform]     ./packages/features/enterprise-trainings/src/TrainingDetailsScreen.tsx [Client Component SSR]
[platform]     ./packages/features/enterprise-trainings/src/index.ts [Client Component SSR]
[platform]     ./packages/features/platform-marketplace-static/src/PlatformProgramsScreen.tsx [Client Component SSR]
[platform]     ./packages/features/platform-marketplace-static/src/PlatformProgramsScreen.tsx [Server Component]
[platform]     ./packages/features/platform-marketplace-static/src/index.ts [Server Component]
[platform]     ./apps/platform-admin/src/app/trainings/page.tsx [Server Component] 
[platform] [browser] ./packages/features/enterprise-trainings/src/TrainingDetailsSections.tsx:5:1
[platform] Export deleteTrainingAssignment doesn't exist in target module
[platform]    3 | import { useState } from "react";
[platform]    4 | import { useMutation, useQuery, useQueryClient } from "@tanstack/react-query";
[platform] >  5 | import {
[platform]      | ^^^^^^^
[platform] >  6 |   addAssessmentQuestions,
[platform]      | ^^^^^^^^^^^^^^^^^^^^^^^^^
[platform] >  7 |   approveTrainingEnrolment,
[platform]      | ^^^^^^^^^^^^^^^^^^^^^^^^^^^
[platform] >  8 |   cancelTrainingEnrolment,
[platform]      | ^^^^^^^^^^^^^^^^^^^^^^^^^^
[platform] >  9 |   completeTrainingLesson,
[platform]      | ^^^^^^^^^^^^^^^^^^^^^^^^^
[platform] > 10 |   createDiscussionReply,
[platform]      | ^^^^^^^^^^^^^^^^^^^^^^^^
[platform] > 11 |   createTrainingAnnouncement,
[platform]      | ^^^^^^^^^^^^^^^^^^^^^^^^^^^^^
[platform] > 12 |   createTrainingAssignment,
[platform]      | ^^^^^^^^^^^^^^^^^^^^^^^^^^^
[platform] > 13 |   createTrainingAssessment,
[platform]      | ^^^^^^^^^^^^^^^^^^^^^^^^^^^
[platform] > 14 |   createTrainingDiscussion,
[platform]      | ^^^^^^^^^^^^^^^^^^^^^^^^^^^
[platform] > 15 |   createTrainingLesson,
[platform]      | ^^^^^^^^^^^^^^^^^^^^^^^
[platform] > 16 |   createTrainingLiveSession,
[platform]      | ^^^^^^^^^^^^^^^^^^^^^^^^^^^^
[platform] > 17 |   createTrainingSection,
[platform]      | ^^^^^^^^^^^^^^^^^^^^^^^^
[platform] > 18 |   deleteTrainingAssessment,
[platform]      | ^^^^^^^^^^^^^^^^^^^^^^^^^^^
[platform] > 19 |   deleteTrainingAssignment,
[platform]      | ^^^^^^^^^^^^^^^^^^^^^^^^^^^
[platform] > 20 |   deleteTrainingLesson,
[platform]      | ^^^^^^^^^^^^^^^^^^^^^^^
[platform] > 21 |   deleteTrainingSection,
[platform]      | ^^^^^^^^^^^^^^^^^^^^^^^^
[platform] > 22 |   exportLiveSessionAttendance,
[platform]      | ^^^^^^^^^^^^^^^^^^^^^^^^^^^^^^
[platform] > 23 |   getLiveSessionAttendance,
[platform]      | ^^^^^^^^^^^^^^^^^^^^^^^^^^^
[platform] > 24 |   getTrainingContent,
[platform]      | ^^^^^^^^^^^^^^^^^^^^^
[platform] > 25 |   getTrainingProgress,
[platform]      | ^^^^^^^^^^^^^^^^^^^^^^
[platform] > 26 |   getTrainingSections,
[platform]      | ^^^^^^^^^^^^^^^^^^^^^^
[platform] > 27 |   listTrainingAnnouncements,
[platform]      | ^^^^^^^^^^^^^^^^^^^^^^^^^^^^
[platform] > 28 |   listTrainingAssignments,
[platform]      | ^^^^^^^^^^^^^^^^^^^^^^^^^^
[platform] > 29 |   listTrainingAssessments,
[platform]      | ^^^^^^^^^^^^^^^^^^^^^^^^^^
[platform] > 30 |   listTrainingDiscussions,
[platform]      | ^^^^^^^^^^^^^^^^^^^^^^^^^^
[platform] > 31 |   enrolInTraining,
[platform]      | ^^^^^^^^^^^^^^^^^^
[platform] > 32 |   listTrainingEnrolments,
[platform]      | ^^^^^^^^^^^^^^^^^^^^^^^^^
[platform] > 33 |   listTrainingLiveSessions,
[platform]      | ^^^^^^^^^^^^^^^^^^^^^^^^^^^
[platform] > 34 |   listTrainingOrders,
[platform]      | ^^^^^^^^^^^^^^^^^^^^^
[platform] > 35 |   markLiveSessionAttendance,
[platform]      | ^^^^^^^^^^^^^^^^^^^^^^^^^^^^
[platform] > 36 |   refundTrainingOrder,
[platform]      | ^^^^^^^^^^^^^^^^^^^^^^
[platform] > 37 |   patchTrainingOrderStatus,
[platform]      | ^^^^^^^^^^^^^^^^^^^^^^^^^^^
[platform] > 38 |   TrainingsApiError,
[platform]      | ^^^^^^^^^^^^^^^^^^^^
[platform] > 39 |   type CreateLiveSessionPayload,
[platform]      | ^^^^^^^^^^^^^^^^^^^^^^^^^^^^^^^^
[platform] > 40 |   type CreateTrainingSectionPayload,
[platform]      | ^^^^^^^^^^^^^^^^^^^^^^^^^^^^^^^^^^^^
[platform] > 41 | } from "./trainings.service";
[platform]      | ^^^^^^^^^^^^^^^^^^^^^^^^^^^^^
[platform]   42 | import { formatTrainingDate, humanizeLabel } from "./detail-formatters";
[platform]   43 |
[platform]   44 | function SectionCard({ title, children, action }: { title: string; children: React.ReactNo...
[platform] 
[platform] The export deleteTrainingAssignment was not found in module [project]/packages/features/enterprise-trainings/src/trainings.service.ts [app-ssr] (ecmascript).
[platform] Did you mean to import deleteTrainingAssessment?
[platform] All exports of the module are statically known (It doesn't have dynamic exports). So it's known statically that the requested export doesn't exist.
[platform] 
[platform] Import traces:
[platform]   Client Component Browser:
[platform]     ./packages/features/enterprise-trainings/src/TrainingDetailsSections.tsx [Client Component Browser]
[platform]     ./packages/features/enterprise-trainings/src/TrainingDetailsScreen.tsx [Client Component Browser]
[platform]     ./packages/features/enterprise-trainings/src/index.ts [Client Component Browser]
[platform]     ./packages/features/platform-marketplace-static/src/PlatformProgramsScreen.tsx [Client Component Browser]
[platform]     ./packages/features/platform-marketplace-static/src/PlatformProgramsScreen.tsx [Server Component]
[platform]     ./packages/features/platform-marketplace-static/src/index.ts [Server Component]
[platform]     ./apps/platform-admin/src/app/trainings/page.tsx [Server Component]
[platform] 
[platform]   Client Component SSR:
[platform]     ./packages/features/enterprise-trainings/src/TrainingDetailsSections.tsx [Client Component SSR]
[platform]     ./packages/features/enterprise-trainings/src/TrainingDetailsScreen.tsx [Client Component SSR]
[platform]     ./packages/features/enterprise-trainings/src/index.ts [Client Component SSR]
[platform]     ./packages/features/platform-marketplace-static/src/PlatformProgramsScreen.tsx [Client Component SSR]
[platform]     ./packages/features/platform-marketplace-static/src/PlatformProgramsScreen.tsx [Server Component]
[platform]     ./packages/features/platform-marketplace-static/src/index.ts [Server Component]
[platform]     ./apps/platform-admin/src/app/trainings/page.tsx [Server Component] 
[platform] [browser] ./packages/features/enterprise-trainings/src/TrainingDetailsSections.tsx:5:1
[platform] Export deleteTrainingAssignment doesn't exist in target module
[platform]    3 | import { useState } from "react";
[platform]    4 | import { useMutation, useQuery, useQueryClient } from "@tanstack/react-query";
[platform] >  5 | import {
[platform]      | ^^^^^^^
[platform] >  6 |   addAssessmentQuestions,
[platform]      | ^^^^^^^^^^^^^^^^^^^^^^^^^
[platform] >  7 |   approveTrainingEnrolment,
[platform]      | ^^^^^^^^^^^^^^^^^^^^^^^^^^^
[platform] >  8 |   cancelTrainingEnrolment,
[platform]      | ^^^^^^^^^^^^^^^^^^^^^^^^^^
[platform] >  9 |   completeTrainingLesson,
[platform]      | ^^^^^^^^^^^^^^^^^^^^^^^^^
[platform] > 10 |   createDiscussionReply,
[platform]      | ^^^^^^^^^^^^^^^^^^^^^^^^
[platform] > 11 |   createTrainingAnnouncement,
[platform]      | ^^^^^^^^^^^^^^^^^^^^^^^^^^^^^
[platform] > 12 |   createTrainingAssignment,
[platform]      | ^^^^^^^^^^^^^^^^^^^^^^^^^^^
[platform] > 13 |   createTrainingAssessment,
[platform]      | ^^^^^^^^^^^^^^^^^^^^^^^^^^^
[platform] > 14 |   createTrainingDiscussion,
[platform]      | ^^^^^^^^^^^^^^^^^^^^^^^^^^^
[platform] > 15 |   createTrainingLesson,
[platform]      | ^^^^^^^^^^^^^^^^^^^^^^^
[platform] > 16 |   createTrainingLiveSession,
[platform]      | ^^^^^^^^^^^^^^^^^^^^^^^^^^^^
[platform] > 17 |   createTrainingSection,
[platform]      | ^^^^^^^^^^^^^^^^^^^^^^^^
[platform] > 18 |   deleteTrainingAssessment,
[platform]      | ^^^^^^^^^^^^^^^^^^^^^^^^^^^
[platform] > 19 |   deleteTrainingAssignment,
[platform]      | ^^^^^^^^^^^^^^^^^^^^^^^^^^^
[platform] > 20 |   deleteTrainingLesson,
[platform]      | ^^^^^^^^^^^^^^^^^^^^^^^
[platform] > 21 |   deleteTrainingSection,
[platform]      | ^^^^^^^^^^^^^^^^^^^^^^^^
[platform] > 22 |   exportLiveSessionAttendance,
[platform]      | ^^^^^^^^^^^^^^^^^^^^^^^^^^^^^^
[platform] > 23 |   getLiveSessionAttendance,
[platform]      | ^^^^^^^^^^^^^^^^^^^^^^^^^^^
[platform] > 24 |   getTrainingContent,
[platform]      | ^^^^^^^^^^^^^^^^^^^^^
[platform] > 25 |   getTrainingProgress,
[platform]      | ^^^^^^^^^^^^^^^^^^^^^^
[platform] > 26 |   getTrainingSections,
[platform]      | ^^^^^^^^^^^^^^^^^^^^^^
[platform] > 27 |   listTrainingAnnouncements,
[platform]      | ^^^^^^^^^^^^^^^^^^^^^^^^^^^^
[platform] > 28 |   listTrainingAssignments,
[platform]      | ^^^^^^^^^^^^^^^^^^^^^^^^^^
[platform] > 29 |   listTrainingAssessments,
[platform]      | ^^^^^^^^^^^^^^^^^^^^^^^^^^
[platform] > 30 |   listTrainingDiscussions,
[platform]      | ^^^^^^^^^^^^^^^^^^^^^^^^^^
[platform] > 31 |   enrolInTraining,
[platform]      | ^^^^^^^^^^^^^^^^^^
[platform] > 32 |   listTrainingEnrolments,
[platform]      | ^^^^^^^^^^^^^^^^^^^^^^^^^
[platform] > 33 |   listTrainingLiveSessions,
[platform]      | ^^^^^^^^^^^^^^^^^^^^^^^^^^^
[platform] > 34 |   listTrainingOrders,
[platform]      | ^^^^^^^^^^^^^^^^^^^^^
[platform] > 35 |   markLiveSessionAttendance,
[platform]      | ^^^^^^^^^^^^^^^^^^^^^^^^^^^^
[platform] > 36 |   refundTrainingOrder,
[platform]      | ^^^^^^^^^^^^^^^^^^^^^^
[platform] > 37 |   patchTrainingOrderStatus,
[platform]      | ^^^^^^^^^^^^^^^^^^^^^^^^^^^
[platform] > 38 |   TrainingsApiError,
[platform]      | ^^^^^^^^^^^^^^^^^^^^
[platform] > 39 |   type CreateLiveSessionPayload,
[platform]      | ^^^^^^^^^^^^^^^^^^^^^^^^^^^^^^^^
[platform] > 40 |   type CreateTrainingSectionPayload,
[platform]      | ^^^^^^^^^^^^^^^^^^^^^^^^^^^^^^^^^^^^
[platform] > 41 | } from "./trainings.service";
[platform]      | ^^^^^^^^^^^^^^^^^^^^^^^^^^^^^
[platform]   42 | import { formatTrainingDate, humanizeLabel } from "./detail-formatters";
[platform]   43 |
[platform]   44 | function SectionCard({ title, children, action }: { title: string; children: React.ReactNo...
[platform] 
[platform] The export deleteTrainingAssignment was not found in module [project]/packages/features/enterprise-trainings/src/trainings.service.ts [app-client] (ecmascript).
[platform] Did you mean to import deleteTrainingAssessment?
[platform] All exports of the module are statically known (It doesn't have dynamic exports). So it's known statically that the requested export doesn't exist.
[platform] 
[platform] Import traces:
[platform]   Client Component Browser:
[platform]     ./packages/features/enterprise-trainings/src/TrainingDetailsSections.tsx [Client Component Browser]
[platform]     ./packages/features/enterprise-trainings/src/TrainingDetailsScreen.tsx [Client Component Browser]
[platform]     ./packages/features/enterprise-trainings/src/index.ts [Client Component Browser]
[platform]     ./packages/features/platform-marketplace-static/src/PlatformProgramsScreen.tsx [Client Component Browser]
[platform]     ./packages/features/platform-marketplace-static/src/PlatformProgramsScreen.tsx [Server Component]
[platform]     ./packages/features/platform-marketplace-static/src/index.ts [Server Component]
[platform]     ./apps/platform-admin/src/app/trainings/page.tsx [Server Component]
[platform] 
[platform]   Client Component SSR:
[platform]     ./packages/features/enterprise-trainings/src/TrainingDetailsSections.tsx [Client Component SSR]
[platform]     ./packages/features/enterprise-trainings/src/TrainingDetailsScreen.tsx [Client Component SSR]
[platform]     ./packages/features/enterprise-trainings/src/index.ts [Client Component SSR]
[platform]     ./packages/features/platform-marketplace-static/src/PlatformProgramsScreen.tsx [Client Component SSR]
[platform]     ./packages/features/platform-marketplace-static/src/PlatformProgramsScreen.tsx [Server Component]
[platform]     ./packages/features/platform-marketplace-static/src/index.ts [Server Component]
[platform]     ./apps/platform-admin/src/app/trainings/page.tsx [Server Component] 
[platform] [browser] ./packages/features/enterprise-trainings/src/TrainingDetailsSections.tsx:5:1
[platform] Export deleteTrainingAssignment doesn't exist in target module
[platform]    3 | import { useState } from "react";
[platform]    4 | import { useMutation, useQuery, useQueryClient } from "@tanstack/react-query";
[platform] >  5 | import {
[platform]      | ^^^^^^^
[platform] >  6 |   addAssessmentQuestions,
[platform]      | ^^^^^^^^^^^^^^^^^^^^^^^^^
[platform] >  7 |   approveTrainingEnrolment,
[platform]      | ^^^^^^^^^^^^^^^^^^^^^^^^^^^
[platform] >  8 |   cancelTrainingEnrolment,
[platform]      | ^^^^^^^^^^^^^^^^^^^^^^^^^^
[platform] >  9 |   completeTrainingLesson,
[platform]      | ^^^^^^^^^^^^^^^^^^^^^^^^^
[platform] > 10 |   createDiscussionReply,
[platform]      | ^^^^^^^^^^^^^^^^^^^^^^^^
[platform] > 11 |   createTrainingAnnouncement,
[platform]      | ^^^^^^^^^^^^^^^^^^^^^^^^^^^^^
[platform] > 12 |   createTrainingAssignment,
[platform]      | ^^^^^^^^^^^^^^^^^^^^^^^^^^^
[platform] > 13 |   createTrainingAssessment,
[platform]      | ^^^^^^^^^^^^^^^^^^^^^^^^^^^
[platform] > 14 |   createTrainingDiscussion,
[platform]      | ^^^^^^^^^^^^^^^^^^^^^^^^^^^
[platform] > 15 |   createTrainingLesson,
[platform]      | ^^^^^^^^^^^^^^^^^^^^^^^
[platform] > 16 |   createTrainingLiveSession,
[platform]      | ^^^^^^^^^^^^^^^^^^^^^^^^^^^^
[platform] > 17 |   createTrainingSection,
[platform]      | ^^^^^^^^^^^^^^^^^^^^^^^^
[platform] > 18 |   deleteTrainingAssessment,
[platform]      | ^^^^^^^^^^^^^^^^^^^^^^^^^^^
[platform] > 19 |   deleteTrainingAssignment,
[platform]      | ^^^^^^^^^^^^^^^^^^^^^^^^^^^
[platform] > 20 |   deleteTrainingLesson,
[platform]      | ^^^^^^^^^^^^^^^^^^^^^^^
[platform] > 21 |   deleteTrainingSection,
[platform]      | ^^^^^^^^^^^^^^^^^^^^^^^^
[platform] > 22 |   exportLiveSessionAttendance,
[platform]      | ^^^^^^^^^^^^^^^^^^^^^^^^^^^^^^
[platform] > 23 |   getLiveSessionAttendance,
[platform]      | ^^^^^^^^^^^^^^^^^^^^^^^^^^^
[platform] > 24 |   getTrainingContent,
[platform]      | ^^^^^^^^^^^^^^^^^^^^^
[platform] > 25 |   getTrainingProgress,
[platform]      | ^^^^^^^^^^^^^^^^^^^^^^
[platform] > 26 |   getTrainingSections,
[platform]      | ^^^^^^^^^^^^^^^^^^^^^^
[platform] > 27 |   listTrainingAnnouncements,
[platform]      | ^^^^^^^^^^^^^^^^^^^^^^^^^^^^
[platform] > 28 |   listTrainingAssignments,
[platform]      | ^^^^^^^^^^^^^^^^^^^^^^^^^^
[platform] > 29 |   listTrainingAssessments,
[platform]      | ^^^^^^^^^^^^^^^^^^^^^^^^^^
[platform] > 30 |   listTrainingDiscussions,
[platform]      | ^^^^^^^^^^^^^^^^^^^^^^^^^^
[platform] > 31 |   enrolInTraining,
[platform]      | ^^^^^^^^^^^^^^^^^^
[platform] > 32 |   listTrainingEnrolments,
[platform]      | ^^^^^^^^^^^^^^^^^^^^^^^^^
[platform] > 33 |   listTrainingLiveSessions,
[platform]      | ^^^^^^^^^^^^^^^^^^^^^^^^^^^
[platform] > 34 |   listTrainingOrders,
[platform]      | ^^^^^^^^^^^^^^^^^^^^^
[platform] > 35 |   markLiveSessionAttendance,
[platform]      | ^^^^^^^^^^^^^^^^^^^^^^^^^^^^
[platform] > 36 |   refundTrainingOrder,
[platform]      | ^^^^^^^^^^^^^^^^^^^^^^
[platform] > 37 |   patchTrainingOrderStatus,
[platform]      | ^^^^^^^^^^^^^^^^^^^^^^^^^^^
[platform] > 38 |   TrainingsApiError,
[platform]      | ^^^^^^^^^^^^^^^^^^^^
[platform] > 39 |   type CreateLiveSessionPayload,
[platform]      | ^^^^^^^^^^^^^^^^^^^^^^^^^^^^^^^^
[platform] > 40 |   type CreateTrainingSectionPayload,
[platform]      | ^^^^^^^^^^^^^^^^^^^^^^^^^^^^^^^^^^^^
[platform] > 41 | } from "./trainings.service";
[platform]      | ^^^^^^^^^^^^^^^^^^^^^^^^^^^^^
[platform]   42 | import { formatTrainingDate, humanizeLabel } from "./detail-formatters";
[platform]   43 |
[platform]   44 | function SectionCard({ title, children, action }: { title: string; children: React.ReactNo...
[platform] 
[platform] The export deleteTrainingAssignment was not found in module [project]/packages/features/enterprise-trainings/src/trainings.service.ts [app-ssr] (ecmascript).
[platform] Did you mean to import deleteTrainingAssessment?
[platform] All exports of the module are statically known (It doesn't have dynamic exports). So it's known statically that the requested export doesn't exist.
[platform] 
[platform] Import traces:
[platform]   Client Component Browser:
[platform]     ./packages/features/enterprise-trainings/src/TrainingDetailsSections.tsx [Client Component Browser]
[platform]     ./packages/features/enterprise-trainings/src/TrainingDetailsScreen.tsx [Client Component Browser]
[platform]     ./packages/features/enterprise-trainings/src/index.ts [Client Component Browser]
[platform]     ./packages/features/platform-marketplace-static/src/PlatformProgramsScreen.tsx [Client Component Browser]
[platform]     ./packages/features/platform-marketplace-static/src/PlatformProgramsScreen.tsx [Server Component]
[platform]     ./packages/features/platform-marketplace-static/src/index.ts [Server Component]
[platform]     ./apps/platform-admin/src/app/trainings/page.tsx [Server Component]
[platform] 
[platform]   Client Component SSR:
[platform]     ./packages/features/enterprise-trainings/src/TrainingDetailsSections.tsx [Client Component SSR]
[platform]     ./packages/features/enterprise-trainings/src/TrainingDetailsScreen.tsx [Client Component SSR]
[platform]     ./packages/features/enterprise-trainings/src/index.ts [Client Component SSR]
[platform]     ./packages/features/platform-marketplace-static/src/PlatformProgramsScreen.tsx [Client Component SSR]
[platform]     ./packages/features/platform-marketplace-static/src/PlatformProgramsScreen.tsx [Server Component]
[platform]     ./packages/features/platform-marketplace-static/src/index.ts [Server Component]
[platform]     ./apps/platform-admin/src/app/trainings/page.tsx [Server Component] 
[platform] [browser] ./packages/features/enterprise-trainings/src/TrainingDetailsSections.tsx:5:1
[platform] Export deleteTrainingAssignment doesn't exist in target module
[platform]    3 | import { useState } from "react";
[platform]    4 | import { useMutation, useQuery, useQueryClient } from "@tanstack/react-query";
[platform] >  5 | import {
[platform]      | ^^^^^^^
[platform] >  6 |   addAssessmentQuestions,
[platform]      | ^^^^^^^^^^^^^^^^^^^^^^^^^
[platform] >  7 |   approveTrainingEnrolment,
[platform]      | ^^^^^^^^^^^^^^^^^^^^^^^^^^^
[platform] >  8 |   cancelTrainingEnrolment,
[platform]      | ^^^^^^^^^^^^^^^^^^^^^^^^^^
[platform] >  9 |   completeTrainingLesson,
[platform]      | ^^^^^^^^^^^^^^^^^^^^^^^^^
[platform] > 10 |   createDiscussionReply,
[platform]      | ^^^^^^^^^^^^^^^^^^^^^^^^
[platform] > 11 |   createTrainingAnnouncement,
[platform]      | ^^^^^^^^^^^^^^^^^^^^^^^^^^^^^
[platform] > 12 |   createTrainingAssignment,
[platform]      | ^^^^^^^^^^^^^^^^^^^^^^^^^^^
[platform] > 13 |   createTrainingAssessment,
[platform]      | ^^^^^^^^^^^^^^^^^^^^^^^^^^^
[platform] > 14 |   createTrainingDiscussion,
[platform]      | ^^^^^^^^^^^^^^^^^^^^^^^^^^^
[platform] > 15 |   createTrainingLesson,
[platform]      | ^^^^^^^^^^^^^^^^^^^^^^^
[platform] > 16 |   createTrainingLiveSession,
[platform]      | ^^^^^^^^^^^^^^^^^^^^^^^^^^^^
[platform] > 17 |   createTrainingSection,
[platform]      | ^^^^^^^^^^^^^^^^^^^^^^^^
[platform] > 18 |   deleteTrainingAssessment,
[platform]      | ^^^^^^^^^^^^^^^^^^^^^^^^^^^
[platform] > 19 |   deleteTrainingAssignment,
[platform]      | ^^^^^^^^^^^^^^^^^^^^^^^^^^^
[platform] > 20 |   deleteTrainingLesson,
[platform]      | ^^^^^^^^^^^^^^^^^^^^^^^
[platform] > 21 |   deleteTrainingSection,
[platform]      | ^^^^^^^^^^^^^^^^^^^^^^^^
[platform] > 22 |   exportLiveSessionAttendance,
[platform]      | ^^^^^^^^^^^^^^^^^^^^^^^^^^^^^^
[platform] > 23 |   getLiveSessionAttendance,
[platform]      | ^^^^^^^^^^^^^^^^^^^^^^^^^^^
[platform] > 24 |   getTrainingContent,
[platform]      | ^^^^^^^^^^^^^^^^^^^^^
[platform] > 25 |   getTrainingProgress,
[platform]      | ^^^^^^^^^^^^^^^^^^^^^^
[platform] > 26 |   getTrainingSections,
[platform]      | ^^^^^^^^^^^^^^^^^^^^^^
[platform] > 27 |   listTrainingAnnouncements,
[platform]      | ^^^^^^^^^^^^^^^^^^^^^^^^^^^^
[platform] > 28 |   listTrainingAssignments,
[platform]      | ^^^^^^^^^^^^^^^^^^^^^^^^^^
[platform] > 29 |   listTrainingAssessments,
[platform]      | ^^^^^^^^^^^^^^^^^^^^^^^^^^
[platform] > 30 |   listTrainingDiscussions,
[platform]      | ^^^^^^^^^^^^^^^^^^^^^^^^^^
[platform] > 31 |   enrolInTraining,
[platform]      | ^^^^^^^^^^^^^^^^^^
[platform] > 32 |   listTrainingEnrolments,
[platform]      | ^^^^^^^^^^^^^^^^^^^^^^^^^
[platform] > 33 |   listTrainingLiveSessions,
[platform]      | ^^^^^^^^^^^^^^^^^^^^^^^^^^^
[platform] > 34 |   listTrainingOrders,
[platform]      | ^^^^^^^^^^^^^^^^^^^^^
[platform] > 35 |   markLiveSessionAttendance,
[platform]      | ^^^^^^^^^^^^^^^^^^^^^^^^^^^^
[platform] > 36 |   refundTrainingOrder,
[platform]      | ^^^^^^^^^^^^^^^^^^^^^^
[platform] > 37 |   patchTrainingOrderStatus,
[platform]      | ^^^^^^^^^^^^^^^^^^^^^^^^^^^
[platform] > 38 |   TrainingsApiError,
[platform]      | ^^^^^^^^^^^^^^^^^^^^
[platform] > 39 |   type CreateLiveSessionPayload,
[platform]      | ^^^^^^^^^^^^^^^^^^^^^^^^^^^^^^^^
[platform] > 40 |   type CreateTrainingSectionPayload,
[platform]      | ^^^^^^^^^^^^^^^^^^^^^^^^^^^^^^^^^^^^
[platform] > 41 | } from "./trainings.service";
[platform]      | ^^^^^^^^^^^^^^^^^^^^^^^^^^^^^
[platform]   42 | import { formatTrainingDate, humanizeLabel } from "./detail-formatters";
[platform]   43 |
[platform]   44 | function SectionCard({ title, children, action }: { title: string; children: React.ReactNo...
[platform] 
[platform] The export deleteTrainingAssignment was not found in module [project]/packages/features/enterprise-trainings/src/trainings.service.ts [app-client] (ecmascript).
[platform] Did you mean to import deleteTrainingAssessment?
[platform] All exports of the module are statically known (It doesn't have dynamic exports). So it's known statically that the requested export doesn't exist.
[platform] 
[platform] Import traces:
[platform]   Client Component Browser:
[platform]     ./packages/features/enterprise-trainings/src/TrainingDetailsSections.tsx [Client Component Browser]
[platform]     ./packages/features/enterprise-trainings/src/TrainingDetailsScreen.tsx [Client Component Browser]
[platform]     ./packages/features/enterprise-trainings/src/index.ts [Client Component Browser]
[platform]     ./packages/features/platform-marketplace-static/src/PlatformProgramsScreen.tsx [Client Component Browser]
[platform]     ./packages/features/platform-marketplace-static/src/PlatformProgramsScreen.tsx [Server Component]
[platform]     ./packages/features/platform-marketplace-static/src/index.ts [Server Component]
[platform]     ./apps/platform-admin/src/app/trainings/page.tsx [Server Component]
[platform] 
[platform]   Client Component SSR:
[platform]     ./packages/features/enterprise-trainings/src/TrainingDetailsSections.tsx [Client Component SSR]
[platform]     ./packages/features/enterprise-trainings/src/TrainingDetailsScreen.tsx [Client Component SSR]
[platform]     ./packages/features/enterprise-trainings/src/index.ts [Client Component SSR]
[platform]     ./packages/features/platform-marketplace-static/src/PlatformProgramsScreen.tsx [Client Component SSR]
[platform]     ./packages/features/platform-marketplace-static/src/PlatformProgramsScreen.tsx [Server Component]
[platform]     ./packages/features/platform-marketplace-static/src/index.ts [Server Component]
[platform]     ./apps/platform-admin/src/app/trainings/page.tsx [Server Component] 
[platform] [browser] ./packages/features/enterprise-trainings/src/TrainingDetailsSections.tsx:5:1
[platform] Export deleteTrainingAssignment doesn't exist in target module
[platform]    3 | import { useState } from "react";
[platform]    4 | import { useMutation, useQuery, useQueryClient } from "@tanstack/react-query";
[platform] >  5 | import {
[platform]      | ^^^^^^^
[platform] >  6 |   addAssessmentQuestions,
[platform]      | ^^^^^^^^^^^^^^^^^^^^^^^^^
[platform] >  7 |   approveTrainingEnrolment,
[platform]      | ^^^^^^^^^^^^^^^^^^^^^^^^^^^
[platform] >  8 |   cancelTrainingEnrolment,
[platform]      | ^^^^^^^^^^^^^^^^^^^^^^^^^^
[platform] >  9 |   completeTrainingLesson,
[platform]      | ^^^^^^^^^^^^^^^^^^^^^^^^^
[platform] > 10 |   createDiscussionReply,
[platform]      | ^^^^^^^^^^^^^^^^^^^^^^^^
[platform] > 11 |   createTrainingAnnouncement,
[platform]      | ^^^^^^^^^^^^^^^^^^^^^^^^^^^^^
[platform] > 12 |   createTrainingAssignment,
[platform]      | ^^^^^^^^^^^^^^^^^^^^^^^^^^^
[platform] > 13 |   createTrainingAssessment,
[platform]      | ^^^^^^^^^^^^^^^^^^^^^^^^^^^
[platform] > 14 |   createTrainingDiscussion,
[platform]      | ^^^^^^^^^^^^^^^^^^^^^^^^^^^
[platform] > 15 |   createTrainingLesson,
[platform]      | ^^^^^^^^^^^^^^^^^^^^^^^
[platform] > 16 |   createTrainingLiveSession,
[platform]      | ^^^^^^^^^^^^^^^^^^^^^^^^^^^^
[platform] > 17 |   createTrainingSection,
[platform]      | ^^^^^^^^^^^^^^^^^^^^^^^^
[platform] > 18 |   deleteTrainingAssessment,
[platform]      | ^^^^^^^^^^^^^^^^^^^^^^^^^^^
[platform] > 19 |   deleteTrainingAssignment,
[platform]      | ^^^^^^^^^^^^^^^^^^^^^^^^^^^
[platform] > 20 |   deleteTrainingLesson,
[platform]      | ^^^^^^^^^^^^^^^^^^^^^^^
[platform] > 21 |   deleteTrainingSection,
[platform]      | ^^^^^^^^^^^^^^^^^^^^^^^^
[platform] > 22 |   exportLiveSessionAttendance,
[platform]      | ^^^^^^^^^^^^^^^^^^^^^^^^^^^^^^
[platform] > 23 |   getLiveSessionAttendance,
[platform]      | ^^^^^^^^^^^^^^^^^^^^^^^^^^^
[platform] > 24 |   getTrainingContent,
[platform]      | ^^^^^^^^^^^^^^^^^^^^^
[platform] > 25 |   getTrainingProgress,
[platform]      | ^^^^^^^^^^^^^^^^^^^^^^
[platform] > 26 |   getTrainingSections,
[platform]      | ^^^^^^^^^^^^^^^^^^^^^^
[platform] > 27 |   listTrainingAnnouncements,
[platform]      | ^^^^^^^^^^^^^^^^^^^^^^^^^^^^
[platform] > 28 |   listTrainingAssignments,
[platform]      | ^^^^^^^^^^^^^^^^^^^^^^^^^^
[platform] > 29 |   listTrainingAssessments,
[platform]      | ^^^^^^^^^^^^^^^^^^^^^^^^^^
[platform] > 30 |   listTrainingDiscussions,
[platform]      | ^^^^^^^^^^^^^^^^^^^^^^^^^^
[platform] > 31 |   enrolInTraining,
[platform]      | ^^^^^^^^^^^^^^^^^^
[platform] > 32 |   listTrainingEnrolments,
[platform]      | ^^^^^^^^^^^^^^^^^^^^^^^^^
[platform] > 33 |   listTrainingLiveSessions,
[platform]      | ^^^^^^^^^^^^^^^^^^^^^^^^^^^
[platform] > 34 |   listTrainingOrders,
[platform]      | ^^^^^^^^^^^^^^^^^^^^^
[platform] > 35 |   markLiveSessionAttendance,
[platform]      | ^^^^^^^^^^^^^^^^^^^^^^^^^^^^
[platform] > 36 |   refundTrainingOrder,
[platform]      | ^^^^^^^^^^^^^^^^^^^^^^
[platform] > 37 |   patchTrainingOrderStatus,
[platform]      | ^^^^^^^^^^^^^^^^^^^^^^^^^^^
[platform] > 38 |   TrainingsApiError,
[platform]      | ^^^^^^^^^^^^^^^^^^^^
[platform] > 39 |   type CreateLiveSessionPayload,
[platform]      | ^^^^^^^^^^^^^^^^^^^^^^^^^^^^^^^^
[platform] > 40 |   type CreateTrainingSectionPayload,
[platform]      | ^^^^^^^^^^^^^^^^^^^^^^^^^^^^^^^^^^^^
[platform] > 41 | } from "./trainings.service";
[platform]      | ^^^^^^^^^^^^^^^^^^^^^^^^^^^^^
[platform]   42 | import { formatTrainingDate, humanizeLabel } from "./detail-formatters";
[platform]   43 |
[platform]   44 | function SectionCard({ title, children, action }: { title: string; children: React.ReactNo...
[platform] 
[platform] The export deleteTrainingAssignment was not found in module [project]/packages/features/enterprise-trainings/src/trainings.service.ts [app-ssr] (ecmascript).
[platform] Did you mean to import deleteTrainingAssessment?
[platform] All exports of the module are statically known (It doesn't have dynamic exports). So it's known statically that the requested export doesn't exist.
[platform] 
[platform] Import traces:
[platform]   Client Component Browser:
[platform]     ./packages/features/enterprise-trainings/src/TrainingDetailsSections.tsx [Client Component Browser]
[platform]     ./packages/features/enterprise-trainings/src/TrainingDetailsScreen.tsx [Client Component Browser]
[platform]     ./packages/features/enterprise-trainings/src/index.ts [Client Component Browser]
[platform]     ./packages/features/platform-marketplace-static/src/PlatformProgramsScreen.tsx [Client Component Browser]
[platform]     ./packages/features/platform-marketplace-static/src/PlatformProgramsScreen.tsx [Server Component]
[platform]     ./packages/features/platform-marketplace-static/src/index.ts [Server Component]
[platform]     ./apps/platform-admin/src/app/trainings/page.tsx [Server Component]
[platform] 
[platform]   Client Component SSR:
[platform]     ./packages/features/enterprise-trainings/src/TrainingDetailsSections.tsx [Client Component SSR]
[platform]     ./packages/features/enterprise-trainings/src/TrainingDetailsScreen.tsx [Client Component SSR]
[platform]     ./packages/features/enterprise-trainings/src/index.ts [Client Component SSR]
[platform]     ./packages/features/platform-marketplace-static/src/PlatformProgramsScreen.tsx [Client Component SSR]
[platform]     ./packages/features/platform-marketplace-static/src/PlatformProgramsScreen.tsx [Server Component]
[platform]     ./packages/features/platform-marketplace-static/src/index.ts [Server Component]
[platform]     ./apps/platform-admin/src/app/trainings/page.tsx [Server Component] 
[platform] [browser] ./packages/features/enterprise-trainings/src/TrainingDetailsSections.tsx:5:1
[platform] Export deleteTrainingAssignment doesn't exist in target module
[platform]    3 | import { useState } from "react";
[platform]    4 | import { useMutation, useQuery, useQueryClient } from "@tanstack/react-query";
[platform] >  5 | import {
[platform]      | ^^^^^^^
[platform] >  6 |   addAssessmentQuestions,
[platform]      | ^^^^^^^^^^^^^^^^^^^^^^^^^
[platform] >  7 |   approveTrainingEnrolment,
[platform]      | ^^^^^^^^^^^^^^^^^^^^^^^^^^^
[platform] >  8 |   cancelTrainingEnrolment,
[platform]      | ^^^^^^^^^^^^^^^^^^^^^^^^^^
[platform] >  9 |   completeTrainingLesson,
[platform]      | ^^^^^^^^^^^^^^^^^^^^^^^^^
[platform] > 10 |   createDiscussionReply,
[platform]      | ^^^^^^^^^^^^^^^^^^^^^^^^
[platform] > 11 |   createTrainingAnnouncement,
[platform]      | ^^^^^^^^^^^^^^^^^^^^^^^^^^^^^
[platform] > 12 |   createTrainingAssignment,
[platform]      | ^^^^^^^^^^^^^^^^^^^^^^^^^^^
[platform] > 13 |   createTrainingAssessment,
[platform]      | ^^^^^^^^^^^^^^^^^^^^^^^^^^^
[platform] > 14 |   createTrainingDiscussion,
[platform]      | ^^^^^^^^^^^^^^^^^^^^^^^^^^^
[platform] > 15 |   createTrainingLesson,
[platform]      | ^^^^^^^^^^^^^^^^^^^^^^^
[platform] > 16 |   createTrainingLiveSession,
[platform]      | ^^^^^^^^^^^^^^^^^^^^^^^^^^^^
[platform] > 17 |   createTrainingSection,
[platform]      | ^^^^^^^^^^^^^^^^^^^^^^^^
[platform] > 18 |   deleteTrainingAssessment,
[platform]      | ^^^^^^^^^^^^^^^^^^^^^^^^^^^
[platform] > 19 |   deleteTrainingAssignment,
[platform]      | ^^^^^^^^^^^^^^^^^^^^^^^^^^^
[platform] > 20 |   deleteTrainingLesson,
[platform]      | ^^^^^^^^^^^^^^^^^^^^^^^
[platform] > 21 |   deleteTrainingSection,
[platform]      | ^^^^^^^^^^^^^^^^^^^^^^^^
[platform] > 22 |   exportLiveSessionAttendance,
[platform]      | ^^^^^^^^^^^^^^^^^^^^^^^^^^^^^^
[platform] > 23 |   getLiveSessionAttendance,
[platform]      | ^^^^^^^^^^^^^^^^^^^^^^^^^^^
[platform] > 24 |   getTrainingContent,
[platform]      | ^^^^^^^^^^^^^^^^^^^^^
[platform] > 25 |   getTrainingProgress,
[platform]      | ^^^^^^^^^^^^^^^^^^^^^^
[platform] > 26 |   getTrainingSections,
[platform]      | ^^^^^^^^^^^^^^^^^^^^^^
[platform] > 27 |   listTrainingAnnouncements,
[platform]      | ^^^^^^^^^^^^^^^^^^^^^^^^^^^^
[platform] > 28 |   listTrainingAssignments,
[platform]      | ^^^^^^^^^^^^^^^^^^^^^^^^^^
[platform] > 29 |   listTrainingAssessments,
[platform]      | ^^^^^^^^^^^^^^^^^^^^^^^^^^
[platform] > 30 |   listTrainingDiscussions,
[platform]      | ^^^^^^^^^^^^^^^^^^^^^^^^^^
[platform] > 31 |   enrolInTraining,
[platform]      | ^^^^^^^^^^^^^^^^^^
[platform] > 32 |   listTrainingEnrolments,
[platform]      | ^^^^^^^^^^^^^^^^^^^^^^^^^
[platform] > 33 |   listTrainingLiveSessions,
[platform]      | ^^^^^^^^^^^^^^^^^^^^^^^^^^^
[platform] > 34 |   listTrainingOrders,
[platform]      | ^^^^^^^^^^^^^^^^^^^^^
[platform] > 35 |   markLiveSessionAttendance,
[platform]      | ^^^^^^^^^^^^^^^^^^^^^^^^^^^^
[platform] > 36 |   refundTrainingOrder,
[platform]      | ^^^^^^^^^^^^^^^^^^^^^^
[platform] > 37 |   patchTrainingOrderStatus,
[platform]      | ^^^^^^^^^^^^^^^^^^^^^^^^^^^
[platform] > 38 |   TrainingsApiError,
[platform]      | ^^^^^^^^^^^^^^^^^^^^
[platform] > 39 |   type CreateLiveSessionPayload,
[platform]      | ^^^^^^^^^^^^^^^^^^^^^^^^^^^^^^^^
[platform] > 40 |   type CreateTrainingSectionPayload,
[platform]      | ^^^^^^^^^^^^^^^^^^^^^^^^^^^^^^^^^^^^
[platform] > 41 | } from "./trainings.service";
[platform]      | ^^^^^^^^^^^^^^^^^^^^^^^^^^^^^
[platform]   42 | import { formatTrainingDate, humanizeLabel } from "./detail-formatters";
[platform]   43 |
[platform]   44 | function SectionCard({ title, children, action }: { title: string; children: React.ReactNo...
[platform] 
[platform] The export deleteTrainingAssignment was not found in module [project]/packages/features/enterprise-trainings/src/trainings.service.ts [app-client] (ecmascript).
[platform] Did you mean to import deleteTrainingAssessment?
[platform] All exports of the module are statically known (It doesn't have dynamic exports). So it's known statically that the requested export doesn't exist.
[platform] 
[platform] Import traces:
[platform]   Client Component Browser:
[platform]     ./packages/features/enterprise-trainings/src/TrainingDetailsSections.tsx [Client Component Browser]
[platform]     ./packages/features/enterprise-trainings/src/TrainingDetailsScreen.tsx [Client Component Browser]
[platform]     ./packages/features/enterprise-trainings/src/index.ts [Client Component Browser]
[platform]     ./packages/features/platform-marketplace-static/src/PlatformProgramsScreen.tsx [Client Component Browser]
[platform]     ./packages/features/platform-marketplace-static/src/PlatformProgramsScreen.tsx [Server Component]
[platform]     ./packages/features/platform-marketplace-static/src/index.ts [Server Component]
[platform]     ./apps/platform-admin/src/app/trainings/page.tsx [Server Component]
[platform] 
[platform]   Client Component SSR:
[platform]     ./packages/features/enterprise-trainings/src/TrainingDetailsSections.tsx [Client Component SSR]
[platform]     ./packages/features/enterprise-trainings/src/TrainingDetailsScreen.tsx [Client Component SSR]
[platform]     ./packages/features/enterprise-trainings/src/index.ts [Client Component SSR]
[platform]     ./packages/features/platform-marketplace-static/src/PlatformProgramsScreen.tsx [Client Component SSR]
[platform]     ./packages/features/platform-marketplace-static/src/PlatformProgramsScreen.tsx [Server Component]
[platform]     ./packages/features/platform-marketplace-static/src/index.ts [Server Component]
[platform]     ./apps/platform-admin/src/app/trainings/page.tsx [Server Component] 
[platform] [browser] ./packages/features/enterprise-trainings/src/TrainingDetailsSections.tsx:5:1
[platform] Export deleteTrainingAssignment doesn't exist in target module
[platform]    3 | import { useState } from "react";
[platform]    4 | import { useMutation, useQuery, useQueryClient } from "@tanstack/react-query";
[platform] >  5 | import {
[platform]      | ^^^^^^^
[platform] >  6 |   addAssessmentQuestions,
[platform]      | ^^^^^^^^^^^^^^^^^^^^^^^^^
[platform] >  7 |   approveTrainingEnrolment,
[platform]      | ^^^^^^^^^^^^^^^^^^^^^^^^^^^
[platform] >  8 |   cancelTrainingEnrolment,
[platform]      | ^^^^^^^^^^^^^^^^^^^^^^^^^^
[platform] >  9 |   completeTrainingLesson,
[platform]      | ^^^^^^^^^^^^^^^^^^^^^^^^^
[platform] > 10 |   createDiscussionReply,
[platform]      | ^^^^^^^^^^^^^^^^^^^^^^^^
[platform] > 11 |   createTrainingAnnouncement,
[platform]      | ^^^^^^^^^^^^^^^^^^^^^^^^^^^^^
[platform] > 12 |   createTrainingAssignment,
[platform]      | ^^^^^^^^^^^^^^^^^^^^^^^^^^^
[platform] > 13 |   createTrainingAssessment,
[platform]      | ^^^^^^^^^^^^^^^^^^^^^^^^^^^
[platform] > 14 |   createTrainingDiscussion,
[platform]      | ^^^^^^^^^^^^^^^^^^^^^^^^^^^
[platform] > 15 |   createTrainingLesson,
[platform]      | ^^^^^^^^^^^^^^^^^^^^^^^
[platform] > 16 |   createTrainingLiveSession,
[platform]      | ^^^^^^^^^^^^^^^^^^^^^^^^^^^^
[platform] > 17 |   createTrainingSection,
[platform]      | ^^^^^^^^^^^^^^^^^^^^^^^^
[platform] > 18 |   deleteTrainingAssessment,
[platform]      | ^^^^^^^^^^^^^^^^^^^^^^^^^^^
[platform] > 19 |   deleteTrainingAssignment,
[platform]      | ^^^^^^^^^^^^^^^^^^^^^^^^^^^
[platform] > 20 |   deleteTrainingLesson,
[platform]      | ^^^^^^^^^^^^^^^^^^^^^^^
[platform] > 21 |   deleteTrainingSection,
[platform]      | ^^^^^^^^^^^^^^^^^^^^^^^^
[platform] > 22 |   exportLiveSessionAttendance,
[platform]      | ^^^^^^^^^^^^^^^^^^^^^^^^^^^^^^
[platform] > 23 |   getLiveSessionAttendance,
[platform]      | ^^^^^^^^^^^^^^^^^^^^^^^^^^^
[platform] > 24 |   getTrainingContent,
[platform]      | ^^^^^^^^^^^^^^^^^^^^^
[platform] > 25 |   getTrainingProgress,
[platform]      | ^^^^^^^^^^^^^^^^^^^^^^
[platform] > 26 |   getTrainingSections,
[platform]      | ^^^^^^^^^^^^^^^^^^^^^^
[platform] > 27 |   listTrainingAnnouncements,
[platform]      | ^^^^^^^^^^^^^^^^^^^^^^^^^^^^
[platform] > 28 |   listTrainingAssignments,
[platform]      | ^^^^^^^^^^^^^^^^^^^^^^^^^^
[platform] > 29 |   listTrainingAssessments,
[platform]      | ^^^^^^^^^^^^^^^^^^^^^^^^^^
[platform] > 30 |   listTrainingDiscussions,
[platform]      | ^^^^^^^^^^^^^^^^^^^^^^^^^^
[platform] > 31 |   enrolInTraining,
[platform]      | ^^^^^^^^^^^^^^^^^^
[platform] > 32 |   listTrainingEnrolments,
[platform]      | ^^^^^^^^^^^^^^^^^^^^^^^^^
[platform] > 33 |   listTrainingLiveSessions,
[platform]      | ^^^^^^^^^^^^^^^^^^^^^^^^^^^
[platform] > 34 |   listTrainingOrders,
[platform]      | ^^^^^^^^^^^^^^^^^^^^^
[platform] > 35 |   markLiveSessionAttendance,
[platform]      | ^^^^^^^^^^^^^^^^^^^^^^^^^^^^
[platform] > 36 |   refundTrainingOrder,
[platform]      | ^^^^^^^^^^^^^^^^^^^^^^
[platform] > 37 |   patchTrainingOrderStatus,
[platform]      | ^^^^^^^^^^^^^^^^^^^^^^^^^^^
[platform] > 38 |   TrainingsApiError,
[platform]      | ^^^^^^^^^^^^^^^^^^^^
[platform] > 39 |   type CreateLiveSessionPayload,
[platform]      | ^^^^^^^^^^^^^^^^^^^^^^^^^^^^^^^^
[platform] > 40 |   type CreateTrainingSectionPayload,
[platform]      | ^^^^^^^^^^^^^^^^^^^^^^^^^^^^^^^^^^^^
[platform] > 41 | } from "./trainings.service";
[platform]      | ^^^^^^^^^^^^^^^^^^^^^^^^^^^^^
[platform]   42 | import { formatTrainingDate, humanizeLabel } from "./detail-formatters";
[platform]   43 |
[platform]   44 | function SectionCard({ title, children, action }: { title: string; children: React.ReactNo...
[platform] 
[platform] The export deleteTrainingAssignment was not found in module [project]/packages/features/enterprise-trainings/src/trainings.service.ts [app-ssr] (ecmascript).
[platform] Did you mean to import deleteTrainingAssessment?
[platform] All exports of the module are statically known (It doesn't have dynamic exports). So it's known statically that the requested export doesn't exist.
[platform] 
[platform] Import traces:
[platform]   Client Component Browser:
[platform]     ./packages/features/enterprise-trainings/src/TrainingDetailsSections.tsx [Client Component Browser]
[platform]     ./packages/features/enterprise-trainings/src/TrainingDetailsScreen.tsx [Client Component Browser]
[platform]     ./packages/features/enterprise-trainings/src/index.ts [Client Component Browser]
[platform]     ./packages/features/platform-marketplace-static/src/PlatformProgramsScreen.tsx [Client Component Browser]
[platform]     ./packages/features/platform-marketplace-static/src/PlatformProgramsScreen.tsx [Server Component]
[platform]     ./packages/features/platform-marketplace-static/src/index.ts [Server Component]
[platform]     ./apps/platform-admin/src/app/trainings/page.tsx [Server Component]
[platform] 
[platform]   Client Component SSR:
[platform]     ./packages/features/enterprise-trainings/src/TrainingDetailsSections.tsx [Client Component SSR]
[platform]     ./packages/features/enterprise-trainings/src/TrainingDetailsScreen.tsx [Client Component SSR]
[platform]     ./packages/features/enterprise-trainings/src/index.ts [Client Component SSR]
[platform]     ./packages/features/platform-marketplace-static/src/PlatformProgramsScreen.tsx [Client Component SSR]
[platform]     ./packages/features/platform-marketplace-static/src/PlatformProgramsScreen.tsx [Server Component]
[platform]     ./packages/features/platform-marketplace-static/src/index.ts [Server Component]
[platform]     ./apps/platform-admin/src/app/trainings/page.tsx [Server Component] 
[platform] [browser] ./packages/features/enterprise-trainings/src/TrainingDetailsSections.tsx:5:1
[platform] Export deleteTrainingAssignment doesn't exist in target module
[platform]    3 | import { useState } from "react";
[platform]    4 | import { useMutation, useQuery, useQueryClient } from "@tanstack/react-query";
[platform] >  5 | import {
[platform]      | ^^^^^^^
[platform] >  6 |   addAssessmentQuestions,
[platform]      | ^^^^^^^^^^^^^^^^^^^^^^^^^
[platform] >  7 |   approveTrainingEnrolment,
[platform]      | ^^^^^^^^^^^^^^^^^^^^^^^^^^^
[platform] >  8 |   cancelTrainingEnrolment,
[platform]      | ^^^^^^^^^^^^^^^^^^^^^^^^^^
[platform] >  9 |   completeTrainingLesson,
[platform]      | ^^^^^^^^^^^^^^^^^^^^^^^^^
[platform] > 10 |   createDiscussionReply,
[platform]      | ^^^^^^^^^^^^^^^^^^^^^^^^
[platform] > 11 |   createTrainingAnnouncement,
[platform]      | ^^^^^^^^^^^^^^^^^^^^^^^^^^^^^
[platform] > 12 |   createTrainingAssignment,
[platform]      | ^^^^^^^^^^^^^^^^^^^^^^^^^^^
[platform] > 13 |   createTrainingAssessment,
[platform]      | ^^^^^^^^^^^^^^^^^^^^^^^^^^^
[platform] > 14 |   createTrainingDiscussion,
[platform]      | ^^^^^^^^^^^^^^^^^^^^^^^^^^^
[platform] > 15 |   createTrainingLesson,
[platform]      | ^^^^^^^^^^^^^^^^^^^^^^^
[platform] > 16 |   createTrainingLiveSession,
[platform]      | ^^^^^^^^^^^^^^^^^^^^^^^^^^^^
[platform] > 17 |   createTrainingSection,
[platform]      | ^^^^^^^^^^^^^^^^^^^^^^^^
[platform] > 18 |   deleteTrainingAssessment,
[platform]      | ^^^^^^^^^^^^^^^^^^^^^^^^^^^
[platform] > 19 |   deleteTrainingAssignment,
[platform]      | ^^^^^^^^^^^^^^^^^^^^^^^^^^^
[platform] > 20 |   deleteTrainingLesson,
[platform]      | ^^^^^^^^^^^^^^^^^^^^^^^
[platform] > 21 |   deleteTrainingSection,
[platform]      | ^^^^^^^^^^^^^^^^^^^^^^^^
[platform] > 22 |   exportLiveSessionAttendance,
[platform]      | ^^^^^^^^^^^^^^^^^^^^^^^^^^^^^^
[platform] > 23 |   getLiveSessionAttendance,
[platform]      | ^^^^^^^^^^^^^^^^^^^^^^^^^^^
[platform] > 24 |   getTrainingContent,
[platform]      | ^^^^^^^^^^^^^^^^^^^^^
[platform] > 25 |   getTrainingProgress,
[platform]      | ^^^^^^^^^^^^^^^^^^^^^^
[platform] > 26 |   getTrainingSections,
[platform]      | ^^^^^^^^^^^^^^^^^^^^^^
[platform] > 27 |   listTrainingAnnouncements,
[platform]      | ^^^^^^^^^^^^^^^^^^^^^^^^^^^^
[platform] > 28 |   listTrainingAssignments,
[platform]      | ^^^^^^^^^^^^^^^^^^^^^^^^^^
[platform] > 29 |   listTrainingAssessments,
[platform]      | ^^^^^^^^^^^^^^^^^^^^^^^^^^
[platform] > 30 |   listTrainingDiscussions,
[platform]      | ^^^^^^^^^^^^^^^^^^^^^^^^^^
[platform] > 31 |   enrolInTraining,
[platform]      | ^^^^^^^^^^^^^^^^^^
[platform] > 32 |   listTrainingEnrolments,
[platform]      | ^^^^^^^^^^^^^^^^^^^^^^^^^
[platform] > 33 |   listTrainingLiveSessions,
[platform]      | ^^^^^^^^^^^^^^^^^^^^^^^^^^^
[platform] > 34 |   listTrainingOrders,
[platform]      | ^^^^^^^^^^^^^^^^^^^^^
[platform] > 35 |   markLiveSessionAttendance,
[platform]      | ^^^^^^^^^^^^^^^^^^^^^^^^^^^^
[platform] > 36 |   refundTrainingOrder,
[platform]      | ^^^^^^^^^^^^^^^^^^^^^^
[platform] > 37 |   patchTrainingOrderStatus,
[platform]      | ^^^^^^^^^^^^^^^^^^^^^^^^^^^
[platform] > 38 |   TrainingsApiError,
[platform]      | ^^^^^^^^^^^^^^^^^^^^
[platform] > 39 |   type CreateLiveSessionPayload,
[platform]      | ^^^^^^^^^^^^^^^^^^^^^^^^^^^^^^^^
[platform] > 40 |   type CreateTrainingSectionPayload,
[platform]      | ^^^^^^^^^^^^^^^^^^^^^^^^^^^^^^^^^^^^
[platform] > 41 | } from "./trainings.service";
[platform]      | ^^^^^^^^^^^^^^^^^^^^^^^^^^^^^
[platform]   42 | import { formatTrainingDate, humanizeLabel } from "./detail-formatters";
[platform]   43 |
[platform]   44 | function SectionCard({ title, children, action }: { title: string; children: React.ReactNo...
[platform] 
[platform] The export deleteTrainingAssignment was not found in module [project]/packages/features/enterprise-trainings/src/trainings.service.ts [app-client] (ecmascript).
[platform] Did you mean to import deleteTrainingAssessment?
[platform] All exports of the module are statically known (It doesn't have dynamic exports). So it's known statically that the requested export doesn't exist.
[platform] 
[platform] Import traces:
[platform]   Client Component Browser:
[platform]     ./packages/features/enterprise-trainings/src/TrainingDetailsSections.tsx [Client Component Browser]
[platform]     ./packages/features/enterprise-trainings/src/TrainingDetailsScreen.tsx [Client Component Browser]
[platform]     ./packages/features/enterprise-trainings/src/index.ts [Client Component Browser]
[platform]     ./packages/features/platform-marketplace-static/src/PlatformProgramsScreen.tsx [Client Component Browser]
[platform]     ./packages/features/platform-marketplace-static/src/PlatformProgramsScreen.tsx [Server Component]
[platform]     ./packages/features/platform-marketplace-static/src/index.ts [Server Component]
[platform]     ./apps/platform-admin/src/app/trainings/page.tsx [Server Component]
[platform] 
[platform]   Client Component SSR:
[platform]     ./packages/features/enterprise-trainings/src/TrainingDetailsSections.tsx [Client Component SSR]
[platform]     ./packages/features/enterprise-trainings/src/TrainingDetailsScreen.tsx [Client Component SSR]
[platform]     ./packages/features/enterprise-trainings/src/index.ts [Client Component SSR]
[platform]     ./packages/features/platform-marketplace-static/src/PlatformProgramsScreen.tsx [Client Component SSR]
[platform]     ./packages/features/platform-marketplace-static/src/PlatformProgramsScreen.tsx [Server Component]
[platform]     ./packages/features/platform-marketplace-static/src/index.ts [Server Component]
[platform]     ./apps/platform-admin/src/app/trainings/page.tsx [Server Component] 
[platform] [browser] ./packages/features/enterprise-trainings/src/TrainingDetailsSections.tsx:5:1
[platform] Export deleteTrainingAssignment doesn't exist in target module
[platform]    3 | import { useState } from "react";
[platform]    4 | import { useMutation, useQuery, useQueryClient } from "@tanstack/react-query";
[platform] >  5 | import {
[platform]      | ^^^^^^^
[platform] >  6 |   addAssessmentQuestions,
[platform]      | ^^^^^^^^^^^^^^^^^^^^^^^^^
[platform] >  7 |   approveTrainingEnrolment,
[platform]      | ^^^^^^^^^^^^^^^^^^^^^^^^^^^
[platform] >  8 |   cancelTrainingEnrolment,
[platform]      | ^^^^^^^^^^^^^^^^^^^^^^^^^^
[platform] >  9 |   completeTrainingLesson,
[platform]      | ^^^^^^^^^^^^^^^^^^^^^^^^^
[platform] > 10 |   createDiscussionReply,
[platform]      | ^^^^^^^^^^^^^^^^^^^^^^^^
[platform] > 11 |   createTrainingAnnouncement,
[platform]      | ^^^^^^^^^^^^^^^^^^^^^^^^^^^^^
[platform] > 12 |   createTrainingAssignment,
[platform]      | ^^^^^^^^^^^^^^^^^^^^^^^^^^^
[platform] > 13 |   createTrainingAssessment,
[platform]      | ^^^^^^^^^^^^^^^^^^^^^^^^^^^
[platform] > 14 |   createTrainingDiscussion,
[platform]      | ^^^^^^^^^^^^^^^^^^^^^^^^^^^
[platform] > 15 |   createTrainingLesson,
[platform]      | ^^^^^^^^^^^^^^^^^^^^^^^
[platform] > 16 |   createTrainingLiveSession,
[platform]      | ^^^^^^^^^^^^^^^^^^^^^^^^^^^^
[platform] > 17 |   createTrainingSection,
[platform]      | ^^^^^^^^^^^^^^^^^^^^^^^^
[platform] > 18 |   deleteTrainingAssessment,
[platform]      | ^^^^^^^^^^^^^^^^^^^^^^^^^^^
[platform] > 19 |   deleteTrainingAssignment,
[platform]      | ^^^^^^^^^^^^^^^^^^^^^^^^^^^
[platform] > 20 |   deleteTrainingLesson,
[platform]      | ^^^^^^^^^^^^^^^^^^^^^^^
[platform] > 21 |   deleteTrainingSection,
[platform]      | ^^^^^^^^^^^^^^^^^^^^^^^^
[platform] > 22 |   exportLiveSessionAttendance,
[platform]      | ^^^^^^^^^^^^^^^^^^^^^^^^^^^^^^
[platform] > 23 |   getLiveSessionAttendance,
[platform]      | ^^^^^^^^^^^^^^^^^^^^^^^^^^^
[platform] > 24 |   getTrainingContent,
[platform]      | ^^^^^^^^^^^^^^^^^^^^^
[platform] > 25 |   getTrainingProgress,
[platform]      | ^^^^^^^^^^^^^^^^^^^^^^
[platform] > 26 |   getTrainingSections,
[platform]      | ^^^^^^^^^^^^^^^^^^^^^^
[platform] > 27 |   listTrainingAnnouncements,
[platform]      | ^^^^^^^^^^^^^^^^^^^^^^^^^^^^
[platform] > 28 |   listTrainingAssignments,
[platform]      | ^^^^^^^^^^^^^^^^^^^^^^^^^^
[platform] > 29 |   listTrainingAssessments,
[platform]      | ^^^^^^^^^^^^^^^^^^^^^^^^^^
[platform] > 30 |   listTrainingDiscussions,
[platform]      | ^^^^^^^^^^^^^^^^^^^^^^^^^^
[platform] > 31 |   enrolInTraining,
[platform]      | ^^^^^^^^^^^^^^^^^^
[platform] > 32 |   listTrainingEnrolments,
[platform]      | ^^^^^^^^^^^^^^^^^^^^^^^^^
[platform] > 33 |   listTrainingLiveSessions,
[platform]      | ^^^^^^^^^^^^^^^^^^^^^^^^^^^
[platform] > 34 |   listTrainingOrders,
[platform]      | ^^^^^^^^^^^^^^^^^^^^^
[platform] > 35 |   markLiveSessionAttendance,
[platform]      | ^^^^^^^^^^^^^^^^^^^^^^^^^^^^
[platform] > 36 |   refundTrainingOrder,
[platform]      | ^^^^^^^^^^^^^^^^^^^^^^
[platform] > 37 |   patchTrainingOrderStatus,
[platform]      | ^^^^^^^^^^^^^^^^^^^^^^^^^^^
[platform] > 38 |   TrainingsApiError,
[platform]      | ^^^^^^^^^^^^^^^^^^^^
[platform] > 39 |   type CreateLiveSessionPayload,
[platform]      | ^^^^^^^^^^^^^^^^^^^^^^^^^^^^^^^^
[platform] > 40 |   type CreateTrainingSectionPayload,
[platform]      | ^^^^^^^^^^^^^^^^^^^^^^^^^^^^^^^^^^^^
[platform] > 41 | } from "./trainings.service";
[platform]      | ^^^^^^^^^^^^^^^^^^^^^^^^^^^^^
[platform]   42 | import { formatTrainingDate, humanizeLabel } from "./detail-formatters";
[platform]   43 |
[platform]   44 | function SectionCard({ title, children, action }: { title: string; children: React.ReactNo...
[platform] 
[platform] The export deleteTrainingAssignment was not found in module [project]/packages/features/enterprise-trainings/src/trainings.service.ts [app-ssr] (ecmascript).
[platform] Did you mean to import deleteTrainingAssessment?
[platform] All exports of the module are statically known (It doesn't have dynamic exports). So it's known statically that the requested export doesn't exist.
[platform] 
[platform] Import traces:
[platform]   Client Component Browser:
[platform]     ./packages/features/enterprise-trainings/src/TrainingDetailsSections.tsx [Client Component Browser]
[platform]     ./packages/features/enterprise-trainings/src/TrainingDetailsScreen.tsx [Client Component Browser]
[platform]     ./packages/features/enterprise-trainings/src/index.ts [Client Component Browser]
[platform]     ./packages/features/platform-marketplace-static/src/PlatformProgramsScreen.tsx [Client Component Browser]
[platform]     ./packages/features/platform-marketplace-static/src/PlatformProgramsScreen.tsx [Server Component]
[platform]     ./packages/features/platform-marketplace-static/src/index.ts [Server Component]
[platform]     ./apps/platform-admin/src/app/trainings/page.tsx [Server Component]
[platform] 
[platform]   Client Component SSR:
[platform]     ./packages/features/enterprise-trainings/src/TrainingDetailsSections.tsx [Client Component SSR]
[platform]     ./packages/features/enterprise-trainings/src/TrainingDetailsScreen.tsx [Client Component SSR]
[platform]     ./packages/features/enterprise-trainings/src/index.ts [Client Component SSR]
[platform]     ./packages/features/platform-marketplace-static/src/PlatformProgramsScreen.tsx [Client Component SSR]
[platform]     ./packages/features/platform-marketplace-static/src/PlatformProgramsScreen.tsx [Server Component]
[platform]     ./packages/features/platform-marketplace-static/src/index.ts [Server Component]
[platform]     ./apps/platform-admin/src/app/trainings/page.tsx [Server Component] 
[platform] [browser] ./packages/features/enterprise-trainings/src/TrainingDetailsSections.tsx:5:1
[platform] Export deleteTrainingAssignment doesn't exist in target module
[platform]    3 | import { useState } from "react";
[platform]    4 | import { useMutation, useQuery, useQueryClient } from "@tanstack/react-query";
[platform] >  5 | import {
[platform]      | ^^^^^^^
[platform] >  6 |   addAssessmentQuestions,
[platform]      | ^^^^^^^^^^^^^^^^^^^^^^^^^
[platform] >  7 |   approveTrainingEnrolment,
[platform]      | ^^^^^^^^^^^^^^^^^^^^^^^^^^^
[platform] >  8 |   cancelTrainingEnrolment,
[platform]      | ^^^^^^^^^^^^^^^^^^^^^^^^^^
[platform] >  9 |   completeTrainingLesson,
[platform]      | ^^^^^^^^^^^^^^^^^^^^^^^^^
[platform] > 10 |   createDiscussionReply,
[platform]      | ^^^^^^^^^^^^^^^^^^^^^^^^
[platform] > 11 |   createTrainingAnnouncement,
[platform]      | ^^^^^^^^^^^^^^^^^^^^^^^^^^^^^
[platform] > 12 |   createTrainingAssignment,
[platform]      | ^^^^^^^^^^^^^^^^^^^^^^^^^^^
[platform] > 13 |   createTrainingAssessment,
[platform]      | ^^^^^^^^^^^^^^^^^^^^^^^^^^^
[platform] > 14 |   createTrainingDiscussion,
[platform]      | ^^^^^^^^^^^^^^^^^^^^^^^^^^^
[platform] > 15 |   createTrainingLesson,
[platform]      | ^^^^^^^^^^^^^^^^^^^^^^^
[platform] > 16 |   createTrainingLiveSession,
[platform]      | ^^^^^^^^^^^^^^^^^^^^^^^^^^^^
[platform] > 17 |   createTrainingSection,
[platform]      | ^^^^^^^^^^^^^^^^^^^^^^^^
[platform] > 18 |   deleteTrainingAssessment,
[platform]      | ^^^^^^^^^^^^^^^^^^^^^^^^^^^
[platform] > 19 |   deleteTrainingAssignment,
[platform]      | ^^^^^^^^^^^^^^^^^^^^^^^^^^^
[platform] > 20 |   deleteTrainingLesson,
[platform]      | ^^^^^^^^^^^^^^^^^^^^^^^
[platform] > 21 |   deleteTrainingSection,
[platform]      | ^^^^^^^^^^^^^^^^^^^^^^^^
[platform] > 22 |   exportLiveSessionAttendance,
[platform]      | ^^^^^^^^^^^^^^^^^^^^^^^^^^^^^^
[platform] > 23 |   getLiveSessionAttendance,
[platform]      | ^^^^^^^^^^^^^^^^^^^^^^^^^^^
[platform] > 24 |   getTrainingContent,
[platform]      | ^^^^^^^^^^^^^^^^^^^^^
[platform] > 25 |   getTrainingProgress,
[platform]      | ^^^^^^^^^^^^^^^^^^^^^^
[platform] > 26 |   getTrainingSections,
[platform]      | ^^^^^^^^^^^^^^^^^^^^^^
[platform] > 27 |   listTrainingAnnouncements,
[platform]      | ^^^^^^^^^^^^^^^^^^^^^^^^^^^^
[platform] > 28 |   listTrainingAssignments,
[platform]      | ^^^^^^^^^^^^^^^^^^^^^^^^^^
[platform] > 29 |   listTrainingAssessments,
[platform]      | ^^^^^^^^^^^^^^^^^^^^^^^^^^
[platform] > 30 |   listTrainingDiscussions,
[platform]      | ^^^^^^^^^^^^^^^^^^^^^^^^^^
[platform] > 31 |   enrolInTraining,
[platform]      | ^^^^^^^^^^^^^^^^^^
[platform] > 32 |   listTrainingEnrolments,
[platform]      | ^^^^^^^^^^^^^^^^^^^^^^^^^
[platform] > 33 |   listTrainingLiveSessions,
[platform]      | ^^^^^^^^^^^^^^^^^^^^^^^^^^^
[platform] > 34 |   listTrainingOrders,
[platform]      | ^^^^^^^^^^^^^^^^^^^^^
[platform] > 35 |   markLiveSessionAttendance,
[platform]      | ^^^^^^^^^^^^^^^^^^^^^^^^^^^^
[platform] > 36 |   refundTrainingOrder,
[platform]      | ^^^^^^^^^^^^^^^^^^^^^^
[platform] > 37 |   patchTrainingOrderStatus,
[platform]      | ^^^^^^^^^^^^^^^^^^^^^^^^^^^
[platform] > 38 |   TrainingsApiError,
[platform]      | ^^^^^^^^^^^^^^^^^^^^
[platform] > 39 |   type CreateLiveSessionPayload,
[platform]      | ^^^^^^^^^^^^^^^^^^^^^^^^^^^^^^^^
[platform] > 40 |   type CreateTrainingSectionPayload,
[platform]      | ^^^^^^^^^^^^^^^^^^^^^^^^^^^^^^^^^^^^
[platform] > 41 | } from "./trainings.service";
[platform]      | ^^^^^^^^^^^^^^^^^^^^^^^^^^^^^
[platform]   42 | import { formatTrainingDate, humanizeLabel } from "./detail-formatters";
[platform]   43 |
[platform]   44 | function SectionCard({ title, children, action }: { title: string; children: React.ReactNo...
[platform] 
[platform] The export deleteTrainingAssignment was not found in module [project]/packages/features/enterprise-trainings/src/trainings.service.ts [app-client] (ecmascript).
[platform] Did you mean to import deleteTrainingAssessment?
[platform] All exports of the module are statically known (It doesn't have dynamic exports). So it's known statically that the requested export doesn't exist.
[platform] 
[platform] Import traces:
[platform]   Client Component Browser:
[platform]     ./packages/features/enterprise-trainings/src/TrainingDetailsSections.tsx [Client Component Browser]
[platform]     ./packages/features/enterprise-trainings/src/TrainingDetailsScreen.tsx [Client Component Browser]
[platform]     ./packages/features/enterprise-trainings/src/index.ts [Client Component Browser]
[platform]     ./packages/features/platform-marketplace-static/src/PlatformProgramsScreen.tsx [Client Component Browser]
[platform]     ./packages/features/platform-marketplace-static/src/PlatformProgramsScreen.tsx [Server Component]
[platform]     ./packages/features/platform-marketplace-static/src/index.ts [Server Component]
[platform]     ./apps/platform-admin/src/app/trainings/page.tsx [Server Component]
[platform] 
[platform]   Client Component SSR:
[platform]     ./packages/features/enterprise-trainings/src/TrainingDetailsSections.tsx [Client Component SSR]
[platform]     ./packages/features/enterprise-trainings/src/TrainingDetailsScreen.tsx [Client Component SSR]
[platform]     ./packages/features/enterprise-trainings/src/index.ts [Client Component SSR]
[platform]     ./packages/features/platform-marketplace-static/src/PlatformProgramsScreen.tsx [Client Component SSR]
[platform]     ./packages/features/platform-marketplace-static/src/PlatformProgramsScreen.tsx [Server Component]
[platform]     ./packages/features/platform-marketplace-static/src/index.ts [Server Component]
[platform]     ./apps/platform-admin/src/app/trainings/page.tsx [Server Component] 
[platform] [browser] ./packages/features/enterprise-trainings/src/TrainingDetailsSections.tsx:5:1
[platform] Export deleteTrainingAssignment doesn't exist in target module
[platform]    3 | import { useState } from "react";
[platform]    4 | import { useMutation, useQuery, useQueryClient } from "@tanstack/react-query";
[platform] >  5 | import {
[platform]      | ^^^^^^^
[platform] >  6 |   addAssessmentQuestions,
[platform]      | ^^^^^^^^^^^^^^^^^^^^^^^^^
[platform] >  7 |   approveTrainingEnrolment,
[platform]      | ^^^^^^^^^^^^^^^^^^^^^^^^^^^
[platform] >  8 |   cancelTrainingEnrolment,
[platform]      | ^^^^^^^^^^^^^^^^^^^^^^^^^^
[platform] >  9 |   completeTrainingLesson,
[platform]      | ^^^^^^^^^^^^^^^^^^^^^^^^^
[platform] > 10 |   createDiscussionReply,
[platform]      | ^^^^^^^^^^^^^^^^^^^^^^^^
[platform] > 11 |   createTrainingAnnouncement,
[platform]      | ^^^^^^^^^^^^^^^^^^^^^^^^^^^^^
[platform] > 12 |   createTrainingAssignment,
[platform]      | ^^^^^^^^^^^^^^^^^^^^^^^^^^^
[platform] > 13 |   createTrainingAssessment,
[platform]      | ^^^^^^^^^^^^^^^^^^^^^^^^^^^
[platform] > 14 |   createTrainingDiscussion,
[platform]      | ^^^^^^^^^^^^^^^^^^^^^^^^^^^
[platform] > 15 |   createTrainingLesson,
[platform]      | ^^^^^^^^^^^^^^^^^^^^^^^
[platform] > 16 |   createTrainingLiveSession,
[platform]      | ^^^^^^^^^^^^^^^^^^^^^^^^^^^^
[platform] > 17 |   createTrainingSection,
[platform]      | ^^^^^^^^^^^^^^^^^^^^^^^^
[platform] > 18 |   deleteTrainingAssessment,
[platform]      | ^^^^^^^^^^^^^^^^^^^^^^^^^^^
[platform] > 19 |   deleteTrainingAssignment,
[platform]      | ^^^^^^^^^^^^^^^^^^^^^^^^^^^
[platform] > 20 |   deleteTrainingLesson,
[platform]      | ^^^^^^^^^^^^^^^^^^^^^^^
[platform] > 21 |   deleteTrainingSection,
[platform]      | ^^^^^^^^^^^^^^^^^^^^^^^^
[platform] > 22 |   exportLiveSessionAttendance,
[platform]      | ^^^^^^^^^^^^^^^^^^^^^^^^^^^^^^
[platform] > 23 |   getLiveSessionAttendance,
[platform]      | ^^^^^^^^^^^^^^^^^^^^^^^^^^^
[platform] > 24 |   getTrainingContent,
[platform]      | ^^^^^^^^^^^^^^^^^^^^^
[platform] > 25 |   getTrainingProgress,
[platform]      | ^^^^^^^^^^^^^^^^^^^^^^
[platform] > 26 |   getTrainingSections,
[platform]      | ^^^^^^^^^^^^^^^^^^^^^^
[platform] > 27 |   listTrainingAnnouncements,
[platform]      | ^^^^^^^^^^^^^^^^^^^^^^^^^^^^
[platform] > 28 |   listTrainingAssignments,
[platform]      | ^^^^^^^^^^^^^^^^^^^^^^^^^^
[platform] > 29 |   listTrainingAssessments,
[platform]      | ^^^^^^^^^^^^^^^^^^^^^^^^^^
[platform] > 30 |   listTrainingDiscussions,
[platform]      | ^^^^^^^^^^^^^^^^^^^^^^^^^^
[platform] > 31 |   enrolInTraining,
[platform]      | ^^^^^^^^^^^^^^^^^^
[platform] > 32 |   listTrainingEnrolments,
[platform]      | ^^^^^^^^^^^^^^^^^^^^^^^^^
[platform] > 33 |   listTrainingLiveSessions,
[platform]      | ^^^^^^^^^^^^^^^^^^^^^^^^^^^
[platform] > 34 |   listTrainingOrders,
[platform]      | ^^^^^^^^^^^^^^^^^^^^^
[platform] > 35 |   markLiveSessionAttendance,
[platform]      | ^^^^^^^^^^^^^^^^^^^^^^^^^^^^
[platform] > 36 |   refundTrainingOrder,
[platform]      | ^^^^^^^^^^^^^^^^^^^^^^
[platform] > 37 |   patchTrainingOrderStatus,
[platform]      | ^^^^^^^^^^^^^^^^^^^^^^^^^^^
[platform] > 38 |   TrainingsApiError,
[platform]      | ^^^^^^^^^^^^^^^^^^^^
[platform] > 39 |   type CreateLiveSessionPayload,
[platform]      | ^^^^^^^^^^^^^^^^^^^^^^^^^^^^^^^^
[platform] > 40 |   type CreateTrainingSectionPayload,
[platform]      | ^^^^^^^^^^^^^^^^^^^^^^^^^^^^^^^^^^^^
[platform] > 41 | } from "./trainings.service";
[platform]      | ^^^^^^^^^^^^^^^^^^^^^^^^^^^^^
[platform]   42 | import { formatTrainingDate, humanizeLabel } from "./detail-formatters";
[platform]   43 |
[platform]   44 | function SectionCard({ title, children, action }: { title: string; children: React.ReactNo...
[platform] 
[platform] The export deleteTrainingAssignment was not found in module [project]/packages/features/enterprise-trainings/src/trainings.service.ts [app-ssr] (ecmascript).
[platform] Did you mean to import deleteTrainingAssessment?
[platform] All exports of the module are statically known (It doesn't have dynamic exports). So it's known statically that the requested export doesn't exist.
[platform] 
[platform] Import traces:
[platform]   Client Component Browser:
[platform]     ./packages/features/enterprise-trainings/src/TrainingDetailsSections.tsx [Client Component Browser]
[platform]     ./packages/features/enterprise-trainings/src/TrainingDetailsScreen.tsx [Client Component Browser]
[platform]     ./packages/features/enterprise-trainings/src/index.ts [Client Component Browser]
[platform]     ./packages/features/platform-marketplace-static/src/PlatformProgramsScreen.tsx [Client Component Browser]
[platform]     ./packages/features/platform-marketplace-static/src/PlatformProgramsScreen.tsx [Server Component]
[platform]     ./packages/features/platform-marketplace-static/src/index.ts [Server Component]
[platform]     ./apps/platform-admin/src/app/trainings/page.tsx [Server Component]
[platform] 
[platform]   Client Component SSR:
[platform]     ./packages/features/enterprise-trainings/src/TrainingDetailsSections.tsx [Client Component SSR]
[platform]     ./packages/features/enterprise-trainings/src/TrainingDetailsScreen.tsx [Client Component SSR]
[platform]     ./packages/features/enterprise-trainings/src/index.ts [Client Component SSR]
[platform]     ./packages/features/platform-marketplace-static/src/PlatformProgramsScreen.tsx [Client Component SSR]
[platform]     ./packages/features/platform-marketplace-static/src/PlatformProgramsScreen.tsx [Server Component]
[platform]     ./packages/features/platform-marketplace-static/src/index.ts [Server Component]
[platform]     ./apps/platform-admin/src/app/trainings/page.tsx [Server Component] 
[platform] [browser] ./packages/features/enterprise-trainings/src/TrainingDetailsSections.tsx:5:1
[platform] Export deleteTrainingAssignment doesn't exist in target module
[platform]    3 | import { useState } from "react";
[platform]    4 | import { useMutation, useQuery, useQueryClient } from "@tanstack/react-query";
[platform] >  5 | import {
[platform]      | ^^^^^^^
[platform] >  6 |   addAssessmentQuestions,
[platform]      | ^^^^^^^^^^^^^^^^^^^^^^^^^
[platform] >  7 |   approveTrainingEnrolment,
[platform]      | ^^^^^^^^^^^^^^^^^^^^^^^^^^^
[platform] >  8 |   cancelTrainingEnrolment,
[platform]      | ^^^^^^^^^^^^^^^^^^^^^^^^^^
[platform] >  9 |   completeTrainingLesson,
[platform]      | ^^^^^^^^^^^^^^^^^^^^^^^^^
[platform] > 10 |   createDiscussionReply,
[platform]      | ^^^^^^^^^^^^^^^^^^^^^^^^
[platform] > 11 |   createTrainingAnnouncement,
[platform]      | ^^^^^^^^^^^^^^^^^^^^^^^^^^^^^
[platform] > 12 |   createTrainingAssignment,
[platform]      | ^^^^^^^^^^^^^^^^^^^^^^^^^^^
[platform] > 13 |   createTrainingAssessment,
[platform]      | ^^^^^^^^^^^^^^^^^^^^^^^^^^^
[platform] > 14 |   createTrainingDiscussion,
[platform]      | ^^^^^^^^^^^^^^^^^^^^^^^^^^^
[platform] > 15 |   createTrainingLesson,
[platform]      | ^^^^^^^^^^^^^^^^^^^^^^^
[platform] > 16 |   createTrainingLiveSession,
[platform]      | ^^^^^^^^^^^^^^^^^^^^^^^^^^^^
[platform] > 17 |   createTrainingSection,
[platform]      | ^^^^^^^^^^^^^^^^^^^^^^^^
[platform] > 18 |   deleteTrainingAssessment,
[platform]      | ^^^^^^^^^^^^^^^^^^^^^^^^^^^
[platform] > 19 |   deleteTrainingAssignment,
[platform]      | ^^^^^^^^^^^^^^^^^^^^^^^^^^^
[platform] > 20 |   deleteTrainingLesson,
[platform]      | ^^^^^^^^^^^^^^^^^^^^^^^
[platform] > 21 |   deleteTrainingSection,
[platform]      | ^^^^^^^^^^^^^^^^^^^^^^^^
[platform] > 22 |   exportLiveSessionAttendance,
[platform]      | ^^^^^^^^^^^^^^^^^^^^^^^^^^^^^^
[platform] > 23 |   getLiveSessionAttendance,
[platform]      | ^^^^^^^^^^^^^^^^^^^^^^^^^^^
[platform] > 24 |   getTrainingContent,
[platform]      | ^^^^^^^^^^^^^^^^^^^^^
[platform] > 25 |   getTrainingProgress,
[platform]      | ^^^^^^^^^^^^^^^^^^^^^^
[platform] > 26 |   getTrainingSections,
[platform]      | ^^^^^^^^^^^^^^^^^^^^^^
[platform] > 27 |   listTrainingAnnouncements,
[platform]      | ^^^^^^^^^^^^^^^^^^^^^^^^^^^^
[platform] > 28 |   listTrainingAssignments,
[platform]      | ^^^^^^^^^^^^^^^^^^^^^^^^^^
[platform] > 29 |   listTrainingAssessments,
[platform]      | ^^^^^^^^^^^^^^^^^^^^^^^^^^
[platform] > 30 |   listTrainingDiscussions,
[platform]      | ^^^^^^^^^^^^^^^^^^^^^^^^^^
[platform] > 31 |   enrolInTraining,
[platform]      | ^^^^^^^^^^^^^^^^^^
[platform] > 32 |   listTrainingEnrolments,
[platform]      | ^^^^^^^^^^^^^^^^^^^^^^^^^
[platform] > 33 |   listTrainingLiveSessions,
[platform]      | ^^^^^^^^^^^^^^^^^^^^^^^^^^^
[platform] > 34 |   listTrainingOrders,
[platform]      | ^^^^^^^^^^^^^^^^^^^^^
[platform] > 35 |   markLiveSessionAttendance,
[platform]      | ^^^^^^^^^^^^^^^^^^^^^^^^^^^^
[platform] > 36 |   refundTrainingOrder,
[platform]      | ^^^^^^^^^^^^^^^^^^^^^^
[platform] > 37 |   patchTrainingOrderStatus,
[platform]      | ^^^^^^^^^^^^^^^^^^^^^^^^^^^
[platform] > 38 |   TrainingsApiError,
[platform]      | ^^^^^^^^^^^^^^^^^^^^
[platform] > 39 |   type CreateLiveSessionPayload,
[platform]      | ^^^^^^^^^^^^^^^^^^^^^^^^^^^^^^^^
[platform] > 40 |   type CreateTrainingSectionPayload,
[platform]      | ^^^^^^^^^^^^^^^^^^^^^^^^^^^^^^^^^^^^
[platform] > 41 | } from "./trainings.service";
[platform]      | ^^^^^^^^^^^^^^^^^^^^^^^^^^^^^
[platform]   42 | import { formatTrainingDate, humanizeLabel } from "./detail-formatters";
[platform]   43 |
[platform]   44 | function SectionCard({ title, children, action }: { title: string; children: React.ReactNo...
[platform] 
[platform] The export deleteTrainingAssignment was not found in module [project]/packages/features/enterprise-trainings/src/trainings.service.ts [app-client] (ecmascript).
[platform] Did you mean to import deleteTrainingAssessment?
[platform] All exports of the module are statically known (It doesn't have dynamic exports). So it's known statically that the requested export doesn't exist.
[platform] 
[platform] Import traces:
[platform]   Client Component Browser:
[platform]     ./packages/features/enterprise-trainings/src/TrainingDetailsSections.tsx [Client Component Browser]
[platform]     ./packages/features/enterprise-trainings/src/TrainingDetailsScreen.tsx [Client Component Browser]
[platform]     ./packages/features/enterprise-trainings/src/index.ts [Client Component Browser]
[platform]     ./packages/features/platform-marketplace-static/src/PlatformProgramsScreen.tsx [Client Component Browser]
[platform]     ./packages/features/platform-marketplace-static/src/PlatformProgramsScreen.tsx [Server Component]
[platform]     ./packages/features/platform-marketplace-static/src/index.ts [Server Component]
[platform]     ./apps/platform-admin/src/app/trainings/page.tsx [Server Component]
[platform] 
[platform]   Client Component SSR:
[platform]     ./packages/features/enterprise-trainings/src/TrainingDetailsSections.tsx [Client Component SSR]
[platform]     ./packages/features/enterprise-trainings/src/TrainingDetailsScreen.tsx [Client Component SSR]
[platform]     ./packages/features/enterprise-trainings/src/index.ts [Client Component SSR]
[platform]     ./packages/features/platform-marketplace-static/src/PlatformProgramsScreen.tsx [Client Component SSR]
[platform]     ./packages/features/platform-marketplace-static/src/PlatformProgramsScreen.tsx [Server Component]
[platform]     ./packages/features/platform-marketplace-static/src/index.ts [Server Component]
[platform]     ./apps/platform-admin/src/app/trainings/page.tsx [Server Component] 
[platform] [browser] ./packages/features/enterprise-trainings/src/TrainingDetailsSections.tsx:5:1
[platform] Export deleteTrainingAssignment doesn't exist in target module
[platform]    3 | import { useState } from "react";
[platform]    4 | import { useMutation, useQuery, useQueryClient } from "@tanstack/react-query";
[platform] >  5 | import {
[platform]      | ^^^^^^^
[platform] >  6 |   addAssessmentQuestions,
[platform]      | ^^^^^^^^^^^^^^^^^^^^^^^^^
[platform] >  7 |   approveTrainingEnrolment,
[platform]      | ^^^^^^^^^^^^^^^^^^^^^^^^^^^
[platform] >  8 |   cancelTrainingEnrolment,
[platform]      | ^^^^^^^^^^^^^^^^^^^^^^^^^^
[platform] >  9 |   completeTrainingLesson,
[platform]      | ^^^^^^^^^^^^^^^^^^^^^^^^^
[platform] > 10 |   createDiscussionReply,
[platform]      | ^^^^^^^^^^^^^^^^^^^^^^^^
[platform] > 11 |   createTrainingAnnouncement,
[platform]      | ^^^^^^^^^^^^^^^^^^^^^^^^^^^^^
[platform] > 12 |   createTrainingAssignment,
[platform]      | ^^^^^^^^^^^^^^^^^^^^^^^^^^^
[platform] > 13 |   createTrainingAssessment,
[platform]      | ^^^^^^^^^^^^^^^^^^^^^^^^^^^
[platform] > 14 |   createTrainingDiscussion,
[platform]      | ^^^^^^^^^^^^^^^^^^^^^^^^^^^
[platform] > 15 |   createTrainingLesson,
[platform]      | ^^^^^^^^^^^^^^^^^^^^^^^
[platform] > 16 |   createTrainingLiveSession,
[platform]      | ^^^^^^^^^^^^^^^^^^^^^^^^^^^^
[platform] > 17 |   createTrainingSection,
[platform]      | ^^^^^^^^^^^^^^^^^^^^^^^^
[platform] > 18 |   deleteTrainingAssessment,
[platform]      | ^^^^^^^^^^^^^^^^^^^^^^^^^^^
[platform] > 19 |   deleteTrainingAssignment,
[platform]      | ^^^^^^^^^^^^^^^^^^^^^^^^^^^
[platform] > 20 |   deleteTrainingLesson,
[platform]      | ^^^^^^^^^^^^^^^^^^^^^^^
[platform] > 21 |   deleteTrainingSection,
[platform]      | ^^^^^^^^^^^^^^^^^^^^^^^^
[platform] > 22 |   exportLiveSessionAttendance,
[platform]      | ^^^^^^^^^^^^^^^^^^^^^^^^^^^^^^
[platform] > 23 |   getLiveSessionAttendance,
[platform]      | ^^^^^^^^^^^^^^^^^^^^^^^^^^^
[platform] > 24 |   getTrainingContent,
[platform]      | ^^^^^^^^^^^^^^^^^^^^^
[platform] > 25 |   getTrainingProgress,
[platform]      | ^^^^^^^^^^^^^^^^^^^^^^
[platform] > 26 |   getTrainingSections,
[platform]      | ^^^^^^^^^^^^^^^^^^^^^^
[platform] > 27 |   listTrainingAnnouncements,
[platform]      | ^^^^^^^^^^^^^^^^^^^^^^^^^^^^
[platform] > 28 |   listTrainingAssignments,
[platform]      | ^^^^^^^^^^^^^^^^^^^^^^^^^^
[platform] > 29 |   listTrainingAssessments,
[platform]      | ^^^^^^^^^^^^^^^^^^^^^^^^^^
[platform] > 30 |   listTrainingDiscussions,
[platform]      | ^^^^^^^^^^^^^^^^^^^^^^^^^^
[platform] > 31 |   enrolInTraining,
[platform]      | ^^^^^^^^^^^^^^^^^^
[platform] > 32 |   listTrainingEnrolments,
[platform]      | ^^^^^^^^^^^^^^^^^^^^^^^^^
[platform] > 33 |   listTrainingLiveSessions,
[platform]      | ^^^^^^^^^^^^^^^^^^^^^^^^^^^
[platform] > 34 |   listTrainingOrders,
[platform]      | ^^^^^^^^^^^^^^^^^^^^^
[platform] > 35 |   markLiveSessionAttendance,
[platform]      | ^^^^^^^^^^^^^^^^^^^^^^^^^^^^
[platform] > 36 |   refundTrainingOrder,
[platform]      | ^^^^^^^^^^^^^^^^^^^^^^
[platform] > 37 |   patchTrainingOrderStatus,
[platform]      | ^^^^^^^^^^^^^^^^^^^^^^^^^^^
[platform] > 38 |   TrainingsApiError,
[platform]      | ^^^^^^^^^^^^^^^^^^^^
[platform] > 39 |   type CreateLiveSessionPayload,
[platform]      | ^^^^^^^^^^^^^^^^^^^^^^^^^^^^^^^^
[platform] > 40 |   type CreateTrainingSectionPayload,
[platform]      | ^^^^^^^^^^^^^^^^^^^^^^^^^^^^^^^^^^^^
[platform] > 41 | } from "./trainings.service";
[platform]      | ^^^^^^^^^^^^^^^^^^^^^^^^^^^^^
[platform]   42 | import { formatTrainingDate, humanizeLabel } from "./detail-formatters";
[platform]   43 |
[platform]   44 | function SectionCard({ title, children, action }: { title: string; children: React.ReactNo...
[platform] 
[platform] The export deleteTrainingAssignment was not found in module [project]/packages/features/enterprise-trainings/src/trainings.service.ts [app-ssr] (ecmascript).
[platform] Did you mean to import deleteTrainingAssessment?
[platform] All exports of the module are statically known (It doesn't have dynamic exports). So it's known statically that the requested export doesn't exist.
[platform] 
[platform] Import traces:
[platform]   Client Component Browser:
[platform]     ./packages/features/enterprise-trainings/src/TrainingDetailsSections.tsx [Client Component Browser]
[platform]     ./packages/features/enterprise-trainings/src/TrainingDetailsScreen.tsx [Client Component Browser]
[platform]     ./packages/features/enterprise-trainings/src/index.ts [Client Component Browser]
[platform]     ./packages/features/platform-marketplace-static/src/PlatformProgramsScreen.tsx [Client Component Browser]
[platform]     ./packages/features/platform-marketplace-static/src/PlatformProgramsScreen.tsx [Server Component]
[platform]     ./packages/features/platform-marketplace-static/src/index.ts [Server Component]
[platform]     ./apps/platform-admin/src/app/trainings/page.tsx [Server Component]
[platform] 
[platform]   Client Component SSR:
[platform]     ./packages/features/enterprise-trainings/src/TrainingDetailsSections.tsx [Client Component SSR]
[platform]     ./packages/features/enterprise-trainings/src/TrainingDetailsScreen.tsx [Client Component SSR]
[platform]     ./packages/features/enterprise-trainings/src/index.ts [Client Component SSR]
[platform]     ./packages/features/platform-marketplace-static/src/PlatformProgramsScreen.tsx [Client Component SSR]
[platform]     ./packages/features/platform-marketplace-static/src/PlatformProgramsScreen.tsx [Server Component]
[platform]     ./packages/features/platform-marketplace-static/src/index.ts [Server Component]
[platform]     ./apps/platform-admin/src/app/trainings/page.tsx [Server Component] 
[platform] [browser] ./packages/features/enterprise-trainings/src/TrainingDetailsSections.tsx:5:1
[platform] Export deleteTrainingAssignment doesn't exist in target module
[platform]    3 | import { useState } from "react";
[platform]    4 | import { useMutation, useQuery, useQueryClient } from "@tanstack/react-query";
[platform] >  5 | import {
[platform]      | ^^^^^^^
[platform] >  6 |   addAssessmentQuestions,
[platform]      | ^^^^^^^^^^^^^^^^^^^^^^^^^
[platform] >  7 |   approveTrainingEnrolment,
[platform]      | ^^^^^^^^^^^^^^^^^^^^^^^^^^^
[platform] >  8 |   cancelTrainingEnrolment,
[platform]      | ^^^^^^^^^^^^^^^^^^^^^^^^^^
[platform] >  9 |   completeTrainingLesson,
[platform]      | ^^^^^^^^^^^^^^^^^^^^^^^^^
[platform] > 10 |   createDiscussionReply,
[platform]      | ^^^^^^^^^^^^^^^^^^^^^^^^
[platform] > 11 |   createTrainingAnnouncement,
[platform]      | ^^^^^^^^^^^^^^^^^^^^^^^^^^^^^
[platform] > 12 |   createTrainingAssignment,
[platform]      | ^^^^^^^^^^^^^^^^^^^^^^^^^^^
[platform] > 13 |   createTrainingAssessment,
[platform]      | ^^^^^^^^^^^^^^^^^^^^^^^^^^^
[platform] > 14 |   createTrainingDiscussion,
[platform]      | ^^^^^^^^^^^^^^^^^^^^^^^^^^^
[platform] > 15 |   createTrainingLesson,
[platform]      | ^^^^^^^^^^^^^^^^^^^^^^^
[platform] > 16 |   createTrainingLiveSession,
[platform]      | ^^^^^^^^^^^^^^^^^^^^^^^^^^^^
[platform] > 17 |   createTrainingSection,
[platform]      | ^^^^^^^^^^^^^^^^^^^^^^^^
[platform] > 18 |   deleteTrainingAssessment,
[platform]      | ^^^^^^^^^^^^^^^^^^^^^^^^^^^
[platform] > 19 |   deleteTrainingAssignment,
[platform]      | ^^^^^^^^^^^^^^^^^^^^^^^^^^^
[platform] > 20 |   deleteTrainingLesson,
[platform]      | ^^^^^^^^^^^^^^^^^^^^^^^
[platform] > 21 |   deleteTrainingSection,
[platform]      | ^^^^^^^^^^^^^^^^^^^^^^^^
[platform] > 22 |   exportLiveSessionAttendance,
[platform]      | ^^^^^^^^^^^^^^^^^^^^^^^^^^^^^^
[platform] > 23 |   getLiveSessionAttendance,
[platform]      | ^^^^^^^^^^^^^^^^^^^^^^^^^^^
[platform] > 24 |   getTrainingContent,
[platform]      | ^^^^^^^^^^^^^^^^^^^^^
[platform] > 25 |   getTrainingProgress,
[platform]      | ^^^^^^^^^^^^^^^^^^^^^^
[platform] > 26 |   getTrainingSections,
[platform]      | ^^^^^^^^^^^^^^^^^^^^^^
[platform] > 27 |   listTrainingAnnouncements,
[platform]      | ^^^^^^^^^^^^^^^^^^^^^^^^^^^^
[platform] > 28 |   listTrainingAssignments,
[platform]      | ^^^^^^^^^^^^^^^^^^^^^^^^^^
[platform] > 29 |   listTrainingAssessments,
[platform]      | ^^^^^^^^^^^^^^^^^^^^^^^^^^
[platform] > 30 |   listTrainingDiscussions,
[platform]      | ^^^^^^^^^^^^^^^^^^^^^^^^^^
[platform] > 31 |   enrolInTraining,
[platform]      | ^^^^^^^^^^^^^^^^^^
[platform] > 32 |   listTrainingEnrolments,
[platform]      | ^^^^^^^^^^^^^^^^^^^^^^^^^
[platform] > 33 |   listTrainingLiveSessions,
[platform]      | ^^^^^^^^^^^^^^^^^^^^^^^^^^^
[platform] > 34 |   listTrainingOrders,
[platform]      | ^^^^^^^^^^^^^^^^^^^^^
[platform] > 35 |   markLiveSessionAttendance,
[platform]      | ^^^^^^^^^^^^^^^^^^^^^^^^^^^^
[platform] > 36 |   refundTrainingOrder,
[platform]      | ^^^^^^^^^^^^^^^^^^^^^^
[platform] > 37 |   patchTrainingOrderStatus,
[platform]      | ^^^^^^^^^^^^^^^^^^^^^^^^^^^
[platform] > 38 |   TrainingsApiError,
[platform]      | ^^^^^^^^^^^^^^^^^^^^
[platform] > 39 |   type CreateLiveSessionPayload,
[platform]      | ^^^^^^^^^^^^^^^^^^^^^^^^^^^^^^^^
[platform] > 40 |   type CreateTrainingSectionPayload,
[platform]      | ^^^^^^^^^^^^^^^^^^^^^^^^^^^^^^^^^^^^
[platform] > 41 | } from "./trainings.service";
[platform]      | ^^^^^^^^^^^^^^^^^^^^^^^^^^^^^
[platform]   42 | import { formatTrainingDate, humanizeLabel } from "./detail-formatters";
[platform]   43 |
[platform]   44 | function SectionCard({ title, children, action }: { title: string; children: React.ReactNo...
[platform] 
[platform] The export deleteTrainingAssignment was not found in module [project]/packages/features/enterprise-trainings/src/trainings.service.ts [app-client] (ecmascript).
[platform] Did you mean to import deleteTrainingAssessment?
[platform] All exports of the module are statically known (It doesn't have dynamic exports). So it's known statically that the requested export doesn't exist.
[platform] 
[platform] Import traces:
[platform]   Client Component Browser:
[platform]     ./packages/features/enterprise-trainings/src/TrainingDetailsSections.tsx [Client Component Browser]
[platform]     ./packages/features/enterprise-trainings/src/TrainingDetailsScreen.tsx [Client Component Browser]
[platform]     ./packages/features/enterprise-trainings/src/index.ts [Client Component Browser]
[platform]     ./packages/features/platform-marketplace-static/src/PlatformProgramsScreen.tsx [Client Component Browser]
[platform]     ./packages/features/platform-marketplace-static/src/PlatformProgramsScreen.tsx [Server Component]
[platform]     ./packages/features/platform-marketplace-static/src/index.ts [Server Component]
[platform]     ./apps/platform-admin/src/app/trainings/page.tsx [Server Component]
[platform] 
[platform]   Client Component SSR:
[platform]     ./packages/features/enterprise-trainings/src/TrainingDetailsSections.tsx [Client Component SSR]
[platform]     ./packages/features/enterprise-trainings/src/TrainingDetailsScreen.tsx [Client Component SSR]
[platform]     ./packages/features/enterprise-trainings/src/index.ts [Client Component SSR]
[platform]     ./packages/features/platform-marketplace-static/src/PlatformProgramsScreen.tsx [Client Component SSR]
[platform]     ./packages/features/platform-marketplace-static/src/PlatformProgramsScreen.tsx [Server Component]
[platform]     ./packages/features/platform-marketplace-static/src/index.ts [Server Component]
[platform]     ./apps/platform-admin/src/app/trainings/page.tsx [Server Component] 
[platform] [browser] ./packages/features/enterprise-trainings/src/TrainingDetailsSections.tsx:5:1
[platform] Export deleteTrainingAssignment doesn't exist in target module
[platform]    3 | import { useState } from "react";
[platform]    4 | import { useMutation, useQuery, useQueryClient } from "@tanstack/react-query";
[platform] >  5 | import {
[platform]      | ^^^^^^^
[platform] >  6 |   addAssessmentQuestions,
[platform]      | ^^^^^^^^^^^^^^^^^^^^^^^^^
[platform] >  7 |   approveTrainingEnrolment,
[platform]      | ^^^^^^^^^^^^^^^^^^^^^^^^^^^
[platform] >  8 |   cancelTrainingEnrolment,
[platform]      | ^^^^^^^^^^^^^^^^^^^^^^^^^^
[platform] >  9 |   completeTrainingLesson,
[platform]      | ^^^^^^^^^^^^^^^^^^^^^^^^^
[platform] > 10 |   createDiscussionReply,
[platform]      | ^^^^^^^^^^^^^^^^^^^^^^^^
[platform] > 11 |   createTrainingAnnouncement,
[platform]      | ^^^^^^^^^^^^^^^^^^^^^^^^^^^^^
[platform] > 12 |   createTrainingAssignment,
[platform]      | ^^^^^^^^^^^^^^^^^^^^^^^^^^^
[platform] > 13 |   createTrainingAssessment,
[platform]      | ^^^^^^^^^^^^^^^^^^^^^^^^^^^
[platform] > 14 |   createTrainingDiscussion,
[platform]      | ^^^^^^^^^^^^^^^^^^^^^^^^^^^
[platform] > 15 |   createTrainingLesson,
[platform]      | ^^^^^^^^^^^^^^^^^^^^^^^
[platform] > 16 |   createTrainingLiveSession,
[platform]      | ^^^^^^^^^^^^^^^^^^^^^^^^^^^^
[platform] > 17 |   createTrainingSection,
[platform]      | ^^^^^^^^^^^^^^^^^^^^^^^^
[platform] > 18 |   deleteTrainingAssessment,
[platform]      | ^^^^^^^^^^^^^^^^^^^^^^^^^^^
[platform] > 19 |   deleteTrainingAssignment,
[platform]      | ^^^^^^^^^^^^^^^^^^^^^^^^^^^
[platform] > 20 |   deleteTrainingLesson,
[platform]      | ^^^^^^^^^^^^^^^^^^^^^^^
[platform] > 21 |   deleteTrainingSection,
[platform]      | ^^^^^^^^^^^^^^^^^^^^^^^^
[platform] > 22 |   exportLiveSessionAttendance,
[platform]      | ^^^^^^^^^^^^^^^^^^^^^^^^^^^^^^
[platform] > 23 |   getLiveSessionAttendance,
[platform]      | ^^^^^^^^^^^^^^^^^^^^^^^^^^^
[platform] > 24 |   getTrainingContent,
[platform]      | ^^^^^^^^^^^^^^^^^^^^^
[platform] > 25 |   getTrainingProgress,
[platform]      | ^^^^^^^^^^^^^^^^^^^^^^
[platform] > 26 |   getTrainingSections,
[platform]      | ^^^^^^^^^^^^^^^^^^^^^^
[platform] > 27 |   listTrainingAnnouncements,
[platform]      | ^^^^^^^^^^^^^^^^^^^^^^^^^^^^
[platform] > 28 |   listTrainingAssignments,
[platform]      | ^^^^^^^^^^^^^^^^^^^^^^^^^^
[platform] > 29 |   listTrainingAssessments,
[platform]      | ^^^^^^^^^^^^^^^^^^^^^^^^^^
[platform] > 30 |   listTrainingDiscussions,
[platform]      | ^^^^^^^^^^^^^^^^^^^^^^^^^^
[platform] > 31 |   enrolInTraining,
[platform]      | ^^^^^^^^^^^^^^^^^^
[platform] > 32 |   listTrainingEnrolments,
[platform]      | ^^^^^^^^^^^^^^^^^^^^^^^^^
[platform] > 33 |   listTrainingLiveSessions,
[platform]      | ^^^^^^^^^^^^^^^^^^^^^^^^^^^
[platform] > 34 |   listTrainingOrders,
[platform]      | ^^^^^^^^^^^^^^^^^^^^^
[platform] > 35 |   markLiveSessionAttendance,
[platform]      | ^^^^^^^^^^^^^^^^^^^^^^^^^^^^
[platform] > 36 |   refundTrainingOrder,
[platform]      | ^^^^^^^^^^^^^^^^^^^^^^
[platform] > 37 |   patchTrainingOrderStatus,
[platform]      | ^^^^^^^^^^^^^^^^^^^^^^^^^^^
[platform] > 38 |   TrainingsApiError,
[platform]      | ^^^^^^^^^^^^^^^^^^^^
[platform] > 39 |   type CreateLiveSessionPayload,
[platform]      | ^^^^^^^^^^^^^^^^^^^^^^^^^^^^^^^^
[platform] > 40 |   type CreateTrainingSectionPayload,
[platform]      | ^^^^^^^^^^^^^^^^^^^^^^^^^^^^^^^^^^^^
[platform] > 41 | } from "./trainings.service";
[platform]      | ^^^^^^^^^^^^^^^^^^^^^^^^^^^^^
[platform]   42 | import { formatTrainingDate, humanizeLabel } from "./detail-formatters";
[platform]   43 |
[platform]   44 | function SectionCard({ title, children, action }: { title: string; children: React.ReactNo...
[platform] 
[platform] The export deleteTrainingAssignment was not found in module [project]/packages/features/enterprise-trainings/src/trainings.service.ts [app-ssr] (ecmascript).
[platform] Did you mean to import deleteTrainingAssessment?
[platform] All exports of the module are statically known (It doesn't have dynamic exports). So it's known statically that the requested export doesn't exist.
[platform] 
[platform] Import traces:
[platform]   Client Component Browser:
[platform]     ./packages/features/enterprise-trainings/src/TrainingDetailsSections.tsx [Client Component Browser]
[platform]     ./packages/features/enterprise-trainings/src/TrainingDetailsScreen.tsx [Client Component Browser]
[platform]     ./packages/features/enterprise-trainings/src/index.ts [Client Component Browser]
[platform]     ./packages/features/platform-marketplace-static/src/PlatformProgramsScreen.tsx [Client Component Browser]
[platform]     ./packages/features/platform-marketplace-static/src/PlatformProgramsScreen.tsx [Server Component]
[platform]     ./packages/features/platform-marketplace-static/src/index.ts [Server Component]
[platform]     ./apps/platform-admin/src/app/trainings/page.tsx [Server Component]
[platform] 
[platform]   Client Component SSR:
[platform]     ./packages/features/enterprise-trainings/src/TrainingDetailsSections.tsx [Client Component SSR]
[platform]     ./packages/features/enterprise-trainings/src/TrainingDetailsScreen.tsx [Client Component SSR]
[platform]     ./packages/features/enterprise-trainings/src/index.ts [Client Component SSR]
[platform]     ./packages/features/platform-marketplace-static/src/PlatformProgramsScreen.tsx [Client Component SSR]
[platform]     ./packages/features/platform-marketplace-static/src/PlatformProgramsScreen.tsx [Server Component]
[platform]     ./packages/features/platform-marketplace-static/src/index.ts [Server Component]
[platform]     ./apps/platform-admin/src/app/trainings/page.tsx [Server Component] 
[platform] [browser] ./packages/features/enterprise-trainings/src/TrainingDetailsSections.tsx:5:1
[platform] Export deleteTrainingAssignment doesn't exist in target module
[platform]    3 | import { useState } from "react";
[platform]    4 | import { useMutation, useQuery, useQueryClient } from "@tanstack/react-query";
[platform] >  5 | import {
[platform]      | ^^^^^^^
[platform] >  6 |   addAssessmentQuestions,
[platform]      | ^^^^^^^^^^^^^^^^^^^^^^^^^
[platform] >  7 |   approveTrainingEnrolment,
[platform]      | ^^^^^^^^^^^^^^^^^^^^^^^^^^^
[platform] >  8 |   cancelTrainingEnrolment,
[platform]      | ^^^^^^^^^^^^^^^^^^^^^^^^^^
[platform] >  9 |   completeTrainingLesson,
[platform]      | ^^^^^^^^^^^^^^^^^^^^^^^^^
[platform] > 10 |   createDiscussionReply,
[platform]      | ^^^^^^^^^^^^^^^^^^^^^^^^
[platform] > 11 |   createTrainingAnnouncement,
[platform]      | ^^^^^^^^^^^^^^^^^^^^^^^^^^^^^
[platform] > 12 |   createTrainingAssignment,
[platform]      | ^^^^^^^^^^^^^^^^^^^^^^^^^^^
[platform] > 13 |   createTrainingAssessment,
[platform]      | ^^^^^^^^^^^^^^^^^^^^^^^^^^^
[platform] > 14 |   createTrainingDiscussion,
[platform]      | ^^^^^^^^^^^^^^^^^^^^^^^^^^^
[platform] > 15 |   createTrainingLesson,
[platform]      | ^^^^^^^^^^^^^^^^^^^^^^^
[platform] > 16 |   createTrainingLiveSession,
[platform]      | ^^^^^^^^^^^^^^^^^^^^^^^^^^^^
[platform] > 17 |   createTrainingSection,
[platform]      | ^^^^^^^^^^^^^^^^^^^^^^^^
[platform] > 18 |   deleteTrainingAssessment,
[platform]      | ^^^^^^^^^^^^^^^^^^^^^^^^^^^
[platform] > 19 |   deleteTrainingAssignment,
[platform]      | ^^^^^^^^^^^^^^^^^^^^^^^^^^^
[platform] > 20 |   deleteTrainingLesson,
[platform]      | ^^^^^^^^^^^^^^^^^^^^^^^
[platform] > 21 |   deleteTrainingSection,
[platform]      | ^^^^^^^^^^^^^^^^^^^^^^^^
[platform] > 22 |   exportLiveSessionAttendance,
[platform]      | ^^^^^^^^^^^^^^^^^^^^^^^^^^^^^^
[platform] > 23 |   getLiveSessionAttendance,
[platform]      | ^^^^^^^^^^^^^^^^^^^^^^^^^^^
[platform] > 24 |   getTrainingContent,
[platform]      | ^^^^^^^^^^^^^^^^^^^^^
[platform] > 25 |   getTrainingProgress,
[platform]      | ^^^^^^^^^^^^^^^^^^^^^^
[platform] > 26 |   getTrainingSections,
[platform]      | ^^^^^^^^^^^^^^^^^^^^^^
[platform] > 27 |   listTrainingAnnouncements,
[platform]      | ^^^^^^^^^^^^^^^^^^^^^^^^^^^^
[platform] > 28 |   listTrainingAssignments,
[platform]      | ^^^^^^^^^^^^^^^^^^^^^^^^^^
[platform] > 29 |   listTrainingAssessments,
[platform]      | ^^^^^^^^^^^^^^^^^^^^^^^^^^
[platform] > 30 |   listTrainingDiscussions,
[platform]      | ^^^^^^^^^^^^^^^^^^^^^^^^^^
[platform] > 31 |   enrolInTraining,
[platform]      | ^^^^^^^^^^^^^^^^^^
[platform] > 32 |   listTrainingEnrolments,
[platform]      | ^^^^^^^^^^^^^^^^^^^^^^^^^
[platform] > 33 |   listTrainingLiveSessions,
[platform]      | ^^^^^^^^^^^^^^^^^^^^^^^^^^^
[platform] > 34 |   listTrainingOrders,
[platform]      | ^^^^^^^^^^^^^^^^^^^^^
[platform] > 35 |   markLiveSessionAttendance,
[platform]      | ^^^^^^^^^^^^^^^^^^^^^^^^^^^^
[platform] > 36 |   refundTrainingOrder,
[platform]      | ^^^^^^^^^^^^^^^^^^^^^^
[platform] > 37 |   patchTrainingOrderStatus,
[platform]      | ^^^^^^^^^^^^^^^^^^^^^^^^^^^
[platform] > 38 |   TrainingsApiError,
[platform]      | ^^^^^^^^^^^^^^^^^^^^
[platform] > 39 |   type CreateLiveSessionPayload,
[platform]      | ^^^^^^^^^^^^^^^^^^^^^^^^^^^^^^^^
[platform] > 40 |   type CreateTrainingSectionPayload,
[platform]      | ^^^^^^^^^^^^^^^^^^^^^^^^^^^^^^^^^^^^
[platform] > 41 | } from "./trainings.service";
[platform]      | ^^^^^^^^^^^^^^^^^^^^^^^^^^^^^
[platform]   42 | import { formatTrainingDate, humanizeLabel } from "./detail-formatters";
[platform]   43 |
[platform]   44 | function SectionCard({ title, children, action }: { title: string; children: React.ReactNo...
[platform] 
[platform] The export deleteTrainingAssignment was not found in module [project]/packages/features/enterprise-trainings/src/trainings.service.ts [app-client] (ecmascript).
[platform] Did you mean to import deleteTrainingAssessment?
[platform] All exports of the module are statically known (It doesn't have dynamic exports). So it's known statically that the requested export doesn't exist.
[platform] 
[platform] Import traces:
[platform]   Client Component Browser:
[platform]     ./packages/features/enterprise-trainings/src/TrainingDetailsSections.tsx [Client Component Browser]
[platform]     ./packages/features/enterprise-trainings/src/TrainingDetailsScreen.tsx [Client Component Browser]
[platform]     ./packages/features/enterprise-trainings/src/index.ts [Client Component Browser]
[platform]     ./packages/features/platform-marketplace-static/src/PlatformProgramsScreen.tsx [Client Component Browser]
[platform]     ./packages/features/platform-marketplace-static/src/PlatformProgramsScreen.tsx [Server Component]
[platform]     ./packages/features/platform-marketplace-static/src/index.ts [Server Component]
[platform]     ./apps/platform-admin/src/app/trainings/page.tsx [Server Component]
[platform] 
[platform]   Client Component SSR:
[platform]     ./packages/features/enterprise-trainings/src/TrainingDetailsSections.tsx [Client Component SSR]
[platform]     ./packages/features/enterprise-trainings/src/TrainingDetailsScreen.tsx [Client Component SSR]
[platform]     ./packages/features/enterprise-trainings/src/index.ts [Client Component SSR]
[platform]     ./packages/features/platform-marketplace-static/src/PlatformProgramsScreen.tsx [Client Component SSR]
[platform]     ./packages/features/platform-marketplace-static/src/PlatformProgramsScreen.tsx [Server Component]
[platform]     ./packages/features/platform-marketplace-static/src/index.ts [Server Component]
[platform]     ./apps/platform-admin/src/app/trainings/page.tsx [Server Component] 
[platform] [browser] ./packages/features/enterprise-trainings/src/TrainingDetailsSections.tsx:5:1
[platform] Export deleteTrainingAssignment doesn't exist in target module
[platform]    3 | import { useState } from "react";
[platform]    4 | import { useMutation, useQuery, useQueryClient } from "@tanstack/react-query";
[platform] >  5 | import {
[platform]      | ^^^^^^^
[platform] >  6 |   addAssessmentQuestions,
[platform]      | ^^^^^^^^^^^^^^^^^^^^^^^^^
[platform] >  7 |   approveTrainingEnrolment,
[platform]      | ^^^^^^^^^^^^^^^^^^^^^^^^^^^
[platform] >  8 |   cancelTrainingEnrolment,
[platform]      | ^^^^^^^^^^^^^^^^^^^^^^^^^^
[platform] >  9 |   completeTrainingLesson,
[platform]      | ^^^^^^^^^^^^^^^^^^^^^^^^^
[platform] > 10 |   createDiscussionReply,
[platform]      | ^^^^^^^^^^^^^^^^^^^^^^^^
[platform] > 11 |   createTrainingAnnouncement,
[platform]      | ^^^^^^^^^^^^^^^^^^^^^^^^^^^^^
[platform] > 12 |   createTrainingAssignment,
[platform]      | ^^^^^^^^^^^^^^^^^^^^^^^^^^^
[platform] > 13 |   createTrainingAssessment,
[platform]      | ^^^^^^^^^^^^^^^^^^^^^^^^^^^
[platform] > 14 |   createTrainingDiscussion,
[platform]      | ^^^^^^^^^^^^^^^^^^^^^^^^^^^
[platform] > 15 |   createTrainingLesson,
[platform]      | ^^^^^^^^^^^^^^^^^^^^^^^
[platform] > 16 |   createTrainingLiveSession,
[platform]      | ^^^^^^^^^^^^^^^^^^^^^^^^^^^^
[platform] > 17 |   createTrainingSection,
[platform]      | ^^^^^^^^^^^^^^^^^^^^^^^^
[platform] > 18 |   deleteTrainingAssessment,
[platform]      | ^^^^^^^^^^^^^^^^^^^^^^^^^^^
[platform] > 19 |   deleteTrainingAssignment,
[platform]      | ^^^^^^^^^^^^^^^^^^^^^^^^^^^
[platform] > 20 |   deleteTrainingLesson,
[platform]      | ^^^^^^^^^^^^^^^^^^^^^^^
[platform] > 21 |   deleteTrainingSection,
[platform]      | ^^^^^^^^^^^^^^^^^^^^^^^^
[platform] > 22 |   exportLiveSessionAttendance,
[platform]      | ^^^^^^^^^^^^^^^^^^^^^^^^^^^^^^
[platform] > 23 |   getLiveSessionAttendance,
[platform]      | ^^^^^^^^^^^^^^^^^^^^^^^^^^^
[platform] > 24 |   getTrainingContent,
[platform]      | ^^^^^^^^^^^^^^^^^^^^^
[platform] > 25 |   getTrainingProgress,
[platform]      | ^^^^^^^^^^^^^^^^^^^^^^
[platform] > 26 |   getTrainingSections,
[platform]      | ^^^^^^^^^^^^^^^^^^^^^^
[platform] > 27 |   listTrainingAnnouncements,
[platform]      | ^^^^^^^^^^^^^^^^^^^^^^^^^^^^
[platform] > 28 |   listTrainingAssignments,
[platform]      | ^^^^^^^^^^^^^^^^^^^^^^^^^^
[platform] > 29 |   listTrainingAssessments,
[platform]      | ^^^^^^^^^^^^^^^^^^^^^^^^^^
[platform] > 30 |   listTrainingDiscussions,
[platform]      | ^^^^^^^^^^^^^^^^^^^^^^^^^^
[platform] > 31 |   enrolInTraining,
[platform]      | ^^^^^^^^^^^^^^^^^^
[platform] > 32 |   listTrainingEnrolments,
[platform]      | ^^^^^^^^^^^^^^^^^^^^^^^^^
[platform] > 33 |   listTrainingLiveSessions,
[platform]      | ^^^^^^^^^^^^^^^^^^^^^^^^^^^
[platform] > 34 |   listTrainingOrders,
[platform]      | ^^^^^^^^^^^^^^^^^^^^^
[platform] > 35 |   markLiveSessionAttendance,
[platform]      | ^^^^^^^^^^^^^^^^^^^^^^^^^^^^
[platform] > 36 |   refundTrainingOrder,
[platform]      | ^^^^^^^^^^^^^^^^^^^^^^
[platform] > 37 |   patchTrainingOrderStatus,
[platform]      | ^^^^^^^^^^^^^^^^^^^^^^^^^^^
[platform] > 38 |   TrainingsApiError,
[platform]      | ^^^^^^^^^^^^^^^^^^^^
[platform] > 39 |   type CreateLiveSessionPayload,
[platform]      | ^^^^^^^^^^^^^^^^^^^^^^^^^^^^^^^^
[platform] > 40 |   type CreateTrainingSectionPayload,
[platform]      | ^^^^^^^^^^^^^^^^^^^^^^^^^^^^^^^^^^^^
[platform] > 41 | } from "./trainings.service";
[platform]      | ^^^^^^^^^^^^^^^^^^^^^^^^^^^^^
[platform]   42 | import { formatTrainingDate, humanizeLabel } from "./detail-formatters";
[platform]   43 |
[platform]   44 | function SectionCard({ title, children, action }: { title: string; children: React.ReactNo...
[platform] 
[platform] The export deleteTrainingAssignment was not found in module [project]/packages/features/enterprise-trainings/src/trainings.service.ts [app-ssr] (ecmascript).
[platform] Did you mean to import deleteTrainingAssessment?
[platform] All exports of the module are statically known (It doesn't have dynamic exports). So it's known statically that the requested export doesn't exist.
[platform] 
[platform] Import traces:
[platform]   Client Component Browser:
[platform]     ./packages/features/enterprise-trainings/src/TrainingDetailsSections.tsx [Client Component Browser]
[platform]     ./packages/features/enterprise-trainings/src/TrainingDetailsScreen.tsx [Client Component Browser]
[platform]     ./packages/features/enterprise-trainings/src/index.ts [Client Component Browser]
[platform]     ./packages/features/platform-marketplace-static/src/PlatformProgramsScreen.tsx [Client Component Browser]
[platform]     ./packages/features/platform-marketplace-static/src/PlatformProgramsScreen.tsx [Server Component]
[platform]     ./packages/features/platform-marketplace-static/src/index.ts [Server Component]
[platform]     ./apps/platform-admin/src/app/trainings/page.tsx [Server Component]
[platform] 
[platform]   Client Component SSR:
[platform]     ./packages/features/enterprise-trainings/src/TrainingDetailsSections.tsx [Client Component SSR]
[platform]     ./packages/features/enterprise-trainings/src/TrainingDetailsScreen.tsx [Client Component SSR]
[platform]     ./packages/features/enterprise-trainings/src/index.ts [Client Component SSR]
[platform]     ./packages/features/platform-marketplace-static/src/PlatformProgramsScreen.tsx [Client Component SSR]
[platform]     ./packages/features/platform-marketplace-static/src/PlatformProgramsScreen.tsx [Server Component]
[platform]     ./packages/features/platform-marketplace-static/src/index.ts [Server Component]
[platform]     ./apps/platform-admin/src/app/trainings/page.tsx [Server Component] 
[platform] [browser] ./packages/features/enterprise-trainings/src/TrainingDetailsSections.tsx:5:1
[platform] Export deleteTrainingAssignment doesn't exist in target module
[platform]    3 | import { useState } from "react";
[platform]    4 | import { useMutation, useQuery, useQueryClient } from "@tanstack/react-query";
[platform] >  5 | import {
[platform]      | ^^^^^^^
[platform] >  6 |   addAssessmentQuestions,
[platform]      | ^^^^^^^^^^^^^^^^^^^^^^^^^
[platform] >  7 |   approveTrainingEnrolment,
[platform]      | ^^^^^^^^^^^^^^^^^^^^^^^^^^^
[platform] >  8 |   cancelTrainingEnrolment,
[platform]      | ^^^^^^^^^^^^^^^^^^^^^^^^^^
[platform] >  9 |   completeTrainingLesson,
[platform]      | ^^^^^^^^^^^^^^^^^^^^^^^^^
[platform] > 10 |   createDiscussionReply,
[platform]      | ^^^^^^^^^^^^^^^^^^^^^^^^
[platform] > 11 |   createTrainingAnnouncement,
[platform]      | ^^^^^^^^^^^^^^^^^^^^^^^^^^^^^
[platform] > 12 |   createTrainingAssignment,
[platform]      | ^^^^^^^^^^^^^^^^^^^^^^^^^^^
[platform] > 13 |   createTrainingAssessment,
[platform]      | ^^^^^^^^^^^^^^^^^^^^^^^^^^^
[platform] > 14 |   createTrainingDiscussion,
[platform]      | ^^^^^^^^^^^^^^^^^^^^^^^^^^^
[platform] > 15 |   createTrainingLesson,
[platform]      | ^^^^^^^^^^^^^^^^^^^^^^^
[platform] > 16 |   createTrainingLiveSession,
[platform]      | ^^^^^^^^^^^^^^^^^^^^^^^^^^^^
[platform] > 17 |   createTrainingSection,
[platform]      | ^^^^^^^^^^^^^^^^^^^^^^^^
[platform] > 18 |   deleteTrainingAssessment,
[platform]      | ^^^^^^^^^^^^^^^^^^^^^^^^^^^
[platform] > 19 |   deleteTrainingAssignment,
[platform]      | ^^^^^^^^^^^^^^^^^^^^^^^^^^^
[platform] > 20 |   deleteTrainingLesson,
[platform]      | ^^^^^^^^^^^^^^^^^^^^^^^
[platform] > 21 |   deleteTrainingSection,
[platform]      | ^^^^^^^^^^^^^^^^^^^^^^^^
[platform] > 22 |   exportLiveSessionAttendance,
[platform]      | ^^^^^^^^^^^^^^^^^^^^^^^^^^^^^^
[platform] > 23 |   getLiveSessionAttendance,
[platform]      | ^^^^^^^^^^^^^^^^^^^^^^^^^^^
[platform] > 24 |   getTrainingContent,
[platform]      | ^^^^^^^^^^^^^^^^^^^^^
[platform] > 25 |   getTrainingProgress,
[platform]      | ^^^^^^^^^^^^^^^^^^^^^^
[platform] > 26 |   getTrainingSections,
[platform]      | ^^^^^^^^^^^^^^^^^^^^^^
[platform] > 27 |   listTrainingAnnouncements,
[platform]      | ^^^^^^^^^^^^^^^^^^^^^^^^^^^^
[platform] > 28 |   listTrainingAssignments,
[platform]      | ^^^^^^^^^^^^^^^^^^^^^^^^^^
[platform] > 29 |   listTrainingAssessments,
[platform]      | ^^^^^^^^^^^^^^^^^^^^^^^^^^
[platform] > 30 |   listTrainingDiscussions,
[platform]      | ^^^^^^^^^^^^^^^^^^^^^^^^^^
[platform] > 31 |   enrolInTraining,
[platform]      | ^^^^^^^^^^^^^^^^^^
[platform] > 32 |   listTrainingEnrolments,
[platform]      | ^^^^^^^^^^^^^^^^^^^^^^^^^
[platform] > 33 |   listTrainingLiveSessions,
[platform]      | ^^^^^^^^^^^^^^^^^^^^^^^^^^^
[platform] > 34 |   listTrainingOrders,
[platform]      | ^^^^^^^^^^^^^^^^^^^^^
[platform] > 35 |   markLiveSessionAttendance,
[platform]      | ^^^^^^^^^^^^^^^^^^^^^^^^^^^^
[platform] > 36 |   refundTrainingOrder,
[platform]      | ^^^^^^^^^^^^^^^^^^^^^^
[platform] > 37 |   patchTrainingOrderStatus,
[platform]      | ^^^^^^^^^^^^^^^^^^^^^^^^^^^
[platform] > 38 |   TrainingsApiError,
[platform]      | ^^^^^^^^^^^^^^^^^^^^
[platform] > 39 |   type CreateLiveSessionPayload,
[platform]      | ^^^^^^^^^^^^^^^^^^^^^^^^^^^^^^^^
[platform] > 40 |   type CreateTrainingSectionPayload,
[platform]      | ^^^^^^^^^^^^^^^^^^^^^^^^^^^^^^^^^^^^
[platform] > 41 | } from "./trainings.service";
[platform]      | ^^^^^^^^^^^^^^^^^^^^^^^^^^^^^
[platform]   42 | import { formatTrainingDate, humanizeLabel } from "./detail-formatters";
[platform]   43 |
[platform]   44 | function SectionCard({ title, children, action }: { title: string; children: React.ReactNo...
[platform] 
[platform] The export deleteTrainingAssignment was not found in module [project]/packages/features/enterprise-trainings/src/trainings.service.ts [app-client] (ecmascript).
[platform] Did you mean to import deleteTrainingAssessment?
[platform] All exports of the module are statically known (It doesn't have dynamic exports). So it's known statically that the requested export doesn't exist.
[platform] 
[platform] Import traces:
[platform]   Client Component Browser:
[platform]     ./packages/features/enterprise-trainings/src/TrainingDetailsSections.tsx [Client Component Browser]
[platform]     ./packages/features/enterprise-trainings/src/TrainingDetailsScreen.tsx [Client Component Browser]
[platform]     ./packages/features/enterprise-trainings/src/index.ts [Client Component Browser]
[platform]     ./packages/features/platform-marketplace-static/src/PlatformProgramsScreen.tsx [Client Component Browser]
[platform]     ./packages/features/platform-marketplace-static/src/PlatformProgramsScreen.tsx [Server Component]
[platform]     ./packages/features/platform-marketplace-static/src/index.ts [Server Component]
[platform]     ./apps/platform-admin/src/app/trainings/page.tsx [Server Component]
[platform] 
[platform]   Client Component SSR:
[platform]     ./packages/features/enterprise-trainings/src/TrainingDetailsSections.tsx [Client Component SSR]
[platform]     ./packages/features/enterprise-trainings/src/TrainingDetailsScreen.tsx [Client Component SSR]
[platform]     ./packages/features/enterprise-trainings/src/index.ts [Client Component SSR]
[platform]     ./packages/features/platform-marketplace-static/src/PlatformProgramsScreen.tsx [Client Component SSR]
[platform]     ./packages/features/platform-marketplace-static/src/PlatformProgramsScreen.tsx [Server Component]
[platform]     ./packages/features/platform-marketplace-static/src/index.ts [Server Component]
[platform]     ./apps/platform-admin/src/app/trainings/page.tsx [Server Component] 
[platform] [browser] ./packages/features/enterprise-trainings/src/TrainingDetailsSections.tsx:5:1
[platform] Export deleteTrainingAssignment doesn't exist in target module
[platform]    3 | import { useState } from "react";
[platform]    4 | import { useMutation, useQuery, useQueryClient } from "@tanstack/react-query";
[platform] >  5 | import {
[platform]      | ^^^^^^^
[platform] >  6 |   addAssessmentQuestions,
[platform]      | ^^^^^^^^^^^^^^^^^^^^^^^^^
[platform] >  7 |   approveTrainingEnrolment,
[platform]      | ^^^^^^^^^^^^^^^^^^^^^^^^^^^
[platform] >  8 |   cancelTrainingEnrolment,
[platform]      | ^^^^^^^^^^^^^^^^^^^^^^^^^^
[platform] >  9 |   completeTrainingLesson,
[platform]      | ^^^^^^^^^^^^^^^^^^^^^^^^^
[platform] > 10 |   createDiscussionReply,
[platform]      | ^^^^^^^^^^^^^^^^^^^^^^^^
[platform] > 11 |   createTrainingAnnouncement,
[platform]      | ^^^^^^^^^^^^^^^^^^^^^^^^^^^^^
[platform] > 12 |   createTrainingAssignment,
[platform]      | ^^^^^^^^^^^^^^^^^^^^^^^^^^^
[platform] > 13 |   createTrainingAssessment,
[platform]      | ^^^^^^^^^^^^^^^^^^^^^^^^^^^
[platform] > 14 |   createTrainingDiscussion,
[platform]      | ^^^^^^^^^^^^^^^^^^^^^^^^^^^
[platform] > 15 |   createTrainingLesson,
[platform]      | ^^^^^^^^^^^^^^^^^^^^^^^
[platform] > 16 |   createTrainingLiveSession,
[platform]      | ^^^^^^^^^^^^^^^^^^^^^^^^^^^^
[platform] > 17 |   createTrainingSection,
[platform]      | ^^^^^^^^^^^^^^^^^^^^^^^^
[platform] > 18 |   deleteTrainingAssessment,
[platform]      | ^^^^^^^^^^^^^^^^^^^^^^^^^^^
[platform] > 19 |   deleteTrainingAssignment,
[platform]      | ^^^^^^^^^^^^^^^^^^^^^^^^^^^
[platform] > 20 |   deleteTrainingLesson,
[platform]      | ^^^^^^^^^^^^^^^^^^^^^^^
[platform] > 21 |   deleteTrainingSection,
[platform]      | ^^^^^^^^^^^^^^^^^^^^^^^^
[platform] > 22 |   exportLiveSessionAttendance,
[platform]      | ^^^^^^^^^^^^^^^^^^^^^^^^^^^^^^
[platform] > 23 |   getLiveSessionAttendance,
[platform]      | ^^^^^^^^^^^^^^^^^^^^^^^^^^^
[platform] > 24 |   getTrainingContent,
[platform]      | ^^^^^^^^^^^^^^^^^^^^^
[platform] > 25 |   getTrainingProgress,
[platform]      | ^^^^^^^^^^^^^^^^^^^^^^
[platform] > 26 |   getTrainingSections,
[platform]      | ^^^^^^^^^^^^^^^^^^^^^^
[platform] > 27 |   listTrainingAnnouncements,
[platform]      | ^^^^^^^^^^^^^^^^^^^^^^^^^^^^
[platform] > 28 |   listTrainingAssignments,
[platform]      | ^^^^^^^^^^^^^^^^^^^^^^^^^^
[platform] > 29 |   listTrainingAssessments,
[platform]      | ^^^^^^^^^^^^^^^^^^^^^^^^^^
[platform] > 30 |   listTrainingDiscussions,
[platform]      | ^^^^^^^^^^^^^^^^^^^^^^^^^^
[platform] > 31 |   enrolInTraining,
[platform]      | ^^^^^^^^^^^^^^^^^^
[platform] > 32 |   listTrainingEnrolments,
[platform]      | ^^^^^^^^^^^^^^^^^^^^^^^^^
[platform] > 33 |   listTrainingLiveSessions,
[platform]      | ^^^^^^^^^^^^^^^^^^^^^^^^^^^
[platform] > 34 |   listTrainingOrders,
[platform]      | ^^^^^^^^^^^^^^^^^^^^^
[platform] > 35 |   markLiveSessionAttendance,
[platform]      | ^^^^^^^^^^^^^^^^^^^^^^^^^^^^
[platform] > 36 |   refundTrainingOrder,
[platform]      | ^^^^^^^^^^^^^^^^^^^^^^
[platform] > 37 |   patchTrainingOrderStatus,
[platform]      | ^^^^^^^^^^^^^^^^^^^^^^^^^^^
[platform] > 38 |   TrainingsApiError,
[platform]      | ^^^^^^^^^^^^^^^^^^^^
[platform] > 39 |   type CreateLiveSessionPayload,
[platform]      | ^^^^^^^^^^^^^^^^^^^^^^^^^^^^^^^^
[platform] > 40 |   type CreateTrainingSectionPayload,
[platform]      | ^^^^^^^^^^^^^^^^^^^^^^^^^^^^^^^^^^^^
[platform] > 41 | } from "./trainings.service";
[platform]      | ^^^^^^^^^^^^^^^^^^^^^^^^^^^^^
[platform]   42 | import { formatTrainingDate, humanizeLabel } from "./detail-formatters";
[platform]   43 |
[platform]   44 | function SectionCard({ title, children, action }: { title: string; children: React.ReactNo...
[platform] 
[platform] The export deleteTrainingAssignment was not found in module [project]/packages/features/enterprise-trainings/src/trainings.service.ts [app-ssr] (ecmascript).
[platform] Did you mean to import deleteTrainingAssessment?
[platform] All exports of the module are statically known (It doesn't have dynamic exports). So it's known statically that the requested export doesn't exist.
[platform] 
[platform] Import traces:
[platform]   Client Component Browser:
[platform]     ./packages/features/enterprise-trainings/src/TrainingDetailsSections.tsx [Client Component Browser]
[platform]     ./packages/features/enterprise-trainings/src/TrainingDetailsScreen.tsx [Client Component Browser]
[platform]     ./packages/features/enterprise-trainings/src/index.ts [Client Component Browser]
[platform]     ./packages/features/platform-marketplace-static/src/PlatformProgramsScreen.tsx [Client Component Browser]
[platform]     ./packages/features/platform-marketplace-static/src/PlatformProgramsScreen.tsx [Server Component]
[platform]     ./packages/features/platform-marketplace-static/src/index.ts [Server Component]
[platform]     ./apps/platform-admin/src/app/trainings/page.tsx [Server Component]
[platform] 
[platform]   Client Component SSR:
[platform]     ./packages/features/enterprise-trainings/src/TrainingDetailsSections.tsx [Client Component SSR]
[platform]     ./packages/features/enterprise-trainings/src/TrainingDetailsScreen.tsx [Client Component SSR]
[platform]     ./packages/features/enterprise-trainings/src/index.ts [Client Component SSR]
[platform]     ./packages/features/platform-marketplace-static/src/PlatformProgramsScreen.tsx [Client Component SSR]
[platform]     ./packages/features/platform-marketplace-static/src/PlatformProgramsScreen.tsx [Server Component]
[platform]     ./packages/features/platform-marketplace-static/src/index.ts [Server Component]
[platform]     ./apps/platform-admin/src/app/trainings/page.tsx [Server Component] 
[platform] [browser] ./packages/features/enterprise-trainings/src/TrainingDetailsSections.tsx:5:1
[platform] Export deleteTrainingAssignment doesn't exist in target module
[platform]    3 | import { useState } from "react";
[platform]    4 | import { useMutation, useQuery, useQueryClient } from "@tanstack/react-query";
[platform] >  5 | import {
[platform]      | ^^^^^^^
[platform] >  6 |   addAssessmentQuestions,
[platform]      | ^^^^^^^^^^^^^^^^^^^^^^^^^
[platform] >  7 |   approveTrainingEnrolment,
[platform]      | ^^^^^^^^^^^^^^^^^^^^^^^^^^^
[platform] >  8 |   cancelTrainingEnrolment,
[platform]      | ^^^^^^^^^^^^^^^^^^^^^^^^^^
[platform] >  9 |   completeTrainingLesson,
[platform]      | ^^^^^^^^^^^^^^^^^^^^^^^^^
[platform] > 10 |   createDiscussionReply,
[platform]      | ^^^^^^^^^^^^^^^^^^^^^^^^
[platform] > 11 |   createTrainingAnnouncement,
[platform]      | ^^^^^^^^^^^^^^^^^^^^^^^^^^^^^
[platform] > 12 |   createTrainingAssignment,
[platform]      | ^^^^^^^^^^^^^^^^^^^^^^^^^^^
[platform] > 13 |   createTrainingAssessment,
[platform]      | ^^^^^^^^^^^^^^^^^^^^^^^^^^^
[platform] > 14 |   createTrainingDiscussion,
[platform]      | ^^^^^^^^^^^^^^^^^^^^^^^^^^^
[platform] > 15 |   createTrainingLesson,
[platform]      | ^^^^^^^^^^^^^^^^^^^^^^^
[platform] > 16 |   createTrainingLiveSession,
[platform]      | ^^^^^^^^^^^^^^^^^^^^^^^^^^^^
[platform] > 17 |   createTrainingSection,
[platform]      | ^^^^^^^^^^^^^^^^^^^^^^^^
[platform] > 18 |   deleteTrainingAssessment,
[platform]      | ^^^^^^^^^^^^^^^^^^^^^^^^^^^
[platform] > 19 |   deleteTrainingAssignment,
[platform]      | ^^^^^^^^^^^^^^^^^^^^^^^^^^^
[platform] > 20 |   deleteTrainingLesson,
[platform]      | ^^^^^^^^^^^^^^^^^^^^^^^
[platform] > 21 |   deleteTrainingSection,
[platform]      | ^^^^^^^^^^^^^^^^^^^^^^^^
[platform] > 22 |   exportLiveSessionAttendance,
[platform]      | ^^^^^^^^^^^^^^^^^^^^^^^^^^^^^^
[platform] > 23 |   getLiveSessionAttendance,
[platform]      | ^^^^^^^^^^^^^^^^^^^^^^^^^^^
[platform] > 24 |   getTrainingContent,
[platform]      | ^^^^^^^^^^^^^^^^^^^^^
[platform] > 25 |   getTrainingProgress,
[platform]      | ^^^^^^^^^^^^^^^^^^^^^^
[platform] > 26 |   getTrainingSections,
[platform]      | ^^^^^^^^^^^^^^^^^^^^^^
[platform] > 27 |   listTrainingAnnouncements,
[platform]      | ^^^^^^^^^^^^^^^^^^^^^^^^^^^^
[platform] > 28 |   listTrainingAssignments,
[platform]      | ^^^^^^^^^^^^^^^^^^^^^^^^^^
[platform] > 29 |   listTrainingAssessments,
[platform]      | ^^^^^^^^^^^^^^^^^^^^^^^^^^
[platform] > 30 |   listTrainingDiscussions,
[platform]      | ^^^^^^^^^^^^^^^^^^^^^^^^^^
[platform] > 31 |   enrolInTraining,
[platform]      | ^^^^^^^^^^^^^^^^^^
[platform] > 32 |   listTrainingEnrolments,
[platform]      | ^^^^^^^^^^^^^^^^^^^^^^^^^
[platform] > 33 |   listTrainingLiveSessions,
[platform]      | ^^^^^^^^^^^^^^^^^^^^^^^^^^^
[platform] > 34 |   listTrainingOrders,
[platform]      | ^^^^^^^^^^^^^^^^^^^^^
[platform] > 35 |   markLiveSessionAttendance,
[platform]      | ^^^^^^^^^^^^^^^^^^^^^^^^^^^^
[platform] > 36 |   refundTrainingOrder,
[platform]      | ^^^^^^^^^^^^^^^^^^^^^^
[platform] > 37 |   patchTrainingOrderStatus,
[platform]      | ^^^^^^^^^^^^^^^^^^^^^^^^^^^
[platform] > 38 |   TrainingsApiError,
[platform]      | ^^^^^^^^^^^^^^^^^^^^
[platform] > 39 |   type CreateLiveSessionPayload,
[platform]      | ^^^^^^^^^^^^^^^^^^^^^^^^^^^^^^^^
[platform] > 40 |   type CreateTrainingSectionPayload,
[platform]      | ^^^^^^^^^^^^^^^^^^^^^^^^^^^^^^^^^^^^
[platform] > 41 | } from "./trainings.service";
[platform]      | ^^^^^^^^^^^^^^^^^^^^^^^^^^^^^
[platform]   42 | import { formatTrainingDate, humanizeLabel } from "./detail-formatters";
[platform]   43 |
[platform]   44 | function SectionCard({ title, children, action }: { title: string; children: React.ReactNo...
[platform] 
[platform] The export deleteTrainingAssignment was not found in module [project]/packages/features/enterprise-trainings/src/trainings.service.ts [app-client] (ecmascript).
[platform] Did you mean to import deleteTrainingAssessment?
[platform] All exports of the module are statically known (It doesn't have dynamic exports). So it's known statically that the requested export doesn't exist.
[platform] 
[platform] Import traces:
[platform]   Client Component Browser:
[platform]     ./packages/features/enterprise-trainings/src/TrainingDetailsSections.tsx [Client Component Browser]
[platform]     ./packages/features/enterprise-trainings/src/TrainingDetailsScreen.tsx [Client Component Browser]
[platform]     ./packages/features/enterprise-trainings/src/index.ts [Client Component Browser]
[platform]     ./packages/features/platform-marketplace-static/src/PlatformProgramsScreen.tsx [Client Component Browser]
[platform]     ./packages/features/platform-marketplace-static/src/PlatformProgramsScreen.tsx [Server Component]
[platform]     ./packages/features/platform-marketplace-static/src/index.ts [Server Component]
[platform]     ./apps/platform-admin/src/app/trainings/page.tsx [Server Component]
[platform] 
[platform]   Client Component SSR:
[platform]     ./packages/features/enterprise-trainings/src/TrainingDetailsSections.tsx [Client Component SSR]
[platform]     ./packages/features/enterprise-trainings/src/TrainingDetailsScreen.tsx [Client Component SSR]
[platform]     ./packages/features/enterprise-trainings/src/index.ts [Client Component SSR]
[platform]     ./packages/features/platform-marketplace-static/src/PlatformProgramsScreen.tsx [Client Component SSR]
[platform]     ./packages/features/platform-marketplace-static/src/PlatformProgramsScreen.tsx [Server Component]
[platform]     ./packages/features/platform-marketplace-static/src/index.ts [Server Component]
[platform]     ./apps/platform-admin/src/app/trainings/page.tsx [Server Component] 
[platform] [browser] ./packages/features/enterprise-trainings/src/TrainingDetailsSections.tsx:5:1
[platform] Export deleteTrainingAssignment doesn't exist in target module
[platform]    3 | import { useState } from "react";
[platform]    4 | import { useMutation, useQuery, useQueryClient } from "@tanstack/react-query";
[platform] >  5 | import {
[platform]      | ^^^^^^^
[platform] >  6 |   addAssessmentQuestions,
[platform]      | ^^^^^^^^^^^^^^^^^^^^^^^^^
[platform] >  7 |   approveTrainingEnrolment,
[platform]      | ^^^^^^^^^^^^^^^^^^^^^^^^^^^
[platform] >  8 |   cancelTrainingEnrolment,
[platform]      | ^^^^^^^^^^^^^^^^^^^^^^^^^^
[platform] >  9 |   completeTrainingLesson,
[platform]      | ^^^^^^^^^^^^^^^^^^^^^^^^^
[platform] > 10 |   createDiscussionReply,
[platform]      | ^^^^^^^^^^^^^^^^^^^^^^^^
[platform] > 11 |   createTrainingAnnouncement,
[platform]      | ^^^^^^^^^^^^^^^^^^^^^^^^^^^^^
[platform] > 12 |   createTrainingAssignment,
[platform]      | ^^^^^^^^^^^^^^^^^^^^^^^^^^^
[platform] > 13 |   createTrainingAssessment,
[platform]      | ^^^^^^^^^^^^^^^^^^^^^^^^^^^
[platform] > 14 |   createTrainingDiscussion,
[platform]      | ^^^^^^^^^^^^^^^^^^^^^^^^^^^
[platform] > 15 |   createTrainingLesson,
[platform]      | ^^^^^^^^^^^^^^^^^^^^^^^
[platform] > 16 |   createTrainingLiveSession,
[platform]      | ^^^^^^^^^^^^^^^^^^^^^^^^^^^^
[platform] > 17 |   createTrainingSection,
[platform]      | ^^^^^^^^^^^^^^^^^^^^^^^^
[platform] > 18 |   deleteTrainingAssessment,
[platform]      | ^^^^^^^^^^^^^^^^^^^^^^^^^^^
[platform] > 19 |   deleteTrainingAssignment,
[platform]      | ^^^^^^^^^^^^^^^^^^^^^^^^^^^
[platform] > 20 |   deleteTrainingLesson,
[platform]      | ^^^^^^^^^^^^^^^^^^^^^^^
[platform] > 21 |   deleteTrainingSection,
[platform]      | ^^^^^^^^^^^^^^^^^^^^^^^^
[platform] > 22 |   exportLiveSessionAttendance,
[platform]      | ^^^^^^^^^^^^^^^^^^^^^^^^^^^^^^
[platform] > 23 |   getLiveSessionAttendance,
[platform]      | ^^^^^^^^^^^^^^^^^^^^^^^^^^^
[platform] > 24 |   getTrainingContent,
[platform]      | ^^^^^^^^^^^^^^^^^^^^^
[platform] > 25 |   getTrainingProgress,
[platform]      | ^^^^^^^^^^^^^^^^^^^^^^
[platform] > 26 |   getTrainingSections,
[platform]      | ^^^^^^^^^^^^^^^^^^^^^^
[platform] > 27 |   listTrainingAnnouncements,
[platform]      | ^^^^^^^^^^^^^^^^^^^^^^^^^^^^
[platform] > 28 |   listTrainingAssignments,
[platform]      | ^^^^^^^^^^^^^^^^^^^^^^^^^^
[platform] > 29 |   listTrainingAssessments,
[platform]      | ^^^^^^^^^^^^^^^^^^^^^^^^^^
[platform] > 30 |   listTrainingDiscussions,
[platform]      | ^^^^^^^^^^^^^^^^^^^^^^^^^^
[platform] > 31 |   enrolInTraining,
[platform]      | ^^^^^^^^^^^^^^^^^^
[platform] > 32 |   listTrainingEnrolments,
[platform]      | ^^^^^^^^^^^^^^^^^^^^^^^^^
[platform] > 33 |   listTrainingLiveSessions,
[platform]      | ^^^^^^^^^^^^^^^^^^^^^^^^^^^
[platform] > 34 |   listTrainingOrders,
[platform]      | ^^^^^^^^^^^^^^^^^^^^^
[platform] > 35 |   markLiveSessionAttendance,
[platform]      | ^^^^^^^^^^^^^^^^^^^^^^^^^^^^
[platform] > 36 |   refundTrainingOrder,
[platform]      | ^^^^^^^^^^^^^^^^^^^^^^
[platform] > 37 |   patchTrainingOrderStatus,
[platform]      | ^^^^^^^^^^^^^^^^^^^^^^^^^^^
[platform] > 38 |   TrainingsApiError,
[platform]      | ^^^^^^^^^^^^^^^^^^^^
[platform] > 39 |   type CreateLiveSessionPayload,
[platform]      | ^^^^^^^^^^^^^^^^^^^^^^^^^^^^^^^^
[platform] > 40 |   type CreateTrainingSectionPayload,
[platform]      | ^^^^^^^^^^^^^^^^^^^^^^^^^^^^^^^^^^^^
[platform] > 41 | } from "./trainings.service";
[platform]      | ^^^^^^^^^^^^^^^^^^^^^^^^^^^^^
[platform]   42 | import { formatTrainingDate, humanizeLabel } from "./detail-formatters";
[platform]   43 |
[platform]   44 | function SectionCard({ title, children, action }: { title: string; children: React.ReactNo...
[platform] 
[platform] The export deleteTrainingAssignment was not found in module [project]/packages/features/enterprise-trainings/src/trainings.service.ts [app-ssr] (ecmascript).
[platform] Did you mean to import deleteTrainingAssessment?
[platform] All exports of the module are statically known (It doesn't have dynamic exports). So it's known statically that the requested export doesn't exist.
[platform] 
[platform] Import traces:
[platform]   Client Component Browser:
[platform]     ./packages/features/enterprise-trainings/src/TrainingDetailsSections.tsx [Client Component Browser]
[platform]     ./packages/features/enterprise-trainings/src/TrainingDetailsScreen.tsx [Client Component Browser]
[platform]     ./packages/features/enterprise-trainings/src/index.ts [Client Component Browser]
[platform]     ./packages/features/platform-marketplace-static/src/PlatformProgramsScreen.tsx [Client Component Browser]
[platform]     ./packages/features/platform-marketplace-static/src/PlatformProgramsScreen.tsx [Server Component]
[platform]     ./packages/features/platform-marketplace-static/src/index.ts [Server Component]
[platform]     ./apps/platform-admin/src/app/trainings/page.tsx [Server Component]
[platform] 
[platform]   Client Component SSR:
[platform]     ./packages/features/enterprise-trainings/src/TrainingDetailsSections.tsx [Client Component SSR]
[platform]     ./packages/features/enterprise-trainings/src/TrainingDetailsScreen.tsx [Client Component SSR]
[platform]     ./packages/features/enterprise-trainings/src/index.ts [Client Component SSR]
[platform]     ./packages/features/platform-marketplace-static/src/PlatformProgramsScreen.tsx [Client Component SSR]
[platform]     ./packages/features/platform-marketplace-static/src/PlatformProgramsScreen.tsx [Server Component]
[platform]     ./packages/features/platform-marketplace-static/src/index.ts [Server Component]
[platform]     ./apps/platform-admin/src/app/trainings/page.tsx [Server Component] 
[platform] [browser] ./packages/features/enterprise-trainings/src/TrainingDetailsSections.tsx:5:1
[platform] Export deleteTrainingAssignment doesn't exist in target module
[platform]    3 | import { useState } from "react";
[platform]    4 | import { useMutation, useQuery, useQueryClient } from "@tanstack/react-query";
[platform] >  5 | import {
[platform]      | ^^^^^^^
[platform] >  6 |   addAssessmentQuestions,
[platform]      | ^^^^^^^^^^^^^^^^^^^^^^^^^
[platform] >  7 |   approveTrainingEnrolment,
[platform]      | ^^^^^^^^^^^^^^^^^^^^^^^^^^^
[platform] >  8 |   cancelTrainingEnrolment,
[platform]      | ^^^^^^^^^^^^^^^^^^^^^^^^^^
[platform] >  9 |   completeTrainingLesson,
[platform]      | ^^^^^^^^^^^^^^^^^^^^^^^^^
[platform] > 10 |   createDiscussionReply,
[platform]      | ^^^^^^^^^^^^^^^^^^^^^^^^
[platform] > 11 |   createTrainingAnnouncement,
[platform]      | ^^^^^^^^^^^^^^^^^^^^^^^^^^^^^
[platform] > 12 |   createTrainingAssignment,
[platform]      | ^^^^^^^^^^^^^^^^^^^^^^^^^^^
[platform] > 13 |   createTrainingAssessment,
[platform]      | ^^^^^^^^^^^^^^^^^^^^^^^^^^^
[platform] > 14 |   createTrainingDiscussion,
[platform]      | ^^^^^^^^^^^^^^^^^^^^^^^^^^^
[platform] > 15 |   createTrainingLesson,
[platform]      | ^^^^^^^^^^^^^^^^^^^^^^^
[platform] > 16 |   createTrainingLiveSession,
[platform]      | ^^^^^^^^^^^^^^^^^^^^^^^^^^^^
[platform] > 17 |   createTrainingSection,
[platform]      | ^^^^^^^^^^^^^^^^^^^^^^^^
[platform] > 18 |   deleteTrainingAssessment,
[platform]      | ^^^^^^^^^^^^^^^^^^^^^^^^^^^
[platform] > 19 |   deleteTrainingAssignment,
[platform]      | ^^^^^^^^^^^^^^^^^^^^^^^^^^^
[platform] > 20 |   deleteTrainingLesson,
[platform]      | ^^^^^^^^^^^^^^^^^^^^^^^
[platform] > 21 |   deleteTrainingSection,
[platform]      | ^^^^^^^^^^^^^^^^^^^^^^^^
[platform] > 22 |   exportLiveSessionAttendance,
[platform]      | ^^^^^^^^^^^^^^^^^^^^^^^^^^^^^^
[platform] > 23 |   getLiveSessionAttendance,
[platform]      | ^^^^^^^^^^^^^^^^^^^^^^^^^^^
[platform] > 24 |   getTrainingContent,
[platform]      | ^^^^^^^^^^^^^^^^^^^^^
[platform] > 25 |   getTrainingProgress,
[platform]      | ^^^^^^^^^^^^^^^^^^^^^^
[platform] > 26 |   getTrainingSections,
[platform]      | ^^^^^^^^^^^^^^^^^^^^^^
[platform] > 27 |   listTrainingAnnouncements,
[platform]      | ^^^^^^^^^^^^^^^^^^^^^^^^^^^^
[platform] > 28 |   listTrainingAssignments,
[platform]      | ^^^^^^^^^^^^^^^^^^^^^^^^^^
[platform] > 29 |   listTrainingAssessments,
[platform]      | ^^^^^^^^^^^^^^^^^^^^^^^^^^
[platform] > 30 |   listTrainingDiscussions,
[platform]      | ^^^^^^^^^^^^^^^^^^^^^^^^^^
[platform] > 31 |   enrolInTraining,
[platform]      | ^^^^^^^^^^^^^^^^^^
[platform] > 32 |   listTrainingEnrolments,
[platform]      | ^^^^^^^^^^^^^^^^^^^^^^^^^
[platform] > 33 |   listTrainingLiveSessions,
[platform]      | ^^^^^^^^^^^^^^^^^^^^^^^^^^^
[platform] > 34 |   listTrainingOrders,
[platform]      | ^^^^^^^^^^^^^^^^^^^^^
[platform] > 35 |   markLiveSessionAttendance,
[platform]      | ^^^^^^^^^^^^^^^^^^^^^^^^^^^^
[platform] > 36 |   refundTrainingOrder,
[platform]      | ^^^^^^^^^^^^^^^^^^^^^^
[platform] > 37 |   patchTrainingOrderStatus,
[platform]      | ^^^^^^^^^^^^^^^^^^^^^^^^^^^
[platform] > 38 |   TrainingsApiError,
[platform]      | ^^^^^^^^^^^^^^^^^^^^
[platform] > 39 |   type CreateLiveSessionPayload,
[platform]      | ^^^^^^^^^^^^^^^^^^^^^^^^^^^^^^^^
[platform] > 40 |   type CreateTrainingSectionPayload,
[platform]      | ^^^^^^^^^^^^^^^^^^^^^^^^^^^^^^^^^^^^
[platform] > 41 | } from "./trainings.service";
[platform]      | ^^^^^^^^^^^^^^^^^^^^^^^^^^^^^
[platform]   42 | import { formatTrainingDate, humanizeLabel } from "./detail-formatters";
[platform]   43 |
[platform]   44 | function SectionCard({ title, children, action }: { title: string; children: React.ReactNo...
[platform] 
[platform] The export deleteTrainingAssignment was not found in module [project]/packages/features/enterprise-trainings/src/trainings.service.ts [app-client] (ecmascript).
[platform] Did you mean to import deleteTrainingAssessment?
[platform] All exports of the module are statically known (It doesn't have dynamic exports). So it's known statically that the requested export doesn't exist.
[platform] 
[platform] Import traces:
[platform]   Client Component Browser:
[platform]     ./packages/features/enterprise-trainings/src/TrainingDetailsSections.tsx [Client Component Browser]
[platform]     ./packages/features/enterprise-trainings/src/TrainingDetailsScreen.tsx [Client Component Browser]
[platform]     ./packages/features/enterprise-trainings/src/index.ts [Client Component Browser]
[platform]     ./packages/features/platform-marketplace-static/src/PlatformProgramsScreen.tsx [Client Component Browser]
[platform]     ./packages/features/platform-marketplace-static/src/PlatformProgramsScreen.tsx [Server Component]
[platform]     ./packages/features/platform-marketplace-static/src/index.ts [Server Component]
[platform]     ./apps/platform-admin/src/app/trainings/page.tsx [Server Component]
[platform] 
[platform]   Client Component SSR:
[platform]     ./packages/features/enterprise-trainings/src/TrainingDetailsSections.tsx [Client Component SSR]
[platform]     ./packages/features/enterprise-trainings/src/TrainingDetailsScreen.tsx [Client Component SSR]
[platform]     ./packages/features/enterprise-trainings/src/index.ts [Client Component SSR]
[platform]     ./packages/features/platform-marketplace-static/src/PlatformProgramsScreen.tsx [Client Component SSR]
[platform]     ./packages/features/platform-marketplace-static/src/PlatformProgramsScreen.tsx [Server Component]
[platform]     ./packages/features/platform-marketplace-static/src/index.ts [Server Component]
[platform]     ./apps/platform-admin/src/app/trainings/page.tsx [Server Component] 
[platform] [browser] ./packages/features/enterprise-trainings/src/TrainingDetailsSections.tsx:5:1
[platform] Export deleteTrainingAssignment doesn't exist in target module
[platform]    3 | import { useState } from "react";
[platform]    4 | import { useMutation, useQuery, useQueryClient } from "@tanstack/react-query";
[platform] >  5 | import {
[platform]      | ^^^^^^^
[platform] >  6 |   addAssessmentQuestions,
[platform]      | ^^^^^^^^^^^^^^^^^^^^^^^^^
[platform] >  7 |   approveTrainingEnrolment,
[platform]      | ^^^^^^^^^^^^^^^^^^^^^^^^^^^
[platform] >  8 |   cancelTrainingEnrolment,
[platform]      | ^^^^^^^^^^^^^^^^^^^^^^^^^^
[platform] >  9 |   completeTrainingLesson,
[platform]      | ^^^^^^^^^^^^^^^^^^^^^^^^^
[platform] > 10 |   createDiscussionReply,
[platform]      | ^^^^^^^^^^^^^^^^^^^^^^^^
[platform] > 11 |   createTrainingAnnouncement,
[platform]      | ^^^^^^^^^^^^^^^^^^^^^^^^^^^^^
[platform] > 12 |   createTrainingAssignment,
[platform]      | ^^^^^^^^^^^^^^^^^^^^^^^^^^^
[platform] > 13 |   createTrainingAssessment,
[platform]      | ^^^^^^^^^^^^^^^^^^^^^^^^^^^
[platform] > 14 |   createTrainingDiscussion,
[platform]      | ^^^^^^^^^^^^^^^^^^^^^^^^^^^
[platform] > 15 |   createTrainingLesson,
[platform]      | ^^^^^^^^^^^^^^^^^^^^^^^
[platform] > 16 |   createTrainingLiveSession,
[platform]      | ^^^^^^^^^^^^^^^^^^^^^^^^^^^^
[platform] > 17 |   createTrainingSection,
[platform]      | ^^^^^^^^^^^^^^^^^^^^^^^^
[platform] > 18 |   deleteTrainingAssessment,
[platform]      | ^^^^^^^^^^^^^^^^^^^^^^^^^^^
[platform] > 19 |   deleteTrainingAssignment,
[platform]      | ^^^^^^^^^^^^^^^^^^^^^^^^^^^
[platform] > 20 |   deleteTrainingLesson,
[platform]      | ^^^^^^^^^^^^^^^^^^^^^^^
[platform] > 21 |   deleteTrainingSection,
[platform]      | ^^^^^^^^^^^^^^^^^^^^^^^^
[platform] > 22 |   exportLiveSessionAttendance,
[platform]      | ^^^^^^^^^^^^^^^^^^^^^^^^^^^^^^
[platform] > 23 |   getLiveSessionAttendance,
[platform]      | ^^^^^^^^^^^^^^^^^^^^^^^^^^^
[platform] > 24 |   getTrainingContent,
[platform]      | ^^^^^^^^^^^^^^^^^^^^^
[platform] > 25 |   getTrainingProgress,
[platform]      | ^^^^^^^^^^^^^^^^^^^^^^
[platform] > 26 |   getTrainingSections,
[platform]      | ^^^^^^^^^^^^^^^^^^^^^^
[platform] > 27 |   listTrainingAnnouncements,
[platform]      | ^^^^^^^^^^^^^^^^^^^^^^^^^^^^
[platform] > 28 |   listTrainingAssignments,
[platform]      | ^^^^^^^^^^^^^^^^^^^^^^^^^^
[platform] > 29 |   listTrainingAssessments,
[platform]      | ^^^^^^^^^^^^^^^^^^^^^^^^^^
[platform] > 30 |   listTrainingDiscussions,
[platform]      | ^^^^^^^^^^^^^^^^^^^^^^^^^^
[platform] > 31 |   enrolInTraining,
[platform]      | ^^^^^^^^^^^^^^^^^^
[platform] > 32 |   listTrainingEnrolments,
[platform]      | ^^^^^^^^^^^^^^^^^^^^^^^^^
[platform] > 33 |   listTrainingLiveSessions,
[platform]      | ^^^^^^^^^^^^^^^^^^^^^^^^^^^
[platform] > 34 |   listTrainingOrders,
[platform]      | ^^^^^^^^^^^^^^^^^^^^^
[platform] > 35 |   markLiveSessionAttendance,
[platform]      | ^^^^^^^^^^^^^^^^^^^^^^^^^^^^
[platform] > 36 |   refundTrainingOrder,
[platform]      | ^^^^^^^^^^^^^^^^^^^^^^
[platform] > 37 |   patchTrainingOrderStatus,
[platform]      | ^^^^^^^^^^^^^^^^^^^^^^^^^^^
[platform] > 38 |   TrainingsApiError,
[platform]      | ^^^^^^^^^^^^^^^^^^^^
[platform] > 39 |   type CreateLiveSessionPayload,
[platform]      | ^^^^^^^^^^^^^^^^^^^^^^^^^^^^^^^^
[platform] > 40 |   type CreateTrainingSectionPayload,
[platform]      | ^^^^^^^^^^^^^^^^^^^^^^^^^^^^^^^^^^^^
[platform] > 41 | } from "./trainings.service";
[platform]      | ^^^^^^^^^^^^^^^^^^^^^^^^^^^^^
[platform]   42 | import { formatTrainingDate, humanizeLabel } from "./detail-formatters";
[platform]   43 |
[platform]   44 | function SectionCard({ title, children, action }: { title: string; children: React.ReactNo...
[platform] 
[platform] The export deleteTrainingAssignment was not found in module [project]/packages/features/enterprise-trainings/src/trainings.service.ts [app-ssr] (ecmascript).
[platform] Did you mean to import deleteTrainingAssessment?
[platform] All exports of the module are statically known (It doesn't have dynamic exports). So it's known statically that the requested export doesn't exist.
[platform] 
[platform] Import traces:
[platform]   Client Component Browser:
[platform]     ./packages/features/enterprise-trainings/src/TrainingDetailsSections.tsx [Client Component Browser]
[platform]     ./packages/features/enterprise-trainings/src/TrainingDetailsScreen.tsx [Client Component Browser]
[platform]     ./packages/features/enterprise-trainings/src/index.ts [Client Component Browser]
[platform]     ./packages/features/platform-marketplace-static/src/PlatformProgramsScreen.tsx [Client Component Browser]
[platform]     ./packages/features/platform-marketplace-static/src/PlatformProgramsScreen.tsx [Server Component]
[platform]     ./packages/features/platform-marketplace-static/src/index.ts [Server Component]
[platform]     ./apps/platform-admin/src/app/trainings/page.tsx [Server Component]
[platform] 
[platform]   Client Component SSR:
[platform]     ./packages/features/enterprise-trainings/src/TrainingDetailsSections.tsx [Client Component SSR]
[platform]     ./packages/features/enterprise-trainings/src/TrainingDetailsScreen.tsx [Client Component SSR]
[platform]     ./packages/features/enterprise-trainings/src/index.ts [Client Component SSR]
[platform]     ./packages/features/platform-marketplace-static/src/PlatformProgramsScreen.tsx [Client Component SSR]
[platform]     ./packages/features/platform-marketplace-static/src/PlatformProgramsScreen.tsx [Server Component]
[platform]     ./packages/features/platform-marketplace-static/src/index.ts [Server Component]
[platform]     ./apps/platform-admin/src/app/trainings/page.tsx [Server Component] 
[platform] [browser] ./packages/features/enterprise-trainings/src/TrainingDetailsSections.tsx:5:1
[platform] Export deleteTrainingAssignment doesn't exist in target module
[platform]    3 | import { useState } from "react";
[platform]    4 | import { useMutation, useQuery, useQueryClient } from "@tanstack/react-query";
[platform] >  5 | import {
[platform]      | ^^^^^^^
[platform] >  6 |   addAssessmentQuestions,
[platform]      | ^^^^^^^^^^^^^^^^^^^^^^^^^
[platform] >  7 |   approveTrainingEnrolment,
[platform]      | ^^^^^^^^^^^^^^^^^^^^^^^^^^^
[platform] >  8 |   cancelTrainingEnrolment,
[platform]      | ^^^^^^^^^^^^^^^^^^^^^^^^^^
[platform] >  9 |   completeTrainingLesson,
[platform]      | ^^^^^^^^^^^^^^^^^^^^^^^^^
[platform] > 10 |   createDiscussionReply,
[platform]      | ^^^^^^^^^^^^^^^^^^^^^^^^
[platform] > 11 |   createTrainingAnnouncement,
[platform]      | ^^^^^^^^^^^^^^^^^^^^^^^^^^^^^
[platform] > 12 |   createTrainingAssignment,
[platform]      | ^^^^^^^^^^^^^^^^^^^^^^^^^^^
[platform] > 13 |   createTrainingAssessment,
[platform]      | ^^^^^^^^^^^^^^^^^^^^^^^^^^^
[platform] > 14 |   createTrainingDiscussion,
[platform]      | ^^^^^^^^^^^^^^^^^^^^^^^^^^^
[platform] > 15 |   createTrainingLesson,
[platform]      | ^^^^^^^^^^^^^^^^^^^^^^^
[platform] > 16 |   createTrainingLiveSession,
[platform]      | ^^^^^^^^^^^^^^^^^^^^^^^^^^^^
[platform] > 17 |   createTrainingSection,
[platform]      | ^^^^^^^^^^^^^^^^^^^^^^^^
[platform] > 18 |   deleteTrainingAssessment,
[platform]      | ^^^^^^^^^^^^^^^^^^^^^^^^^^^
[platform] > 19 |   deleteTrainingAssignment,
[platform]      | ^^^^^^^^^^^^^^^^^^^^^^^^^^^
[platform] > 20 |   deleteTrainingLesson,
[platform]      | ^^^^^^^^^^^^^^^^^^^^^^^
[platform] > 21 |   deleteTrainingSection,
[platform]      | ^^^^^^^^^^^^^^^^^^^^^^^^
[platform] > 22 |   exportLiveSessionAttendance,
[platform]      | ^^^^^^^^^^^^^^^^^^^^^^^^^^^^^^
[platform] > 23 |   getLiveSessionAttendance,
[platform]      | ^^^^^^^^^^^^^^^^^^^^^^^^^^^
[platform] > 24 |   getTrainingContent,
[platform]      | ^^^^^^^^^^^^^^^^^^^^^
[platform] > 25 |   getTrainingProgress,
[platform]      | ^^^^^^^^^^^^^^^^^^^^^^
[platform] > 26 |   getTrainingSections,
[platform]      | ^^^^^^^^^^^^^^^^^^^^^^
[platform] > 27 |   listTrainingAnnouncements,
[platform]      | ^^^^^^^^^^^^^^^^^^^^^^^^^^^^
[platform] > 28 |   listTrainingAssignments,
[platform]      | ^^^^^^^^^^^^^^^^^^^^^^^^^^
[platform] > 29 |   listTrainingAssessments,
[platform]      | ^^^^^^^^^^^^^^^^^^^^^^^^^^
[platform] > 30 |   listTrainingDiscussions,
[platform]      | ^^^^^^^^^^^^^^^^^^^^^^^^^^
[platform] > 31 |   enrolInTraining,
[platform]      | ^^^^^^^^^^^^^^^^^^
[platform] > 32 |   listTrainingEnrolments,
[platform]      | ^^^^^^^^^^^^^^^^^^^^^^^^^
[platform] > 33 |   listTrainingLiveSessions,
[platform]      | ^^^^^^^^^^^^^^^^^^^^^^^^^^^
[platform] > 34 |   listTrainingOrders,
[platform]      | ^^^^^^^^^^^^^^^^^^^^^
[platform] > 35 |   markLiveSessionAttendance,
[platform]      | ^^^^^^^^^^^^^^^^^^^^^^^^^^^^
[platform] > 36 |   refundTrainingOrder,
[platform]      | ^^^^^^^^^^^^^^^^^^^^^^
[platform] > 37 |   patchTrainingOrderStatus,
[platform]      | ^^^^^^^^^^^^^^^^^^^^^^^^^^^
[platform] > 38 |   TrainingsApiError,
[platform]      | ^^^^^^^^^^^^^^^^^^^^
[platform] > 39 |   type CreateLiveSessionPayload,
[platform]      | ^^^^^^^^^^^^^^^^^^^^^^^^^^^^^^^^
[platform] > 40 |   type CreateTrainingSectionPayload,
[platform]      | ^^^^^^^^^^^^^^^^^^^^^^^^^^^^^^^^^^^^
[platform] > 41 | } from "./trainings.service";
[platform]      | ^^^^^^^^^^^^^^^^^^^^^^^^^^^^^
[platform]   42 | import { formatTrainingDate, humanizeLabel } from "./detail-formatters";
[platform]   43 |
[platform]   44 | function SectionCard({ title, children, action }: { title: string; children: React.ReactNo...
[platform] 
[platform] The export deleteTrainingAssignment was not found in module [project]/packages/features/enterprise-trainings/src/trainings.service.ts [app-client] (ecmascript).
[platform] Did you mean to import deleteTrainingAssessment?
[platform] All exports of the module are statically known (It doesn't have dynamic exports). So it's known statically that the requested export doesn't exist.
[platform] 
[platform] Import traces:
[platform]   Client Component Browser:
[platform]     ./packages/features/enterprise-trainings/src/TrainingDetailsSections.tsx [Client Component Browser]
[platform]     ./packages/features/enterprise-trainings/src/TrainingDetailsScreen.tsx [Client Component Browser]
[platform]     ./packages/features/enterprise-trainings/src/index.ts [Client Component Browser]
[platform]     ./packages/features/platform-marketplace-static/src/PlatformProgramsScreen.tsx [Client Component Browser]
[platform]     ./packages/features/platform-marketplace-static/src/PlatformProgramsScreen.tsx [Server Component]
[platform]     ./packages/features/platform-marketplace-static/src/index.ts [Server Component]
[platform]     ./apps/platform-admin/src/app/trainings/page.tsx [Server Component]
[platform] 
[platform]   Client Component SSR:
[platform]     ./packages/features/enterprise-trainings/src/TrainingDetailsSections.tsx [Client Component SSR]
[platform]     ./packages/features/enterprise-trainings/src/TrainingDetailsScreen.tsx [Client Component SSR]
[platform]     ./packages/features/enterprise-trainings/src/index.ts [Client Component SSR]
[platform]     ./packages/features/platform-marketplace-static/src/PlatformProgramsScreen.tsx [Client Component SSR]
[platform]     ./packages/features/platform-marketplace-static/src/PlatformProgramsScreen.tsx [Server Component]
[platform]     ./packages/features/platform-marketplace-static/src/index.ts [Server Component]
[platform]     ./apps/platform-admin/src/app/trainings/page.tsx [Server Component] 
[platform] [browser] ./packages/features/enterprise-trainings/src/TrainingDetailsSections.tsx:5:1
[platform] Export deleteTrainingAssignment doesn't exist in target module
[platform]    3 | import { useState } from "react";
[platform]    4 | import { useMutation, useQuery, useQueryClient } from "@tanstack/react-query";
[platform] >  5 | import {
[platform]      | ^^^^^^^
[platform] >  6 |   addAssessmentQuestions,
[platform]      | ^^^^^^^^^^^^^^^^^^^^^^^^^
[platform] >  7 |   approveTrainingEnrolment,
[platform]      | ^^^^^^^^^^^^^^^^^^^^^^^^^^^
[platform] >  8 |   cancelTrainingEnrolment,
[platform]      | ^^^^^^^^^^^^^^^^^^^^^^^^^^
[platform] >  9 |   completeTrainingLesson,
[platform]      | ^^^^^^^^^^^^^^^^^^^^^^^^^
[platform] > 10 |   createDiscussionReply,
[platform]      | ^^^^^^^^^^^^^^^^^^^^^^^^
[platform] > 11 |   createTrainingAnnouncement,
[platform]      | ^^^^^^^^^^^^^^^^^^^^^^^^^^^^^
[platform] > 12 |   createTrainingAssignment,
[platform]      | ^^^^^^^^^^^^^^^^^^^^^^^^^^^
[platform] > 13 |   createTrainingAssessment,
[platform]      | ^^^^^^^^^^^^^^^^^^^^^^^^^^^
[platform] > 14 |   createTrainingDiscussion,
[platform]      | ^^^^^^^^^^^^^^^^^^^^^^^^^^^
[platform] > 15 |   createTrainingLesson,
[platform]      | ^^^^^^^^^^^^^^^^^^^^^^^
[platform] > 16 |   createTrainingLiveSession,
[platform]      | ^^^^^^^^^^^^^^^^^^^^^^^^^^^^
[platform] > 17 |   createTrainingSection,
[platform]      | ^^^^^^^^^^^^^^^^^^^^^^^^
[platform] > 18 |   deleteTrainingAssessment,
[platform]      | ^^^^^^^^^^^^^^^^^^^^^^^^^^^
[platform] > 19 |   deleteTrainingAssignment,
[platform]      | ^^^^^^^^^^^^^^^^^^^^^^^^^^^
[platform] > 20 |   deleteTrainingLesson,
[platform]      | ^^^^^^^^^^^^^^^^^^^^^^^
[platform] > 21 |   deleteTrainingSection,
[platform]      | ^^^^^^^^^^^^^^^^^^^^^^^^
[platform] > 22 |   exportLiveSessionAttendance,
[platform]      | ^^^^^^^^^^^^^^^^^^^^^^^^^^^^^^
[platform] > 23 |   getLiveSessionAttendance,
[platform]      | ^^^^^^^^^^^^^^^^^^^^^^^^^^^
[platform] > 24 |   getTrainingContent,
[platform]      | ^^^^^^^^^^^^^^^^^^^^^
[platform] > 25 |   getTrainingProgress,
[platform]      | ^^^^^^^^^^^^^^^^^^^^^^
[platform] > 26 |   getTrainingSections,
[platform]      | ^^^^^^^^^^^^^^^^^^^^^^
[platform] > 27 |   listTrainingAnnouncements,
[platform]      | ^^^^^^^^^^^^^^^^^^^^^^^^^^^^
[platform] > 28 |   listTrainingAssignments,
[platform]      | ^^^^^^^^^^^^^^^^^^^^^^^^^^
[platform] > 29 |   listTrainingAssessments,
[platform]      | ^^^^^^^^^^^^^^^^^^^^^^^^^^
[platform] > 30 |   listTrainingDiscussions,
[platform]      | ^^^^^^^^^^^^^^^^^^^^^^^^^^
[platform] > 31 |   enrolInTraining,
[platform]      | ^^^^^^^^^^^^^^^^^^
[platform] > 32 |   listTrainingEnrolments,
[platform]      | ^^^^^^^^^^^^^^^^^^^^^^^^^
[platform] > 33 |   listTrainingLiveSessions,
[platform]      | ^^^^^^^^^^^^^^^^^^^^^^^^^^^
[platform] > 34 |   listTrainingOrders,
[platform]      | ^^^^^^^^^^^^^^^^^^^^^
[platform] > 35 |   markLiveSessionAttendance,
[platform]      | ^^^^^^^^^^^^^^^^^^^^^^^^^^^^
[platform] > 36 |   refundTrainingOrder,
[platform]      | ^^^^^^^^^^^^^^^^^^^^^^
[platform] > 37 |   patchTrainingOrderStatus,
[platform]      | ^^^^^^^^^^^^^^^^^^^^^^^^^^^
[platform] > 38 |   TrainingsApiError,
[platform]      | ^^^^^^^^^^^^^^^^^^^^
[platform] > 39 |   type CreateLiveSessionPayload,
[platform]      | ^^^^^^^^^^^^^^^^^^^^^^^^^^^^^^^^
[platform] > 40 |   type CreateTrainingSectionPayload,
[platform]      | ^^^^^^^^^^^^^^^^^^^^^^^^^^^^^^^^^^^^
[platform] > 41 | } from "./trainings.service";
[platform]      | ^^^^^^^^^^^^^^^^^^^^^^^^^^^^^
[platform]   42 | import { formatTrainingDate, humanizeLabel } from "./detail-formatters";
[platform]   43 |
[platform]   44 | function SectionCard({ title, children, action }: { title: string; children: React.ReactNo...
[platform] 
[platform] The export deleteTrainingAssignment was not found in module [project]/packages/features/enterprise-trainings/src/trainings.service.ts [app-ssr] (ecmascript).
[platform] Did you mean to import deleteTrainingAssessment?
[platform] All exports of the module are statically known (It doesn't have dynamic exports). So it's known statically that the requested export doesn't exist.
[platform] 
[platform] Import traces:
[platform]   Client Component Browser:
[platform]     ./packages/features/enterprise-trainings/src/TrainingDetailsSections.tsx [Client Component Browser]
[platform]     ./packages/features/enterprise-trainings/src/TrainingDetailsScreen.tsx [Client Component Browser]
[platform]     ./packages/features/enterprise-trainings/src/index.ts [Client Component Browser]
[platform]     ./packages/features/platform-marketplace-static/src/PlatformProgramsScreen.tsx [Client Component Browser]
[platform]     ./packages/features/platform-marketplace-static/src/PlatformProgramsScreen.tsx [Server Component]
[platform]     ./packages/features/platform-marketplace-static/src/index.ts [Server Component]
[platform]     ./apps/platform-admin/src/app/trainings/page.tsx [Server Component]
[platform] 
[platform]   Client Component SSR:
[platform]     ./packages/features/enterprise-trainings/src/TrainingDetailsSections.tsx [Client Component SSR]
[platform]     ./packages/features/enterprise-trainings/src/TrainingDetailsScreen.tsx [Client Component SSR]
[platform]     ./packages/features/enterprise-trainings/src/index.ts [Client Component SSR]
[platform]     ./packages/features/platform-marketplace-static/src/PlatformProgramsScreen.tsx [Client Component SSR]
[platform]     ./packages/features/platform-marketplace-static/src/PlatformProgramsScreen.tsx [Server Component]
[platform]     ./packages/features/platform-marketplace-static/src/index.ts [Server Component]
[platform]     ./apps/platform-admin/src/app/trainings/page.tsx [Server Component] 
[platform] [browser] ./packages/features/enterprise-trainings/src/TrainingDetailsSections.tsx:5:1
[platform] Export deleteTrainingAssignment doesn't exist in target module
[platform]    3 | import { useState } from "react";
[platform]    4 | import { useMutation, useQuery, useQueryClient } from "@tanstack/react-query";
[platform] >  5 | import {
[platform]      | ^^^^^^^
[platform] >  6 |   addAssessmentQuestions,
[platform]      | ^^^^^^^^^^^^^^^^^^^^^^^^^
[platform] >  7 |   approveTrainingEnrolment,
[platform]      | ^^^^^^^^^^^^^^^^^^^^^^^^^^^
[platform] >  8 |   cancelTrainingEnrolment,
[platform]      | ^^^^^^^^^^^^^^^^^^^^^^^^^^
[platform] >  9 |   completeTrainingLesson,
[platform]      | ^^^^^^^^^^^^^^^^^^^^^^^^^
[platform] > 10 |   createDiscussionReply,
[platform]      | ^^^^^^^^^^^^^^^^^^^^^^^^
[platform] > 11 |   createTrainingAnnouncement,
[platform]      | ^^^^^^^^^^^^^^^^^^^^^^^^^^^^^
[platform] > 12 |   createTrainingAssignment,
[platform]      | ^^^^^^^^^^^^^^^^^^^^^^^^^^^
[platform] > 13 |   createTrainingAssessment,
[platform]      | ^^^^^^^^^^^^^^^^^^^^^^^^^^^
[platform] > 14 |   createTrainingDiscussion,
[platform]      | ^^^^^^^^^^^^^^^^^^^^^^^^^^^
[platform] > 15 |   createTrainingLesson,
[platform]      | ^^^^^^^^^^^^^^^^^^^^^^^
[platform] > 16 |   createTrainingLiveSession,
[platform]      | ^^^^^^^^^^^^^^^^^^^^^^^^^^^^
[platform] > 17 |   createTrainingSection,
[platform]      | ^^^^^^^^^^^^^^^^^^^^^^^^
[platform] > 18 |   deleteTrainingAssessment,
[platform]      | ^^^^^^^^^^^^^^^^^^^^^^^^^^^
[platform] > 19 |   deleteTrainingAssignment,
[platform]      | ^^^^^^^^^^^^^^^^^^^^^^^^^^^
[platform] > 20 |   deleteTrainingLesson,
[platform]      | ^^^^^^^^^^^^^^^^^^^^^^^
[platform] > 21 |   deleteTrainingSection,
[platform]      | ^^^^^^^^^^^^^^^^^^^^^^^^
[platform] > 22 |   exportLiveSessionAttendance,
[platform]      | ^^^^^^^^^^^^^^^^^^^^^^^^^^^^^^
[platform] > 23 |   getLiveSessionAttendance,
[platform]      | ^^^^^^^^^^^^^^^^^^^^^^^^^^^
[platform] > 24 |   getTrainingContent,
[platform]      | ^^^^^^^^^^^^^^^^^^^^^
[platform] > 25 |   getTrainingProgress,
[platform]      | ^^^^^^^^^^^^^^^^^^^^^^
[platform] > 26 |   getTrainingSections,
[platform]      | ^^^^^^^^^^^^^^^^^^^^^^
[platform] > 27 |   listTrainingAnnouncements,
[platform]      | ^^^^^^^^^^^^^^^^^^^^^^^^^^^^
[platform] > 28 |   listTrainingAssignments,
[platform]      | ^^^^^^^^^^^^^^^^^^^^^^^^^^
[platform] > 29 |   listTrainingAssessments,
[platform]      | ^^^^^^^^^^^^^^^^^^^^^^^^^^
[platform] > 30 |   listTrainingDiscussions,
[platform]      | ^^^^^^^^^^^^^^^^^^^^^^^^^^
[platform] > 31 |   enrolInTraining,
[platform]      | ^^^^^^^^^^^^^^^^^^
[platform] > 32 |   listTrainingEnrolments,
[platform]      | ^^^^^^^^^^^^^^^^^^^^^^^^^
[platform] > 33 |   listTrainingLiveSessions,
[platform]      | ^^^^^^^^^^^^^^^^^^^^^^^^^^^
[platform] > 34 |   listTrainingOrders,
[platform]      | ^^^^^^^^^^^^^^^^^^^^^
[platform] > 35 |   markLiveSessionAttendance,
[platform]      | ^^^^^^^^^^^^^^^^^^^^^^^^^^^^
[platform] > 36 |   refundTrainingOrder,
[platform]      | ^^^^^^^^^^^^^^^^^^^^^^
[platform] > 37 |   patchTrainingOrderStatus,
[platform]      | ^^^^^^^^^^^^^^^^^^^^^^^^^^^
[platform] > 38 |   TrainingsApiError,
[platform]      | ^^^^^^^^^^^^^^^^^^^^
[platform] > 39 |   type CreateLiveSessionPayload,
[platform]      | ^^^^^^^^^^^^^^^^^^^^^^^^^^^^^^^^
[platform] > 40 |   type CreateTrainingSectionPayload,
[platform]      | ^^^^^^^^^^^^^^^^^^^^^^^^^^^^^^^^^^^^
[platform] > 41 | } from "./trainings.service";
[platform]      | ^^^^^^^^^^^^^^^^^^^^^^^^^^^^^
[platform]   42 | import { formatTrainingDate, humanizeLabel } from "./detail-formatters";
[platform]   43 |
[platform]   44 | function SectionCard({ title, children, action }: { title: string; children: React.ReactNo...
[platform] 
[platform] The export deleteTrainingAssignment was not found in module [project]/packages/features/enterprise-trainings/src/trainings.service.ts [app-client] (ecmascript).
[platform] Did you mean to import deleteTrainingAssessment?
[platform] All exports of the module are statically known (It doesn't have dynamic exports). So it's known statically that the requested export doesn't exist.
[platform] 
[platform] Import traces:
[platform]   Client Component Browser:
[platform]     ./packages/features/enterprise-trainings/src/TrainingDetailsSections.tsx [Client Component Browser]
[platform]     ./packages/features/enterprise-trainings/src/TrainingDetailsScreen.tsx [Client Component Browser]
[platform]     ./packages/features/enterprise-trainings/src/index.ts [Client Component Browser]
[platform]     ./packages/features/platform-marketplace-static/src/PlatformProgramsScreen.tsx [Client Component Browser]
[platform]     ./packages/features/platform-marketplace-static/src/PlatformProgramsScreen.tsx [Server Component]
[platform]     ./packages/features/platform-marketplace-static/src/index.ts [Server Component]
[platform]     ./apps/platform-admin/src/app/trainings/page.tsx [Server Component]
[platform] 
[platform]   Client Component SSR:
[platform]     ./packages/features/enterprise-trainings/src/TrainingDetailsSections.tsx [Client Component SSR]
[platform]     ./packages/features/enterprise-trainings/src/TrainingDetailsScreen.tsx [Client Component SSR]
[platform]     ./packages/features/enterprise-trainings/src/index.ts [Client Component SSR]
[platform]     ./packages/features/platform-marketplace-static/src/PlatformProgramsScreen.tsx [Client Component SSR]
[platform]     ./packages/features/platform-marketplace-static/src/PlatformProgramsScreen.tsx [Server Component]
[platform]     ./packages/features/platform-marketplace-static/src/index.ts [Server Component]
[platform]     ./apps/platform-admin/src/app/trainings/page.tsx [Server Component] 
[platform] [browser] ./packages/features/enterprise-trainings/src/TrainingDetailsSections.tsx:5:1
[platform] Export deleteTrainingAssignment doesn't exist in target module
[platform]    3 | import { useState } from "react";
[platform]    4 | import { useMutation, useQuery, useQueryClient } from "@tanstack/react-query";
[platform] >  5 | import {
[platform]      | ^^^^^^^
[platform] >  6 |   addAssessmentQuestions,
[platform]      | ^^^^^^^^^^^^^^^^^^^^^^^^^
[platform] >  7 |   approveTrainingEnrolment,
[platform]      | ^^^^^^^^^^^^^^^^^^^^^^^^^^^
[platform] >  8 |   cancelTrainingEnrolment,
[platform]      | ^^^^^^^^^^^^^^^^^^^^^^^^^^
[platform] >  9 |   completeTrainingLesson,
[platform]      | ^^^^^^^^^^^^^^^^^^^^^^^^^
[platform] > 10 |   createDiscussionReply,
[platform]      | ^^^^^^^^^^^^^^^^^^^^^^^^
[platform] > 11 |   createTrainingAnnouncement,
[platform]      | ^^^^^^^^^^^^^^^^^^^^^^^^^^^^^
[platform] > 12 |   createTrainingAssignment,
[platform]      | ^^^^^^^^^^^^^^^^^^^^^^^^^^^
[platform] > 13 |   createTrainingAssessment,
[platform]      | ^^^^^^^^^^^^^^^^^^^^^^^^^^^
[platform] > 14 |   createTrainingDiscussion,
[platform]      | ^^^^^^^^^^^^^^^^^^^^^^^^^^^
[platform] > 15 |   createTrainingLesson,
[platform]      | ^^^^^^^^^^^^^^^^^^^^^^^
[platform] > 16 |   createTrainingLiveSession,
[platform]      | ^^^^^^^^^^^^^^^^^^^^^^^^^^^^
[platform] > 17 |   createTrainingSection,
[platform]      | ^^^^^^^^^^^^^^^^^^^^^^^^
[platform] > 18 |   deleteTrainingAssessment,
[platform]      | ^^^^^^^^^^^^^^^^^^^^^^^^^^^
[platform] > 19 |   deleteTrainingAssignment,
[platform]      | ^^^^^^^^^^^^^^^^^^^^^^^^^^^
[platform] > 20 |   deleteTrainingLesson,
[platform]      | ^^^^^^^^^^^^^^^^^^^^^^^
[platform] > 21 |   deleteTrainingSection,
[platform]      | ^^^^^^^^^^^^^^^^^^^^^^^^
[platform] > 22 |   exportLiveSessionAttendance,
[platform]      | ^^^^^^^^^^^^^^^^^^^^^^^^^^^^^^
[platform] > 23 |   getLiveSessionAttendance,
[platform]      | ^^^^^^^^^^^^^^^^^^^^^^^^^^^
[platform] > 24 |   getTrainingContent,
[platform]      | ^^^^^^^^^^^^^^^^^^^^^
[platform] > 25 |   getTrainingProgress,
[platform]      | ^^^^^^^^^^^^^^^^^^^^^^
[platform] > 26 |   getTrainingSections,
[platform]      | ^^^^^^^^^^^^^^^^^^^^^^
[platform] > 27 |   listTrainingAnnouncements,
[platform]      | ^^^^^^^^^^^^^^^^^^^^^^^^^^^^
[platform] > 28 |   listTrainingAssignments,
[platform]      | ^^^^^^^^^^^^^^^^^^^^^^^^^^
[platform] > 29 |   listTrainingAssessments,
[platform]      | ^^^^^^^^^^^^^^^^^^^^^^^^^^
[platform] > 30 |   listTrainingDiscussions,
[platform]      | ^^^^^^^^^^^^^^^^^^^^^^^^^^
[platform] > 31 |   enrolInTraining,
[platform]      | ^^^^^^^^^^^^^^^^^^
[platform] > 32 |   listTrainingEnrolments,
[platform]      | ^^^^^^^^^^^^^^^^^^^^^^^^^
[platform] > 33 |   listTrainingLiveSessions,
[platform]      | ^^^^^^^^^^^^^^^^^^^^^^^^^^^
[platform] > 34 |   listTrainingOrders,
[platform]      | ^^^^^^^^^^^^^^^^^^^^^
[platform] > 35 |   markLiveSessionAttendance,
[platform]      | ^^^^^^^^^^^^^^^^^^^^^^^^^^^^
[platform] > 36 |   refundTrainingOrder,
[platform]      | ^^^^^^^^^^^^^^^^^^^^^^
[platform] > 37 |   patchTrainingOrderStatus,
[platform]      | ^^^^^^^^^^^^^^^^^^^^^^^^^^^
[platform] > 38 |   TrainingsApiError,
[platform]      | ^^^^^^^^^^^^^^^^^^^^
[platform] > 39 |   type CreateLiveSessionPayload,
[platform]      | ^^^^^^^^^^^^^^^^^^^^^^^^^^^^^^^^
[platform] > 40 |   type CreateTrainingSectionPayload,
[platform]      | ^^^^^^^^^^^^^^^^^^^^^^^^^^^^^^^^^^^^
[platform] > 41 | } from "./trainings.service";
[platform]      | ^^^^^^^^^^^^^^^^^^^^^^^^^^^^^
[platform]   42 | import { formatTrainingDate, humanizeLabel } from "./detail-formatters";
[platform]   43 |
[platform]   44 | function SectionCard({ title, children, action }: { title: string; children: React.ReactNo...
[platform] 
[platform] The export deleteTrainingAssignment was not found in module [project]/packages/features/enterprise-trainings/src/trainings.service.ts [app-ssr] (ecmascript).
[platform] Did you mean to import deleteTrainingAssessment?
[platform] All exports of the module are statically known (It doesn't have dynamic exports). So it's known statically that the requested export doesn't exist.
[platform] 
[platform] Import traces:
[platform]   Client Component Browser:
[platform]     ./packages/features/enterprise-trainings/src/TrainingDetailsSections.tsx [Client Component Browser]
[platform]     ./packages/features/enterprise-trainings/src/TrainingDetailsScreen.tsx [Client Component Browser]
[platform]     ./packages/features/enterprise-trainings/src/index.ts [Client Component Browser]
[platform]     ./packages/features/platform-marketplace-static/src/PlatformProgramsScreen.tsx [Client Component Browser]
[platform]     ./packages/features/platform-marketplace-static/src/PlatformProgramsScreen.tsx [Server Component]
[platform]     ./packages/features/platform-marketplace-static/src/index.ts [Server Component]
[platform]     ./apps/platform-admin/src/app/trainings/page.tsx [Server Component]
[platform] 
[platform]   Client Component SSR:
[platform]     ./packages/features/enterprise-trainings/src/TrainingDetailsSections.tsx [Client Component SSR]
[platform]     ./packages/features/enterprise-trainings/src/TrainingDetailsScreen.tsx [Client Component SSR]
[platform]     ./packages/features/enterprise-trainings/src/index.ts [Client Component SSR]
[platform]     ./packages/features/platform-marketplace-static/src/PlatformProgramsScreen.tsx [Client Component SSR]
[platform]     ./packages/features/platform-marketplace-static/src/PlatformProgramsScreen.tsx [Server Component]
[platform]     ./packages/features/platform-marketplace-static/src/index.ts [Server Component]
[platform]     ./apps/platform-admin/src/app/trainings/page.tsx [Server Component] 
[platform] [browser] ./packages/features/enterprise-trainings/src/TrainingDetailsSections.tsx:5:1
[platform] Export deleteTrainingAssignment doesn't exist in target module
[platform]    3 | import { useState } from "react";
[platform]    4 | import { useMutation, useQuery, useQueryClient } from "@tanstack/react-query";
[platform] >  5 | import {
[platform]      | ^^^^^^^
[platform] >  6 |   addAssessmentQuestions,
[platform]      | ^^^^^^^^^^^^^^^^^^^^^^^^^
[platform] >  7 |   approveTrainingEnrolment,
[platform]      | ^^^^^^^^^^^^^^^^^^^^^^^^^^^
[platform] >  8 |   cancelTrainingEnrolment,
[platform]      | ^^^^^^^^^^^^^^^^^^^^^^^^^^
[platform] >  9 |   completeTrainingLesson,
[platform]      | ^^^^^^^^^^^^^^^^^^^^^^^^^
[platform] > 10 |   createDiscussionReply,
[platform]      | ^^^^^^^^^^^^^^^^^^^^^^^^
[platform] > 11 |   createTrainingAnnouncement,
[platform]      | ^^^^^^^^^^^^^^^^^^^^^^^^^^^^^
[platform] > 12 |   createTrainingAssignment,
[platform]      | ^^^^^^^^^^^^^^^^^^^^^^^^^^^
[platform] > 13 |   createTrainingAssessment,
[platform]      | ^^^^^^^^^^^^^^^^^^^^^^^^^^^
[platform] > 14 |   createTrainingDiscussion,
[platform]      | ^^^^^^^^^^^^^^^^^^^^^^^^^^^
[platform] > 15 |   createTrainingLesson,
[platform]      | ^^^^^^^^^^^^^^^^^^^^^^^
[platform] > 16 |   createTrainingLiveSession,
[platform]      | ^^^^^^^^^^^^^^^^^^^^^^^^^^^^
[platform] > 17 |   createTrainingSection,
[platform]      | ^^^^^^^^^^^^^^^^^^^^^^^^
[platform] > 18 |   deleteTrainingAssessment,
[platform]      | ^^^^^^^^^^^^^^^^^^^^^^^^^^^
[platform] > 19 |   deleteTrainingAssignment,
[platform]      | ^^^^^^^^^^^^^^^^^^^^^^^^^^^
[platform] > 20 |   deleteTrainingLesson,
[platform]      | ^^^^^^^^^^^^^^^^^^^^^^^
[platform] > 21 |   deleteTrainingSection,
[platform]      | ^^^^^^^^^^^^^^^^^^^^^^^^
[platform] > 22 |   exportLiveSessionAttendance,
[platform]      | ^^^^^^^^^^^^^^^^^^^^^^^^^^^^^^
[platform] > 23 |   getLiveSessionAttendance,
[platform]      | ^^^^^^^^^^^^^^^^^^^^^^^^^^^
[platform] > 24 |   getTrainingContent,
[platform]      | ^^^^^^^^^^^^^^^^^^^^^
[platform] > 25 |   getTrainingProgress,
[platform]      | ^^^^^^^^^^^^^^^^^^^^^^
[platform] > 26 |   getTrainingSections,
[platform]      | ^^^^^^^^^^^^^^^^^^^^^^
[platform] > 27 |   listTrainingAnnouncements,
[platform]      | ^^^^^^^^^^^^^^^^^^^^^^^^^^^^
[platform] > 28 |   listTrainingAssignments,
[platform]      | ^^^^^^^^^^^^^^^^^^^^^^^^^^
[platform] > 29 |   listTrainingAssessments,
[platform]      | ^^^^^^^^^^^^^^^^^^^^^^^^^^
[platform] > 30 |   listTrainingDiscussions,
[platform]      | ^^^^^^^^^^^^^^^^^^^^^^^^^^
[platform] > 31 |   enrolInTraining,
[platform]      | ^^^^^^^^^^^^^^^^^^
[platform] > 32 |   listTrainingEnrolments,
[platform]      | ^^^^^^^^^^^^^^^^^^^^^^^^^
[platform] > 33 |   listTrainingLiveSessions,
[platform]      | ^^^^^^^^^^^^^^^^^^^^^^^^^^^
[platform] > 34 |   listTrainingOrders,
[platform]      | ^^^^^^^^^^^^^^^^^^^^^
[platform] > 35 |   markLiveSessionAttendance,
[platform]      | ^^^^^^^^^^^^^^^^^^^^^^^^^^^^
[platform] > 36 |   refundTrainingOrder,
[platform]      | ^^^^^^^^^^^^^^^^^^^^^^
[platform] > 37 |   patchTrainingOrderStatus,
[platform]      | ^^^^^^^^^^^^^^^^^^^^^^^^^^^
[platform] > 38 |   TrainingsApiError,
[platform]      | ^^^^^^^^^^^^^^^^^^^^
[platform] > 39 |   type CreateLiveSessionPayload,
[platform]      | ^^^^^^^^^^^^^^^^^^^^^^^^^^^^^^^^
[platform] > 40 |   type CreateTrainingSectionPayload,
[platform]      | ^^^^^^^^^^^^^^^^^^^^^^^^^^^^^^^^^^^^
[platform] > 41 | } from "./trainings.service";
[platform]      | ^^^^^^^^^^^^^^^^^^^^^^^^^^^^^
[platform]   42 | import { formatTrainingDate, humanizeLabel } from "./detail-formatters";
[platform]   43 |
[platform]   44 | function SectionCard({ title, children, action }: { title: string; children: React.ReactNo...
[platform] 
[platform] The export deleteTrainingAssignment was not found in module [project]/packages/features/enterprise-trainings/src/trainings.service.ts [app-client] (ecmascript).
[platform] Did you mean to import deleteTrainingAssessment?
[platform] All exports of the module are statically known (It doesn't have dynamic exports). So it's known statically that the requested export doesn't exist.
[platform] 
[platform] Import traces:
[platform]   Client Component Browser:
[platform]     ./packages/features/enterprise-trainings/src/TrainingDetailsSections.tsx [Client Component Browser]
[platform]     ./packages/features/enterprise-trainings/src/TrainingDetailsScreen.tsx [Client Component Browser]
[platform]     ./packages/features/enterprise-trainings/src/index.ts [Client Component Browser]
[platform]     ./packages/features/platform-marketplace-static/src/PlatformProgramsScreen.tsx [Client Component Browser]
[platform]     ./packages/features/platform-marketplace-static/src/PlatformProgramsScreen.tsx [Server Component]
[platform]     ./packages/features/platform-marketplace-static/src/index.ts [Server Component]
[platform]     ./apps/platform-admin/src/app/trainings/page.tsx [Server Component]
[platform] 
[platform]   Client Component SSR:
[platform]     ./packages/features/enterprise-trainings/src/TrainingDetailsSections.tsx [Client Component SSR]
[platform]     ./packages/features/enterprise-trainings/src/TrainingDetailsScreen.tsx [Client Component SSR]
[platform]     ./packages/features/enterprise-trainings/src/index.ts [Client Component SSR]
[platform]     ./packages/features/platform-marketplace-static/src/PlatformProgramsScreen.tsx [Client Component SSR]
[platform]     ./packages/features/platform-marketplace-static/src/PlatformProgramsScreen.tsx [Server Component]
[platform]     ./packages/features/platform-marketplace-static/src/index.ts [Server Component]
[platform]     ./apps/platform-admin/src/app/trainings/page.tsx [Server Component] 
[platform] [browser] ./packages/features/enterprise-trainings/src/TrainingDetailsSections.tsx:5:1
[platform] Export deleteTrainingAssignment doesn't exist in target module
[platform]    3 | import { useState } from "react";
[platform]    4 | import { useMutation, useQuery, useQueryClient } from "@tanstack/react-query";
[platform] >  5 | import {
[platform]      | ^^^^^^^
[platform] >  6 |   addAssessmentQuestions,
[platform]      | ^^^^^^^^^^^^^^^^^^^^^^^^^
[platform] >  7 |   approveTrainingEnrolment,
[platform]      | ^^^^^^^^^^^^^^^^^^^^^^^^^^^
[platform] >  8 |   cancelTrainingEnrolment,
[platform]      | ^^^^^^^^^^^^^^^^^^^^^^^^^^
[platform] >  9 |   completeTrainingLesson,
[platform]      | ^^^^^^^^^^^^^^^^^^^^^^^^^
[platform] > 10 |   createDiscussionReply,
[platform]      | ^^^^^^^^^^^^^^^^^^^^^^^^
[platform] > 11 |   createTrainingAnnouncement,
[platform]      | ^^^^^^^^^^^^^^^^^^^^^^^^^^^^^
[platform] > 12 |   createTrainingAssignment,
[platform]      | ^^^^^^^^^^^^^^^^^^^^^^^^^^^
[platform] > 13 |   createTrainingAssessment,
[platform]      | ^^^^^^^^^^^^^^^^^^^^^^^^^^^
[platform] > 14 |   createTrainingDiscussion,
[platform]      | ^^^^^^^^^^^^^^^^^^^^^^^^^^^
[platform] > 15 |   createTrainingLesson,
[platform]      | ^^^^^^^^^^^^^^^^^^^^^^^
[platform] > 16 |   createTrainingLiveSession,
[platform]      | ^^^^^^^^^^^^^^^^^^^^^^^^^^^^
[platform] > 17 |   createTrainingSection,
[platform]      | ^^^^^^^^^^^^^^^^^^^^^^^^
[platform] > 18 |   deleteTrainingAssessment,
[platform]      | ^^^^^^^^^^^^^^^^^^^^^^^^^^^
[platform] > 19 |   deleteTrainingAssignment,
[platform]      | ^^^^^^^^^^^^^^^^^^^^^^^^^^^
[platform] > 20 |   deleteTrainingLesson,
[platform]      | ^^^^^^^^^^^^^^^^^^^^^^^
[platform] > 21 |   deleteTrainingSection,
[platform]      | ^^^^^^^^^^^^^^^^^^^^^^^^
[platform] > 22 |   exportLiveSessionAttendance,
[platform]      | ^^^^^^^^^^^^^^^^^^^^^^^^^^^^^^
[platform] > 23 |   getLiveSessionAttendance,
[platform]      | ^^^^^^^^^^^^^^^^^^^^^^^^^^^
[platform] > 24 |   getTrainingContent,
[platform]      | ^^^^^^^^^^^^^^^^^^^^^
[platform] > 25 |   getTrainingProgress,
[platform]      | ^^^^^^^^^^^^^^^^^^^^^^
[platform] > 26 |   getTrainingSections,
[platform]      | ^^^^^^^^^^^^^^^^^^^^^^
[platform] > 27 |   listTrainingAnnouncements,
[platform]      | ^^^^^^^^^^^^^^^^^^^^^^^^^^^^
[platform] > 28 |   listTrainingAssignments,
[platform]      | ^^^^^^^^^^^^^^^^^^^^^^^^^^
[platform] > 29 |   listTrainingAssessments,
[platform]      | ^^^^^^^^^^^^^^^^^^^^^^^^^^
[platform] > 30 |   listTrainingDiscussions,
[platform]      | ^^^^^^^^^^^^^^^^^^^^^^^^^^
[platform] > 31 |   enrolInTraining,
[platform]      | ^^^^^^^^^^^^^^^^^^
[platform] > 32 |   listTrainingEnrolments,
[platform]      | ^^^^^^^^^^^^^^^^^^^^^^^^^
[platform] > 33 |   listTrainingLiveSessions,
[platform]      | ^^^^^^^^^^^^^^^^^^^^^^^^^^^
[platform] > 34 |   listTrainingOrders,
[platform]      | ^^^^^^^^^^^^^^^^^^^^^
[platform] > 35 |   markLiveSessionAttendance,
[platform]      | ^^^^^^^^^^^^^^^^^^^^^^^^^^^^
[platform] > 36 |   refundTrainingOrder,
[platform]      | ^^^^^^^^^^^^^^^^^^^^^^
[platform] > 37 |   patchTrainingOrderStatus,
[platform]      | ^^^^^^^^^^^^^^^^^^^^^^^^^^^
[platform] > 38 |   TrainingsApiError,
[platform]      | ^^^^^^^^^^^^^^^^^^^^
[platform] > 39 |   type CreateLiveSessionPayload,
[platform]      | ^^^^^^^^^^^^^^^^^^^^^^^^^^^^^^^^
[platform] > 40 |   type CreateTrainingSectionPayload,
[platform]      | ^^^^^^^^^^^^^^^^^^^^^^^^^^^^^^^^^^^^
[platform] > 41 | } from "./trainings.service";
[platform]      | ^^^^^^^^^^^^^^^^^^^^^^^^^^^^^
[platform]   42 | import { formatTrainingDate, humanizeLabel } from "./detail-formatters";
[platform]   43 |
[platform]   44 | function SectionCard({ title, children, action }: { title: string; children: React.ReactNo...
[platform] 
[platform] The export deleteTrainingAssignment was not found in module [project]/packages/features/enterprise-trainings/src/trainings.service.ts [app-ssr] (ecmascript).
[platform] Did you mean to import deleteTrainingAssessment?
[platform] All exports of the module are statically known (It doesn't have dynamic exports). So it's known statically that the requested export doesn't exist.
[platform] 
[platform] Import traces:
[platform]   Client Component Browser:
[platform]     ./packages/features/enterprise-trainings/src/TrainingDetailsSections.tsx [Client Component Browser]
[platform]     ./packages/features/enterprise-trainings/src/TrainingDetailsScreen.tsx [Client Component Browser]
[platform]     ./packages/features/enterprise-trainings/src/index.ts [Client Component Browser]
[platform]     ./packages/features/platform-marketplace-static/src/PlatformProgramsScreen.tsx [Client Component Browser]
[platform]     ./packages/features/platform-marketplace-static/src/PlatformProgramsScreen.tsx [Server Component]
[platform]     ./packages/features/platform-marketplace-static/src/index.ts [Server Component]
[platform]     ./apps/platform-admin/src/app/trainings/page.tsx [Server Component]
[platform] 
[platform]   Client Component SSR:
[platform]     ./packages/features/enterprise-trainings/src/TrainingDetailsSections.tsx [Client Component SSR]
[platform]     ./packages/features/enterprise-trainings/src/TrainingDetailsScreen.tsx [Client Component SSR]
[platform]     ./packages/features/enterprise-trainings/src/index.ts [Client Component SSR]
[platform]     ./packages/features/platform-marketplace-static/src/PlatformProgramsScreen.tsx [Client Component SSR]
[platform]     ./packages/features/platform-marketplace-static/src/PlatformProgramsScreen.tsx [Server Component]
[platform]     ./packages/features/platform-marketplace-static/src/index.ts [Server Component]
[platform]     ./apps/platform-admin/src/app/trainings/page.tsx [Server Component] 
[platform] [browser] ./packages/features/enterprise-trainings/src/TrainingDetailsSections.tsx:5:1
[platform] Export deleteTrainingAssignment doesn't exist in target module
[platform]    3 | import { useState } from "react";
[platform]    4 | import { useMutation, useQuery, useQueryClient } from "@tanstack/react-query";
[platform] >  5 | import {
[platform]      | ^^^^^^^
[platform] >  6 |   addAssessmentQuestions,
[platform]      | ^^^^^^^^^^^^^^^^^^^^^^^^^
[platform] >  7 |   approveTrainingEnrolment,
[platform]      | ^^^^^^^^^^^^^^^^^^^^^^^^^^^
[platform] >  8 |   cancelTrainingEnrolment,
[platform]      | ^^^^^^^^^^^^^^^^^^^^^^^^^^
[platform] >  9 |   completeTrainingLesson,
[platform]      | ^^^^^^^^^^^^^^^^^^^^^^^^^
[platform] > 10 |   createDiscussionReply,
[platform]      | ^^^^^^^^^^^^^^^^^^^^^^^^
[platform] > 11 |   createTrainingAnnouncement,
[platform]      | ^^^^^^^^^^^^^^^^^^^^^^^^^^^^^
[platform] > 12 |   createTrainingAssignment,
[platform]      | ^^^^^^^^^^^^^^^^^^^^^^^^^^^
[platform] > 13 |   createTrainingAssessment,
[platform]      | ^^^^^^^^^^^^^^^^^^^^^^^^^^^
[platform] > 14 |   createTrainingDiscussion,
[platform]      | ^^^^^^^^^^^^^^^^^^^^^^^^^^^
[platform] > 15 |   createTrainingLesson,
[platform]      | ^^^^^^^^^^^^^^^^^^^^^^^
[platform] > 16 |   createTrainingLiveSession,
[platform]      | ^^^^^^^^^^^^^^^^^^^^^^^^^^^^
[platform] > 17 |   createTrainingSection,
[platform]      | ^^^^^^^^^^^^^^^^^^^^^^^^
[platform] > 18 |   deleteTrainingAssessment,
[platform]      | ^^^^^^^^^^^^^^^^^^^^^^^^^^^
[platform] > 19 |   deleteTrainingAssignment,
[platform]      | ^^^^^^^^^^^^^^^^^^^^^^^^^^^
[platform] > 20 |   deleteTrainingLesson,
[platform]      | ^^^^^^^^^^^^^^^^^^^^^^^
[platform] > 21 |   deleteTrainingSection,
[platform]      | ^^^^^^^^^^^^^^^^^^^^^^^^
[platform] > 22 |   exportLiveSessionAttendance,
[platform]      | ^^^^^^^^^^^^^^^^^^^^^^^^^^^^^^
[platform] > 23 |   getLiveSessionAttendance,
[platform]      | ^^^^^^^^^^^^^^^^^^^^^^^^^^^
[platform] > 24 |   getTrainingContent,
[platform]      | ^^^^^^^^^^^^^^^^^^^^^
[platform] > 25 |   getTrainingProgress,
[platform]      | ^^^^^^^^^^^^^^^^^^^^^^
[platform] > 26 |   getTrainingSections,
[platform]      | ^^^^^^^^^^^^^^^^^^^^^^
[platform] > 27 |   listTrainingAnnouncements,
[platform]      | ^^^^^^^^^^^^^^^^^^^^^^^^^^^^
[platform] > 28 |   listTrainingAssignments,
[platform]      | ^^^^^^^^^^^^^^^^^^^^^^^^^^
[platform] > 29 |   listTrainingAssessments,
[platform]      | ^^^^^^^^^^^^^^^^^^^^^^^^^^
[platform] > 30 |   listTrainingDiscussions,
[platform]      | ^^^^^^^^^^^^^^^^^^^^^^^^^^
[platform] > 31 |   enrolInTraining,
[platform]      | ^^^^^^^^^^^^^^^^^^
[platform] > 32 |   listTrainingEnrolments,
[platform]      | ^^^^^^^^^^^^^^^^^^^^^^^^^
[platform] > 33 |   listTrainingLiveSessions,
[platform]      | ^^^^^^^^^^^^^^^^^^^^^^^^^^^
[platform] > 34 |   listTrainingOrders,
[platform]      | ^^^^^^^^^^^^^^^^^^^^^
[platform] > 35 |   markLiveSessionAttendance,
[platform]      | ^^^^^^^^^^^^^^^^^^^^^^^^^^^^
[platform] > 36 |   refundTrainingOrder,
[platform]      | ^^^^^^^^^^^^^^^^^^^^^^
[platform] > 37 |   patchTrainingOrderStatus,
[platform]      | ^^^^^^^^^^^^^^^^^^^^^^^^^^^
[platform] > 38 |   TrainingsApiError,
[platform]      | ^^^^^^^^^^^^^^^^^^^^
[platform] > 39 |   type CreateLiveSessionPayload,
[platform]      | ^^^^^^^^^^^^^^^^^^^^^^^^^^^^^^^^
[platform] > 40 |   type CreateTrainingSectionPayload,
[platform]      | ^^^^^^^^^^^^^^^^^^^^^^^^^^^^^^^^^^^^
[platform] > 41 | } from "./trainings.service";
[platform]      | ^^^^^^^^^^^^^^^^^^^^^^^^^^^^^
[platform]   42 | import { formatTrainingDate, humanizeLabel } from "./detail-formatters";
[platform]   43 |
[platform]   44 | function SectionCard({ title, children, action }: { title: string; children: React.ReactNo...
[platform] 
[platform] The export deleteTrainingAssignment was not found in module [project]/packages/features/enterprise-trainings/src/trainings.service.ts [app-client] (ecmascript).
[platform] Did you mean to import deleteTrainingAssessment?
[platform] All exports of the module are statically known (It doesn't have dynamic exports). So it's known statically that the requested export doesn't exist.
[platform] 
[platform] Import traces:
[platform]   Client Component Browser:
[platform]     ./packages/features/enterprise-trainings/src/TrainingDetailsSections.tsx [Client Component Browser]
[platform]     ./packages/features/enterprise-trainings/src/TrainingDetailsScreen.tsx [Client Component Browser]
[platform]     ./packages/features/enterprise-trainings/src/index.ts [Client Component Browser]
[platform]     ./packages/features/platform-marketplace-static/src/PlatformProgramsScreen.tsx [Client Component Browser]
[platform]     ./packages/features/platform-marketplace-static/src/PlatformProgramsScreen.tsx [Server Component]
[platform]     ./packages/features/platform-marketplace-static/src/index.ts [Server Component]
[platform]     ./apps/platform-admin/src/app/trainings/page.tsx [Server Component]
[platform] 
[platform]   Client Component SSR:
[platform]     ./packages/features/enterprise-trainings/src/TrainingDetailsSections.tsx [Client Component SSR]
[platform]     ./packages/features/enterprise-trainings/src/TrainingDetailsScreen.tsx [Client Component SSR]
[platform]     ./packages/features/enterprise-trainings/src/index.ts [Client Component SSR]
[platform]     ./packages/features/platform-marketplace-static/src/PlatformProgramsScreen.tsx [Client Component SSR]
[platform]     ./packages/features/platform-marketplace-static/src/PlatformProgramsScreen.tsx [Server Component]
[platform]     ./packages/features/platform-marketplace-static/src/index.ts [Server Component]
[platform]     ./apps/platform-admin/src/app/trainings/page.tsx [Server Component] 
[platform] [browser] ./packages/features/enterprise-trainings/src/TrainingDetailsSections.tsx:5:1
[platform] Export deleteTrainingAssignment doesn't exist in target module
[platform]    3 | import { useState } from "react";
[platform]    4 | import { useMutation, useQuery, useQueryClient } from "@tanstack/react-query";
[platform] >  5 | import {
[platform]      | ^^^^^^^
[platform] >  6 |   addAssessmentQuestions,
[platform]      | ^^^^^^^^^^^^^^^^^^^^^^^^^
[platform] >  7 |   approveTrainingEnrolment,
[platform]      | ^^^^^^^^^^^^^^^^^^^^^^^^^^^
[platform] >  8 |   cancelTrainingEnrolment,
[platform]      | ^^^^^^^^^^^^^^^^^^^^^^^^^^
[platform] >  9 |   completeTrainingLesson,
[platform]      | ^^^^^^^^^^^^^^^^^^^^^^^^^
[platform] > 10 |   createDiscussionReply,
[platform]      | ^^^^^^^^^^^^^^^^^^^^^^^^
[platform] > 11 |   createTrainingAnnouncement,
[platform]      | ^^^^^^^^^^^^^^^^^^^^^^^^^^^^^
[platform] > 12 |   createTrainingAssignment,
[platform]      | ^^^^^^^^^^^^^^^^^^^^^^^^^^^
[platform] > 13 |   createTrainingAssessment,
[platform]      | ^^^^^^^^^^^^^^^^^^^^^^^^^^^
[platform] > 14 |   createTrainingDiscussion,
[platform]      | ^^^^^^^^^^^^^^^^^^^^^^^^^^^
[platform] > 15 |   createTrainingLesson,
[platform]      | ^^^^^^^^^^^^^^^^^^^^^^^
[platform] > 16 |   createTrainingLiveSession,
[platform]      | ^^^^^^^^^^^^^^^^^^^^^^^^^^^^
[platform] > 17 |   createTrainingSection,
[platform]      | ^^^^^^^^^^^^^^^^^^^^^^^^
[platform] > 18 |   deleteTrainingAssessment,
[platform]      | ^^^^^^^^^^^^^^^^^^^^^^^^^^^
[platform] > 19 |   deleteTrainingAssignment,
[platform]      | ^^^^^^^^^^^^^^^^^^^^^^^^^^^
[platform] > 20 |   deleteTrainingLesson,
[platform]      | ^^^^^^^^^^^^^^^^^^^^^^^
[platform] > 21 |   deleteTrainingSection,
[platform]      | ^^^^^^^^^^^^^^^^^^^^^^^^
[platform] > 22 |   exportLiveSessionAttendance,
[platform]      | ^^^^^^^^^^^^^^^^^^^^^^^^^^^^^^
[platform] > 23 |   getLiveSessionAttendance,
[platform]      | ^^^^^^^^^^^^^^^^^^^^^^^^^^^
[platform] > 24 |   getTrainingContent,
[platform]      | ^^^^^^^^^^^^^^^^^^^^^
[platform] > 25 |   getTrainingProgress,
[platform]      | ^^^^^^^^^^^^^^^^^^^^^^
[platform] > 26 |   getTrainingSections,
[platform]      | ^^^^^^^^^^^^^^^^^^^^^^
[platform] > 27 |   listTrainingAnnouncements,
[platform]      | ^^^^^^^^^^^^^^^^^^^^^^^^^^^^
[platform] > 28 |   listTrainingAssignments,
[platform]      | ^^^^^^^^^^^^^^^^^^^^^^^^^^
[platform] > 29 |   listTrainingAssessments,
[platform]      | ^^^^^^^^^^^^^^^^^^^^^^^^^^
[platform] > 30 |   listTrainingDiscussions,
[platform]      | ^^^^^^^^^^^^^^^^^^^^^^^^^^
[platform] > 31 |   enrolInTraining,
[platform]      | ^^^^^^^^^^^^^^^^^^
[platform] > 32 |   listTrainingEnrolments,
[platform]      | ^^^^^^^^^^^^^^^^^^^^^^^^^
[platform] > 33 |   listTrainingLiveSessions,
[platform]      | ^^^^^^^^^^^^^^^^^^^^^^^^^^^
[platform] > 34 |   listTrainingOrders,
[platform]      | ^^^^^^^^^^^^^^^^^^^^^
[platform] > 35 |   markLiveSessionAttendance,
[platform]      | ^^^^^^^^^^^^^^^^^^^^^^^^^^^^
[platform] > 36 |   refundTrainingOrder,
[platform]      | ^^^^^^^^^^^^^^^^^^^^^^
[platform] > 37 |   patchTrainingOrderStatus,
[platform]      | ^^^^^^^^^^^^^^^^^^^^^^^^^^^
[platform] > 38 |   TrainingsApiError,
[platform]      | ^^^^^^^^^^^^^^^^^^^^
[platform] > 39 |   type CreateLiveSessionPayload,
[platform]      | ^^^^^^^^^^^^^^^^^^^^^^^^^^^^^^^^
[platform] > 40 |   type CreateTrainingSectionPayload,
[platform]      | ^^^^^^^^^^^^^^^^^^^^^^^^^^^^^^^^^^^^
[platform] > 41 | } from "./trainings.service";
[platform]      | ^^^^^^^^^^^^^^^^^^^^^^^^^^^^^
[platform]   42 | import { formatTrainingDate, humanizeLabel } from "./detail-formatters";
[platform]   43 |
[platform]   44 | function SectionCard({ title, children, action }: { title: string; children: React.ReactNo...
[platform] 
[platform] The export deleteTrainingAssignment was not found in module [project]/packages/features/enterprise-trainings/src/trainings.service.ts [app-ssr] (ecmascript).
[platform] Did you mean to import deleteTrainingAssessment?
[platform] All exports of the module are statically known (It doesn't have dynamic exports). So it's known statically that the requested export doesn't exist.
[platform] 
[platform] Import traces:
[platform]   Client Component Browser:
[platform]     ./packages/features/enterprise-trainings/src/TrainingDetailsSections.tsx [Client Component Browser]
[platform]     ./packages/features/enterprise-trainings/src/TrainingDetailsScreen.tsx [Client Component Browser]
[platform]     ./packages/features/enterprise-trainings/src/index.ts [Client Component Browser]
[platform]     ./packages/features/platform-marketplace-static/src/PlatformProgramsScreen.tsx [Client Component Browser]
[platform]     ./packages/features/platform-marketplace-static/src/PlatformProgramsScreen.tsx [Server Component]
[platform]     ./packages/features/platform-marketplace-static/src/index.ts [Server Component]
[platform]     ./apps/platform-admin/src/app/trainings/page.tsx [Server Component]
[platform] 
[platform]   Client Component SSR:
[platform]     ./packages/features/enterprise-trainings/src/TrainingDetailsSections.tsx [Client Component SSR]
[platform]     ./packages/features/enterprise-trainings/src/TrainingDetailsScreen.tsx [Client Component SSR]
[platform]     ./packages/features/enterprise-trainings/src/index.ts [Client Component SSR]
[platform]     ./packages/features/platform-marketplace-static/src/PlatformProgramsScreen.tsx [Client Component SSR]
[platform]     ./packages/features/platform-marketplace-static/src/PlatformProgramsScreen.tsx [Server Component]
[platform]     ./packages/features/platform-marketplace-static/src/index.ts [Server Component]
[platform]     ./apps/platform-admin/src/app/trainings/page.tsx [Server Component] 
[platform] [browser] ./packages/features/enterprise-trainings/src/TrainingDetailsSections.tsx:5:1
[platform] Export deleteTrainingAssignment doesn't exist in target module
[platform]    3 | import { useState } from "react";
[platform]    4 | import { useMutation, useQuery, useQueryClient } from "@tanstack/react-query";
[platform] >  5 | import {
[platform]      | ^^^^^^^
[platform] >  6 |   addAssessmentQuestions,
[platform]      | ^^^^^^^^^^^^^^^^^^^^^^^^^
[platform] >  7 |   approveTrainingEnrolment,
[platform]      | ^^^^^^^^^^^^^^^^^^^^^^^^^^^
[platform] >  8 |   cancelTrainingEnrolment,
[platform]      | ^^^^^^^^^^^^^^^^^^^^^^^^^^
[platform] >  9 |   completeTrainingLesson,
[platform]      | ^^^^^^^^^^^^^^^^^^^^^^^^^
[platform] > 10 |   createDiscussionReply,
[platform]      | ^^^^^^^^^^^^^^^^^^^^^^^^
[platform] > 11 |   createTrainingAnnouncement,
[platform]      | ^^^^^^^^^^^^^^^^^^^^^^^^^^^^^
[platform] > 12 |   createTrainingAssignment,
[platform]      | ^^^^^^^^^^^^^^^^^^^^^^^^^^^
[platform] > 13 |   createTrainingAssessment,
[platform]      | ^^^^^^^^^^^^^^^^^^^^^^^^^^^
[platform] > 14 |   createTrainingDiscussion,
[platform]      | ^^^^^^^^^^^^^^^^^^^^^^^^^^^
[platform] > 15 |   createTrainingLesson,
[platform]      | ^^^^^^^^^^^^^^^^^^^^^^^
[platform] > 16 |   createTrainingLiveSession,
[platform]      | ^^^^^^^^^^^^^^^^^^^^^^^^^^^^
[platform] > 17 |   createTrainingSection,
[platform]      | ^^^^^^^^^^^^^^^^^^^^^^^^
[platform] > 18 |   deleteTrainingAssessment,
[platform]      | ^^^^^^^^^^^^^^^^^^^^^^^^^^^
[platform] > 19 |   deleteTrainingAssignment,
[platform]      | ^^^^^^^^^^^^^^^^^^^^^^^^^^^
[platform] > 20 |   deleteTrainingLesson,
[platform]      | ^^^^^^^^^^^^^^^^^^^^^^^
[platform] > 21 |   deleteTrainingSection,
[platform]      | ^^^^^^^^^^^^^^^^^^^^^^^^
[platform] > 22 |   exportLiveSessionAttendance,
[platform]      | ^^^^^^^^^^^^^^^^^^^^^^^^^^^^^^
[platform] > 23 |   getLiveSessionAttendance,
[platform]      | ^^^^^^^^^^^^^^^^^^^^^^^^^^^
[platform] > 24 |   getTrainingContent,
[platform]      | ^^^^^^^^^^^^^^^^^^^^^
[platform] > 25 |   getTrainingProgress,
[platform]      | ^^^^^^^^^^^^^^^^^^^^^^
[platform] > 26 |   getTrainingSections,
[platform]      | ^^^^^^^^^^^^^^^^^^^^^^
[platform] > 27 |   listTrainingAnnouncements,
[platform]      | ^^^^^^^^^^^^^^^^^^^^^^^^^^^^
[platform] > 28 |   listTrainingAssignments,
[platform]      | ^^^^^^^^^^^^^^^^^^^^^^^^^^
[platform] > 29 |   listTrainingAssessments,
[platform]      | ^^^^^^^^^^^^^^^^^^^^^^^^^^
[platform] > 30 |   listTrainingDiscussions,
[platform]      | ^^^^^^^^^^^^^^^^^^^^^^^^^^
[platform] > 31 |   enrolInTraining,
[platform]      | ^^^^^^^^^^^^^^^^^^
[platform] > 32 |   listTrainingEnrolments,
[platform]      | ^^^^^^^^^^^^^^^^^^^^^^^^^
[platform] > 33 |   listTrainingLiveSessions,
[platform]      | ^^^^^^^^^^^^^^^^^^^^^^^^^^^
[platform] > 34 |   listTrainingOrders,
[platform]      | ^^^^^^^^^^^^^^^^^^^^^
[platform] > 35 |   markLiveSessionAttendance,
[platform]      | ^^^^^^^^^^^^^^^^^^^^^^^^^^^^
[platform] > 36 |   refundTrainingOrder,
[platform]      | ^^^^^^^^^^^^^^^^^^^^^^
[platform] > 37 |   patchTrainingOrderStatus,
[platform]      | ^^^^^^^^^^^^^^^^^^^^^^^^^^^
[platform] > 38 |   TrainingsApiError,
[platform]      | ^^^^^^^^^^^^^^^^^^^^
[platform] > 39 |   type CreateLiveSessionPayload,
[platform]      | ^^^^^^^^^^^^^^^^^^^^^^^^^^^^^^^^
[platform] > 40 |   type CreateTrainingSectionPayload,
[platform]      | ^^^^^^^^^^^^^^^^^^^^^^^^^^^^^^^^^^^^
[platform] > 41 | } from "./trainings.service";
[platform]      | ^^^^^^^^^^^^^^^^^^^^^^^^^^^^^
[platform]   42 | import { formatTrainingDate, humanizeLabel } from "./detail-formatters";
[platform]   43 |
[platform]   44 | function SectionCard({ title, children, action }: { title: string; children: React.ReactNo...
[platform] 
[platform] The export deleteTrainingAssignment was not found in module [project]/packages/features/enterprise-trainings/src/trainings.service.ts [app-client] (ecmascript).
[platform] Did you mean to import deleteTrainingAssessment?
[platform] All exports of the module are statically known (It doesn't have dynamic exports). So it's known statically that the requested export doesn't exist.
[platform] 
[platform] Import traces:
[platform]   Client Component Browser:
[platform]     ./packages/features/enterprise-trainings/src/TrainingDetailsSections.tsx [Client Component Browser]
[platform]     ./packages/features/enterprise-trainings/src/TrainingDetailsScreen.tsx [Client Component Browser]
[platform]     ./packages/features/enterprise-trainings/src/index.ts [Client Component Browser]
[platform]     ./packages/features/platform-marketplace-static/src/PlatformProgramsScreen.tsx [Client Component Browser]
[platform]     ./packages/features/platform-marketplace-static/src/PlatformProgramsScreen.tsx [Server Component]
[platform]     ./packages/features/platform-marketplace-static/src/index.ts [Server Component]
[platform]     ./apps/platform-admin/src/app/trainings/page.tsx [Server Component]
[platform] 
[platform]   Client Component SSR:
[platform]     ./packages/features/enterprise-trainings/src/TrainingDetailsSections.tsx [Client Component SSR]
[platform]     ./packages/features/enterprise-trainings/src/TrainingDetailsScreen.tsx [Client Component SSR]
[platform]     ./packages/features/enterprise-trainings/src/index.ts [Client Component SSR]
[platform]     ./packages/features/platform-marketplace-static/src/PlatformProgramsScreen.tsx [Client Component SSR]
[platform]     ./packages/features/platform-marketplace-static/src/PlatformProgramsScreen.tsx [Server Component]
[platform]     ./packages/features/platform-marketplace-static/src/index.ts [Server Component]
[platform]     ./apps/platform-admin/src/app/trainings/page.tsx [Server Component] 
[platform] [browser] ./packages/features/enterprise-trainings/src/TrainingDetailsSections.tsx:5:1
[platform] Export deleteTrainingAssignment doesn't exist in target module
[platform]    3 | import { useState } from "react";
[platform]    4 | import { useMutation, useQuery, useQueryClient } from "@tanstack/react-query";
[platform] >  5 | import {
[platform]      | ^^^^^^^
[platform] >  6 |   addAssessmentQuestions,
[platform]      | ^^^^^^^^^^^^^^^^^^^^^^^^^
[platform] >  7 |   approveTrainingEnrolment,
[platform]      | ^^^^^^^^^^^^^^^^^^^^^^^^^^^
[platform] >  8 |   cancelTrainingEnrolment,
[platform]      | ^^^^^^^^^^^^^^^^^^^^^^^^^^
[platform] >  9 |   completeTrainingLesson,
[platform]      | ^^^^^^^^^^^^^^^^^^^^^^^^^
[platform] > 10 |   createDiscussionReply,
[platform]      | ^^^^^^^^^^^^^^^^^^^^^^^^
[platform] > 11 |   createTrainingAnnouncement,
[platform]      | ^^^^^^^^^^^^^^^^^^^^^^^^^^^^^
[platform] > 12 |   createTrainingAssignment,
[platform]      | ^^^^^^^^^^^^^^^^^^^^^^^^^^^
[platform] > 13 |   createTrainingAssessment,
[platform]      | ^^^^^^^^^^^^^^^^^^^^^^^^^^^
[platform] > 14 |   createTrainingDiscussion,
[platform]      | ^^^^^^^^^^^^^^^^^^^^^^^^^^^
[platform] > 15 |   createTrainingLesson,
[platform]      | ^^^^^^^^^^^^^^^^^^^^^^^
[platform] > 16 |   createTrainingLiveSession,
[platform]      | ^^^^^^^^^^^^^^^^^^^^^^^^^^^^
[platform] > 17 |   createTrainingSection,
[platform]      | ^^^^^^^^^^^^^^^^^^^^^^^^
[platform] > 18 |   deleteTrainingAssessment,
[platform]      | ^^^^^^^^^^^^^^^^^^^^^^^^^^^
[platform] > 19 |   deleteTrainingAssignment,
[platform]      | ^^^^^^^^^^^^^^^^^^^^^^^^^^^
[platform] > 20 |   deleteTrainingLesson,
[platform]      | ^^^^^^^^^^^^^^^^^^^^^^^
[platform] > 21 |   deleteTrainingSection,
[platform]      | ^^^^^^^^^^^^^^^^^^^^^^^^
[platform] > 22 |   exportLiveSessionAttendance,
[platform]      | ^^^^^^^^^^^^^^^^^^^^^^^^^^^^^^
[platform] > 23 |   getLiveSessionAttendance,
[platform]      | ^^^^^^^^^^^^^^^^^^^^^^^^^^^
[platform] > 24 |   getTrainingContent,
[platform]      | ^^^^^^^^^^^^^^^^^^^^^
[platform] > 25 |   getTrainingProgress,
[platform]      | ^^^^^^^^^^^^^^^^^^^^^^
[platform] > 26 |   getTrainingSections,
[platform]      | ^^^^^^^^^^^^^^^^^^^^^^
[platform] > 27 |   listTrainingAnnouncements,
[platform]      | ^^^^^^^^^^^^^^^^^^^^^^^^^^^^
[platform] > 28 |   listTrainingAssignments,
[platform]      | ^^^^^^^^^^^^^^^^^^^^^^^^^^
[platform] > 29 |   listTrainingAssessments,
[platform]      | ^^^^^^^^^^^^^^^^^^^^^^^^^^
[platform] > 30 |   listTrainingDiscussions,
[platform]      | ^^^^^^^^^^^^^^^^^^^^^^^^^^
[platform] > 31 |   enrolInTraining,
[platform]      | ^^^^^^^^^^^^^^^^^^
[platform] > 32 |   listTrainingEnrolments,
[platform]      | ^^^^^^^^^^^^^^^^^^^^^^^^^
[platform] > 33 |   listTrainingLiveSessions,
[platform]      | ^^^^^^^^^^^^^^^^^^^^^^^^^^^
[platform] > 34 |   listTrainingOrders,
[platform]      | ^^^^^^^^^^^^^^^^^^^^^
[platform] > 35 |   markLiveSessionAttendance,
[platform]      | ^^^^^^^^^^^^^^^^^^^^^^^^^^^^
[platform] > 36 |   refundTrainingOrder,
[platform]      | ^^^^^^^^^^^^^^^^^^^^^^
[platform] > 37 |   patchTrainingOrderStatus,
[platform]      | ^^^^^^^^^^^^^^^^^^^^^^^^^^^
[platform] > 38 |   TrainingsApiError,
[platform]      | ^^^^^^^^^^^^^^^^^^^^
[platform] > 39 |   type CreateLiveSessionPayload,
[platform]      | ^^^^^^^^^^^^^^^^^^^^^^^^^^^^^^^^
[platform] > 40 |   type CreateTrainingSectionPayload,
[platform]      | ^^^^^^^^^^^^^^^^^^^^^^^^^^^^^^^^^^^^
[platform] > 41 | } from "./trainings.service";
[platform]      | ^^^^^^^^^^^^^^^^^^^^^^^^^^^^^
[platform]   42 | import { formatTrainingDate, humanizeLabel } from "./detail-formatters";
[platform]   43 |
[platform]   44 | function SectionCard({ title, children, action }: { title: string; children: React.ReactNo...
[platform] 
[platform] The export deleteTrainingAssignment was not found in module [project]/packages/features/enterprise-trainings/src/trainings.service.ts [app-ssr] (ecmascript).
[platform] Did you mean to import deleteTrainingAssessment?
[platform] All exports of the module are statically known (It doesn't have dynamic exports). So it's known statically that the requested export doesn't exist.
[platform] 
[platform] Import traces:
[platform]   Client Component Browser:
[platform]     ./packages/features/enterprise-trainings/src/TrainingDetailsSections.tsx [Client Component Browser]
[platform]     ./packages/features/enterprise-trainings/src/TrainingDetailsScreen.tsx [Client Component Browser]
[platform]     ./packages/features/enterprise-trainings/src/index.ts [Client Component Browser]
[platform]     ./packages/features/platform-marketplace-static/src/PlatformProgramsScreen.tsx [Client Component Browser]
[platform]     ./packages/features/platform-marketplace-static/src/PlatformProgramsScreen.tsx [Server Component]
[platform]     ./packages/features/platform-marketplace-static/src/index.ts [Server Component]
[platform]     ./apps/platform-admin/src/app/trainings/page.tsx [Server Component]
[platform] 
[platform]   Client Component SSR:
[platform]     ./packages/features/enterprise-trainings/src/TrainingDetailsSections.tsx [Client Component SSR]
[platform]     ./packages/features/enterprise-trainings/src/TrainingDetailsScreen.tsx [Client Component SSR]
[platform]     ./packages/features/enterprise-trainings/src/index.ts [Client Component SSR]
[platform]     ./packages/features/platform-marketplace-static/src/PlatformProgramsScreen.tsx [Client Component SSR]
[platform]     ./packages/features/platform-marketplace-static/src/PlatformProgramsScreen.tsx [Server Component]
[platform]     ./packages/features/platform-marketplace-static/src/index.ts [Server Component]
[platform]     ./apps/platform-admin/src/app/trainings/page.tsx [Server Component] 
[platform] [browser] ./packages/features/enterprise-trainings/src/TrainingDetailsSections.tsx:5:1
[platform] Export deleteTrainingAssignment doesn't exist in target module
[platform]    3 | import { useState } from "react";
[platform]    4 | import { useMutation, useQuery, useQueryClient } from "@tanstack/react-query";
[platform] >  5 | import {
[platform]      | ^^^^^^^
[platform] >  6 |   addAssessmentQuestions,
[platform]      | ^^^^^^^^^^^^^^^^^^^^^^^^^
[platform] >  7 |   approveTrainingEnrolment,
[platform]      | ^^^^^^^^^^^^^^^^^^^^^^^^^^^
[platform] >  8 |   cancelTrainingEnrolment,
[platform]      | ^^^^^^^^^^^^^^^^^^^^^^^^^^
[platform] >  9 |   completeTrainingLesson,
[platform]      | ^^^^^^^^^^^^^^^^^^^^^^^^^
[platform] > 10 |   createDiscussionReply,
[platform]      | ^^^^^^^^^^^^^^^^^^^^^^^^
[platform] > 11 |   createTrainingAnnouncement,
[platform]      | ^^^^^^^^^^^^^^^^^^^^^^^^^^^^^
[platform] > 12 |   createTrainingAssignment,
[platform]      | ^^^^^^^^^^^^^^^^^^^^^^^^^^^
[platform] > 13 |   createTrainingAssessment,
[platform]      | ^^^^^^^^^^^^^^^^^^^^^^^^^^^
[platform] > 14 |   createTrainingDiscussion,
[platform]      | ^^^^^^^^^^^^^^^^^^^^^^^^^^^
[platform] > 15 |   createTrainingLesson,
[platform]      | ^^^^^^^^^^^^^^^^^^^^^^^
[platform] > 16 |   createTrainingLiveSession,
[platform]      | ^^^^^^^^^^^^^^^^^^^^^^^^^^^^
[platform] > 17 |   createTrainingSection,
[platform]      | ^^^^^^^^^^^^^^^^^^^^^^^^
[platform] > 18 |   deleteTrainingAssessment,
[platform]      | ^^^^^^^^^^^^^^^^^^^^^^^^^^^
[platform] > 19 |   deleteTrainingAssignment,
[platform]      | ^^^^^^^^^^^^^^^^^^^^^^^^^^^
[platform] > 20 |   deleteTrainingLesson,
[platform]      | ^^^^^^^^^^^^^^^^^^^^^^^
[platform] > 21 |   deleteTrainingSection,
[platform]      | ^^^^^^^^^^^^^^^^^^^^^^^^
[platform] > 22 |   exportLiveSessionAttendance,
[platform]      | ^^^^^^^^^^^^^^^^^^^^^^^^^^^^^^
[platform] > 23 |   getLiveSessionAttendance,
[platform]      | ^^^^^^^^^^^^^^^^^^^^^^^^^^^
[platform] > 24 |   getTrainingContent,
[platform]      | ^^^^^^^^^^^^^^^^^^^^^
[platform] > 25 |   getTrainingProgress,
[platform]      | ^^^^^^^^^^^^^^^^^^^^^^
[platform] > 26 |   getTrainingSections,
[platform]      | ^^^^^^^^^^^^^^^^^^^^^^
[platform] > 27 |   listTrainingAnnouncements,
[platform]      | ^^^^^^^^^^^^^^^^^^^^^^^^^^^^
[platform] > 28 |   listTrainingAssignments,
[platform]      | ^^^^^^^^^^^^^^^^^^^^^^^^^^
[platform] > 29 |   listTrainingAssessments,
[platform]      | ^^^^^^^^^^^^^^^^^^^^^^^^^^
[platform] > 30 |   listTrainingDiscussions,
[platform]      | ^^^^^^^^^^^^^^^^^^^^^^^^^^
[platform] > 31 |   enrolInTraining,
[platform]      | ^^^^^^^^^^^^^^^^^^
[platform] > 32 |   listTrainingEnrolments,
[platform]      | ^^^^^^^^^^^^^^^^^^^^^^^^^
[platform] > 33 |   listTrainingLiveSessions,
[platform]      | ^^^^^^^^^^^^^^^^^^^^^^^^^^^
[platform] > 34 |   listTrainingOrders,
[platform]      | ^^^^^^^^^^^^^^^^^^^^^
[platform] > 35 |   markLiveSessionAttendance,
[platform]      | ^^^^^^^^^^^^^^^^^^^^^^^^^^^^
[platform] > 36 |   refundTrainingOrder,
[platform]      | ^^^^^^^^^^^^^^^^^^^^^^
[platform] > 37 |   patchTrainingOrderStatus,
[platform]      | ^^^^^^^^^^^^^^^^^^^^^^^^^^^
[platform] > 38 |   TrainingsApiError,
[platform]      | ^^^^^^^^^^^^^^^^^^^^
[platform] > 39 |   type CreateLiveSessionPayload,
[platform]      | ^^^^^^^^^^^^^^^^^^^^^^^^^^^^^^^^
[platform] > 40 |   type CreateTrainingSectionPayload,
[platform]      | ^^^^^^^^^^^^^^^^^^^^^^^^^^^^^^^^^^^^
[platform] > 41 | } from "./trainings.service";
[platform]      | ^^^^^^^^^^^^^^^^^^^^^^^^^^^^^
[platform]   42 | import { formatTrainingDate, humanizeLabel } from "./detail-formatters";
[platform]   43 |
[platform]   44 | function SectionCard({ title, children, action }: { title: string; children: React.ReactNo...
[platform] 
[platform] The export deleteTrainingAssignment was not found in module [project]/packages/features/enterprise-trainings/src/trainings.service.ts [app-client] (ecmascript).
[platform] Did you mean to import deleteTrainingAssessment?
[platform] All exports of the module are statically known (It doesn't have dynamic exports). So it's known statically that the requested export doesn't exist.
[platform] 
[platform] Import traces:
[platform]   Client Component Browser:
[platform]     ./packages/features/enterprise-trainings/src/TrainingDetailsSections.tsx [Client Component Browser]
[platform]     ./packages/features/enterprise-trainings/src/TrainingDetailsScreen.tsx [Client Component Browser]
[platform]     ./packages/features/enterprise-trainings/src/index.ts [Client Component Browser]
[platform]     ./packages/features/platform-marketplace-static/src/PlatformProgramsScreen.tsx [Client Component Browser]
[platform]     ./packages/features/platform-marketplace-static/src/PlatformProgramsScreen.tsx [Server Component]
[platform]     ./packages/features/platform-marketplace-static/src/index.ts [Server Component]
[platform]     ./apps/platform-admin/src/app/trainings/page.tsx [Server Component]
[platform] 
[platform]   Client Component SSR:
[platform]     ./packages/features/enterprise-trainings/src/TrainingDetailsSections.tsx [Client Component SSR]
[platform]     ./packages/features/enterprise-trainings/src/TrainingDetailsScreen.tsx [Client Component SSR]
[platform]     ./packages/features/enterprise-trainings/src/index.ts [Client Component SSR]
[platform]     ./packages/features/platform-marketplace-static/src/PlatformProgramsScreen.tsx [Client Component SSR]
[platform]     ./packages/features/platform-marketplace-static/src/PlatformProgramsScreen.tsx [Server Component]
[platform]     ./packages/features/platform-marketplace-static/src/index.ts [Server Component]
[platform]     ./apps/platform-admin/src/app/trainings/page.tsx [Server Component] 
[platform] [browser] ./packages/features/enterprise-trainings/src/TrainingDetailsSections.tsx:5:1
[platform] Export deleteTrainingAssignment doesn't exist in target module
[platform]    3 | import { useState } from "react";
[platform]    4 | import { useMutation, useQuery, useQueryClient } from "@tanstack/react-query";
[platform] >  5 | import {
[platform]      | ^^^^^^^
[platform] >  6 |   addAssessmentQuestions,
[platform]      | ^^^^^^^^^^^^^^^^^^^^^^^^^
[platform] >  7 |   approveTrainingEnrolment,
[platform]      | ^^^^^^^^^^^^^^^^^^^^^^^^^^^
[platform] >  8 |   cancelTrainingEnrolment,
[platform]      | ^^^^^^^^^^^^^^^^^^^^^^^^^^
[platform] >  9 |   completeTrainingLesson,
[platform]      | ^^^^^^^^^^^^^^^^^^^^^^^^^
[platform] > 10 |   createDiscussionReply,
[platform]      | ^^^^^^^^^^^^^^^^^^^^^^^^
[platform] > 11 |   createTrainingAnnouncement,
[platform]      | ^^^^^^^^^^^^^^^^^^^^^^^^^^^^^
[platform] > 12 |   createTrainingAssignment,
[platform]      | ^^^^^^^^^^^^^^^^^^^^^^^^^^^
[platform] > 13 |   createTrainingAssessment,
[platform]      | ^^^^^^^^^^^^^^^^^^^^^^^^^^^
[platform] > 14 |   createTrainingDiscussion,
[platform]      | ^^^^^^^^^^^^^^^^^^^^^^^^^^^
[platform] > 15 |   createTrainingLesson,
[platform]      | ^^^^^^^^^^^^^^^^^^^^^^^
[platform] > 16 |   createTrainingLiveSession,
[platform]      | ^^^^^^^^^^^^^^^^^^^^^^^^^^^^
[platform] > 17 |   createTrainingSection,
[platform]      | ^^^^^^^^^^^^^^^^^^^^^^^^
[platform] > 18 |   deleteTrainingAssessment,
[platform]      | ^^^^^^^^^^^^^^^^^^^^^^^^^^^
[platform] > 19 |   deleteTrainingAssignment,
[platform]      | ^^^^^^^^^^^^^^^^^^^^^^^^^^^
[platform] > 20 |   deleteTrainingLesson,
[platform]      | ^^^^^^^^^^^^^^^^^^^^^^^
[platform] > 21 |   deleteTrainingSection,
[platform]      | ^^^^^^^^^^^^^^^^^^^^^^^^
[platform] > 22 |   exportLiveSessionAttendance,
[platform]      | ^^^^^^^^^^^^^^^^^^^^^^^^^^^^^^
[platform] > 23 |   getLiveSessionAttendance,
[platform]      | ^^^^^^^^^^^^^^^^^^^^^^^^^^^
[platform] > 24 |   getTrainingContent,
[platform]      | ^^^^^^^^^^^^^^^^^^^^^
[platform] > 25 |   getTrainingProgress,
[platform]      | ^^^^^^^^^^^^^^^^^^^^^^
[platform] > 26 |   getTrainingSections,
[platform]      | ^^^^^^^^^^^^^^^^^^^^^^
[platform] > 27 |   listTrainingAnnouncements,
[platform]      | ^^^^^^^^^^^^^^^^^^^^^^^^^^^^
[platform] > 28 |   listTrainingAssignments,
[platform]      | ^^^^^^^^^^^^^^^^^^^^^^^^^^
[platform] > 29 |   listTrainingAssessments,
[platform]      | ^^^^^^^^^^^^^^^^^^^^^^^^^^
[platform] > 30 |   listTrainingDiscussions,
[platform]      | ^^^^^^^^^^^^^^^^^^^^^^^^^^
[platform] > 31 |   enrolInTraining,
[platform]      | ^^^^^^^^^^^^^^^^^^
[platform] > 32 |   listTrainingEnrolments,
[platform]      | ^^^^^^^^^^^^^^^^^^^^^^^^^
[platform] > 33 |   listTrainingLiveSessions,
[platform]      | ^^^^^^^^^^^^^^^^^^^^^^^^^^^
[platform] > 34 |   listTrainingOrders,
[platform]      | ^^^^^^^^^^^^^^^^^^^^^
[platform] > 35 |   markLiveSessionAttendance,
[platform]      | ^^^^^^^^^^^^^^^^^^^^^^^^^^^^
[platform] > 36 |   refundTrainingOrder,
[platform]      | ^^^^^^^^^^^^^^^^^^^^^^
[platform] > 37 |   patchTrainingOrderStatus,
[platform]      | ^^^^^^^^^^^^^^^^^^^^^^^^^^^
[platform] > 38 |   TrainingsApiError,
[platform]      | ^^^^^^^^^^^^^^^^^^^^
[platform] > 39 |   type CreateLiveSessionPayload,
[platform]      | ^^^^^^^^^^^^^^^^^^^^^^^^^^^^^^^^
[platform] > 40 |   type CreateTrainingSectionPayload,
[platform]      | ^^^^^^^^^^^^^^^^^^^^^^^^^^^^^^^^^^^^
[platform] > 41 | } from "./trainings.service";
[platform]      | ^^^^^^^^^^^^^^^^^^^^^^^^^^^^^
[platform]   42 | import { formatTrainingDate, humanizeLabel } from "./detail-formatters";
[platform]   43 |
[platform]   44 | function SectionCard({ title, children, action }: { title: string; children: React.ReactNo...
[platform] 
[platform] The export deleteTrainingAssignment was not found in module [project]/packages/features/enterprise-trainings/src/trainings.service.ts [app-ssr] (ecmascript).
[platform] Did you mean to import deleteTrainingAssessment?
[platform] All exports of the module are statically known (It doesn't have dynamic exports). So it's known statically that the requested export doesn't exist.
[platform] 
[platform] Import traces:
[platform]   Client Component Browser:
[platform]     ./packages/features/enterprise-trainings/src/TrainingDetailsSections.tsx [Client Component Browser]
[platform]     ./packages/features/enterprise-trainings/src/TrainingDetailsScreen.tsx [Client Component Browser]
[platform]     ./packages/features/enterprise-trainings/src/index.ts [Client Component Browser]
[platform]     ./packages/features/platform-marketplace-static/src/PlatformProgramsScreen.tsx [Client Component Browser]
[platform]     ./packages/features/platform-marketplace-static/src/PlatformProgramsScreen.tsx [Server Component]
[platform]     ./packages/features/platform-marketplace-static/src/index.ts [Server Component]
[platform]     ./apps/platform-admin/src/app/trainings/page.tsx [Server Component]
[platform] 
[platform]   Client Component SSR:
[platform]     ./packages/features/enterprise-trainings/src/TrainingDetailsSections.tsx [Client Component SSR]
[platform]     ./packages/features/enterprise-trainings/src/TrainingDetailsScreen.tsx [Client Component SSR]
[platform]     ./packages/features/enterprise-trainings/src/index.ts [Client Component SSR]
[platform]     ./packages/features/platform-marketplace-static/src/PlatformProgramsScreen.tsx [Client Component SSR]
[platform]     ./packages/features/platform-marketplace-static/src/PlatformProgramsScreen.tsx [Server Component]
[platform]     ./packages/features/platform-marketplace-static/src/index.ts [Server Component]
[platform]     ./apps/platform-admin/src/app/trainings/page.tsx [Server Component] 
[platform] [browser] ./packages/features/enterprise-trainings/src/TrainingDetailsSections.tsx:5:1
[platform] Export deleteTrainingAssignment doesn't exist in target module
[platform]    3 | import { useState } from "react";
[platform]    4 | import { useMutation, useQuery, useQueryClient } from "@tanstack/react-query";
[platform] >  5 | import {
[platform]      | ^^^^^^^
[platform] >  6 |   addAssessmentQuestions,
[platform]      | ^^^^^^^^^^^^^^^^^^^^^^^^^
[platform] >  7 |   approveTrainingEnrolment,
[platform]      | ^^^^^^^^^^^^^^^^^^^^^^^^^^^
[platform] >  8 |   cancelTrainingEnrolment,
[platform]      | ^^^^^^^^^^^^^^^^^^^^^^^^^^
[platform] >  9 |   completeTrainingLesson,
[platform]      | ^^^^^^^^^^^^^^^^^^^^^^^^^
[platform] > 10 |   createDiscussionReply,
[platform]      | ^^^^^^^^^^^^^^^^^^^^^^^^
[platform] > 11 |   createTrainingAnnouncement,
[platform]      | ^^^^^^^^^^^^^^^^^^^^^^^^^^^^^
[platform] > 12 |   createTrainingAssignment,
[platform]      | ^^^^^^^^^^^^^^^^^^^^^^^^^^^
[platform] > 13 |   createTrainingAssessment,
[platform]      | ^^^^^^^^^^^^^^^^^^^^^^^^^^^
[platform] > 14 |   createTrainingDiscussion,
[platform]      | ^^^^^^^^^^^^^^^^^^^^^^^^^^^
[platform] > 15 |   createTrainingLesson,
[platform]      | ^^^^^^^^^^^^^^^^^^^^^^^
[platform] > 16 |   createTrainingLiveSession,
[platform]      | ^^^^^^^^^^^^^^^^^^^^^^^^^^^^
[platform] > 17 |   createTrainingSection,
[platform]      | ^^^^^^^^^^^^^^^^^^^^^^^^
[platform] > 18 |   deleteTrainingAssessment,
[platform]      | ^^^^^^^^^^^^^^^^^^^^^^^^^^^
[platform] > 19 |   deleteTrainingAssignment,
[platform]      | ^^^^^^^^^^^^^^^^^^^^^^^^^^^
[platform] > 20 |   deleteTrainingLesson,
[platform]      | ^^^^^^^^^^^^^^^^^^^^^^^
[platform] > 21 |   deleteTrainingSection,
[platform]      | ^^^^^^^^^^^^^^^^^^^^^^^^
[platform] > 22 |   exportLiveSessionAttendance,
[platform]      | ^^^^^^^^^^^^^^^^^^^^^^^^^^^^^^
[platform] > 23 |   getLiveSessionAttendance,
[platform]      | ^^^^^^^^^^^^^^^^^^^^^^^^^^^
[platform] > 24 |   getTrainingContent,
[platform]      | ^^^^^^^^^^^^^^^^^^^^^
[platform] > 25 |   getTrainingProgress,
[platform]      | ^^^^^^^^^^^^^^^^^^^^^^
[platform] > 26 |   getTrainingSections,
[platform]      | ^^^^^^^^^^^^^^^^^^^^^^
[platform] > 27 |   listTrainingAnnouncements,
[platform]      | ^^^^^^^^^^^^^^^^^^^^^^^^^^^^
[platform] > 28 |   listTrainingAssignments,
[platform]      | ^^^^^^^^^^^^^^^^^^^^^^^^^^
[platform] > 29 |   listTrainingAssessments,
[platform]      | ^^^^^^^^^^^^^^^^^^^^^^^^^^
[platform] > 30 |   listTrainingDiscussions,
[platform]      | ^^^^^^^^^^^^^^^^^^^^^^^^^^
[platform] > 31 |   enrolInTraining,
[platform]      | ^^^^^^^^^^^^^^^^^^
[platform] > 32 |   listTrainingEnrolments,
[platform]      | ^^^^^^^^^^^^^^^^^^^^^^^^^
[platform] > 33 |   listTrainingLiveSessions,
[platform]      | ^^^^^^^^^^^^^^^^^^^^^^^^^^^
[platform] > 34 |   listTrainingOrders,
[platform]      | ^^^^^^^^^^^^^^^^^^^^^
[platform] > 35 |   markLiveSessionAttendance,
[platform]      | ^^^^^^^^^^^^^^^^^^^^^^^^^^^^
[platform] > 36 |   refundTrainingOrder,
[platform]      | ^^^^^^^^^^^^^^^^^^^^^^
[platform] > 37 |   patchTrainingOrderStatus,
[platform]      | ^^^^^^^^^^^^^^^^^^^^^^^^^^^
[platform] > 38 |   TrainingsApiError,
[platform]      | ^^^^^^^^^^^^^^^^^^^^
[platform] > 39 |   type CreateLiveSessionPayload,
[platform]      | ^^^^^^^^^^^^^^^^^^^^^^^^^^^^^^^^
[platform] > 40 |   type CreateTrainingSectionPayload,
[platform]      | ^^^^^^^^^^^^^^^^^^^^^^^^^^^^^^^^^^^^
[platform] > 41 | } from "./trainings.service";
[platform]      | ^^^^^^^^^^^^^^^^^^^^^^^^^^^^^
[platform]   42 | import { formatTrainingDate, humanizeLabel } from "./detail-formatters";
[platform]   43 |
[platform]   44 | function SectionCard({ title, children, action }: { title: string; children: React.ReactNo...
[platform] 
[platform] The export deleteTrainingAssignment was not found in module [project]/packages/features/enterprise-trainings/src/trainings.service.ts [app-client] (ecmascript).
[platform] Did you mean to import deleteTrainingAssessment?
[platform] All exports of the module are statically known (It doesn't have dynamic exports). So it's known statically that the requested export doesn't exist.
[platform] 
[platform] Import traces:
[platform]   Client Component Browser:
[platform]     ./packages/features/enterprise-trainings/src/TrainingDetailsSections.tsx [Client Component Browser]
[platform]     ./packages/features/enterprise-trainings/src/TrainingDetailsScreen.tsx [Client Component Browser]
[platform]     ./packages/features/enterprise-trainings/src/index.ts [Client Component Browser]
[platform]     ./packages/features/platform-marketplace-static/src/PlatformProgramsScreen.tsx [Client Component Browser]
[platform]     ./packages/features/platform-marketplace-static/src/PlatformProgramsScreen.tsx [Server Component]
[platform]     ./packages/features/platform-marketplace-static/src/index.ts [Server Component]
[platform]     ./apps/platform-admin/src/app/trainings/page.tsx [Server Component]
[platform] 
[platform]   Client Component SSR:
[platform]     ./packages/features/enterprise-trainings/src/TrainingDetailsSections.tsx [Client Component SSR]
[platform]     ./packages/features/enterprise-trainings/src/TrainingDetailsScreen.tsx [Client Component SSR]
[platform]     ./packages/features/enterprise-trainings/src/index.ts [Client Component SSR]
[platform]     ./packages/features/platform-marketplace-static/src/PlatformProgramsScreen.tsx [Client Component SSR]
[platform]     ./packages/features/platform-marketplace-static/src/PlatformProgramsScreen.tsx [Server Component]
[platform]     ./packages/features/platform-marketplace-static/src/index.ts [Server Component]
[platform]     ./apps/platform-admin/src/app/trainings/page.tsx [Server Component] 
[platform] [browser] ./packages/features/enterprise-trainings/src/TrainingDetailsSections.tsx:5:1
[platform] Export deleteTrainingAssignment doesn't exist in target module
[platform]    3 | import { useState } from "react";
[platform]    4 | import { useMutation, useQuery, useQueryClient } from "@tanstack/react-query";
[platform] >  5 | import {
[platform]      | ^^^^^^^
[platform] >  6 |   addAssessmentQuestions,
[platform]      | ^^^^^^^^^^^^^^^^^^^^^^^^^
[platform] >  7 |   approveTrainingEnrolment,
[platform]      | ^^^^^^^^^^^^^^^^^^^^^^^^^^^
[platform] >  8 |   cancelTrainingEnrolment,
[platform]      | ^^^^^^^^^^^^^^^^^^^^^^^^^^
[platform] >  9 |   completeTrainingLesson,
[platform]      | ^^^^^^^^^^^^^^^^^^^^^^^^^
[platform] > 10 |   createDiscussionReply,
[platform]      | ^^^^^^^^^^^^^^^^^^^^^^^^
[platform] > 11 |   createTrainingAnnouncement,
[platform]      | ^^^^^^^^^^^^^^^^^^^^^^^^^^^^^
[platform] > 12 |   createTrainingAssignment,
[platform]      | ^^^^^^^^^^^^^^^^^^^^^^^^^^^
[platform] > 13 |   createTrainingAssessment,
[platform]      | ^^^^^^^^^^^^^^^^^^^^^^^^^^^
[platform] > 14 |   createTrainingDiscussion,
[platform]      | ^^^^^^^^^^^^^^^^^^^^^^^^^^^
[platform] > 15 |   createTrainingLesson,
[platform]      | ^^^^^^^^^^^^^^^^^^^^^^^
[platform] > 16 |   createTrainingLiveSession,
[platform]      | ^^^^^^^^^^^^^^^^^^^^^^^^^^^^
[platform] > 17 |   createTrainingSection,
[platform]      | ^^^^^^^^^^^^^^^^^^^^^^^^
[platform] > 18 |   deleteTrainingAssessment,
[platform]      | ^^^^^^^^^^^^^^^^^^^^^^^^^^^
[platform] > 19 |   deleteTrainingAssignment,
[platform]      | ^^^^^^^^^^^^^^^^^^^^^^^^^^^
[platform] > 20 |   deleteTrainingLesson,
[platform]      | ^^^^^^^^^^^^^^^^^^^^^^^
[platform] > 21 |   deleteTrainingSection,
[platform]      | ^^^^^^^^^^^^^^^^^^^^^^^^
[platform] > 22 |   exportLiveSessionAttendance,
[platform]      | ^^^^^^^^^^^^^^^^^^^^^^^^^^^^^^
[platform] > 23 |   getLiveSessionAttendance,
[platform]      | ^^^^^^^^^^^^^^^^^^^^^^^^^^^
[platform] > 24 |   getTrainingContent,
[platform]      | ^^^^^^^^^^^^^^^^^^^^^
[platform] > 25 |   getTrainingProgress,
[platform]      | ^^^^^^^^^^^^^^^^^^^^^^
[platform] > 26 |   getTrainingSections,
[platform]      | ^^^^^^^^^^^^^^^^^^^^^^
[platform] > 27 |   listTrainingAnnouncements,
[platform]      | ^^^^^^^^^^^^^^^^^^^^^^^^^^^^
[platform] > 28 |   listTrainingAssignments,
[platform]      | ^^^^^^^^^^^^^^^^^^^^^^^^^^
[platform] > 29 |   listTrainingAssessments,
[platform]      | ^^^^^^^^^^^^^^^^^^^^^^^^^^
[platform] > 30 |   listTrainingDiscussions,
[platform]      | ^^^^^^^^^^^^^^^^^^^^^^^^^^
[platform] > 31 |   enrolInTraining,
[platform]      | ^^^^^^^^^^^^^^^^^^
[platform] > 32 |   listTrainingEnrolments,
[platform]      | ^^^^^^^^^^^^^^^^^^^^^^^^^
[platform] > 33 |   listTrainingLiveSessions,
[platform]      | ^^^^^^^^^^^^^^^^^^^^^^^^^^^
[platform] > 34 |   listTrainingOrders,
[platform]      | ^^^^^^^^^^^^^^^^^^^^^
[platform] > 35 |   markLiveSessionAttendance,
[platform]      | ^^^^^^^^^^^^^^^^^^^^^^^^^^^^
[platform] > 36 |   refundTrainingOrder,
[platform]      | ^^^^^^^^^^^^^^^^^^^^^^
[platform] > 37 |   patchTrainingOrderStatus,
[platform]      | ^^^^^^^^^^^^^^^^^^^^^^^^^^^
[platform] > 38 |   TrainingsApiError,
[platform]      | ^^^^^^^^^^^^^^^^^^^^
[platform] > 39 |   type CreateLiveSessionPayload,
[platform]      | ^^^^^^^^^^^^^^^^^^^^^^^^^^^^^^^^
[platform] > 40 |   type CreateTrainingSectionPayload,
[platform]      | ^^^^^^^^^^^^^^^^^^^^^^^^^^^^^^^^^^^^
[platform] > 41 | } from "./trainings.service";
[platform]      | ^^^^^^^^^^^^^^^^^^^^^^^^^^^^^
[platform]   42 | import { formatTrainingDate, humanizeLabel } from "./detail-formatters";
[platform]   43 |
[platform]   44 | function SectionCard({ title, children, action }: { title: string; children: React.ReactNo...
[platform] 
[platform] The export deleteTrainingAssignment was not found in module [project]/packages/features/enterprise-trainings/src/trainings.service.ts [app-ssr] (ecmascript).
[platform] Did you mean to import deleteTrainingAssessment?
[platform] All exports of the module are statically known (It doesn't have dynamic exports). So it's known statically that the requested export doesn't exist.
[platform] 
[platform] Import traces:
[platform]   Client Component Browser:
[platform]     ./packages/features/enterprise-trainings/src/TrainingDetailsSections.tsx [Client Component Browser]
[platform]     ./packages/features/enterprise-trainings/src/TrainingDetailsScreen.tsx [Client Component Browser]
[platform]     ./packages/features/enterprise-trainings/src/index.ts [Client Component Browser]
[platform]     ./packages/features/platform-marketplace-static/src/PlatformProgramsScreen.tsx [Client Component Browser]
[platform]     ./packages/features/platform-marketplace-static/src/PlatformProgramsScreen.tsx [Server Component]
[platform]     ./packages/features/platform-marketplace-static/src/index.ts [Server Component]
[platform]     ./apps/platform-admin/src/app/trainings/page.tsx [Server Component]
[platform] 
[platform]   Client Component SSR:
[platform]     ./packages/features/enterprise-trainings/src/TrainingDetailsSections.tsx [Client Component SSR]
[platform]     ./packages/features/enterprise-trainings/src/TrainingDetailsScreen.tsx [Client Component SSR]
[platform]     ./packages/features/enterprise-trainings/src/index.ts [Client Component SSR]
[platform]     ./packages/features/platform-marketplace-static/src/PlatformProgramsScreen.tsx [Client Component SSR]
[platform]     ./packages/features/platform-marketplace-static/src/PlatformProgramsScreen.tsx [Server Component]
[platform]     ./packages/features/platform-marketplace-static/src/index.ts [Server Component]
[platform]     ./apps/platform-admin/src/app/trainings/page.tsx [Server Component] 
[platform] [browser] ./packages/features/enterprise-trainings/src/TrainingDetailsSections.tsx:5:1
[platform] Export deleteTrainingAssignment doesn't exist in target module
[platform]    3 | import { useState } from "react";
[platform]    4 | import { useMutation, useQuery, useQueryClient } from "@tanstack/react-query";
[platform] >  5 | import {
[platform]      | ^^^^^^^
[platform] >  6 |   addAssessmentQuestions,
[platform]      | ^^^^^^^^^^^^^^^^^^^^^^^^^
[platform] >  7 |   approveTrainingEnrolment,
[platform]      | ^^^^^^^^^^^^^^^^^^^^^^^^^^^
[platform] >  8 |   cancelTrainingEnrolment,
[platform]      | ^^^^^^^^^^^^^^^^^^^^^^^^^^
[platform] >  9 |   completeTrainingLesson,
[platform]      | ^^^^^^^^^^^^^^^^^^^^^^^^^
[platform] > 10 |   createDiscussionReply,
[platform]      | ^^^^^^^^^^^^^^^^^^^^^^^^
[platform] > 11 |   createTrainingAnnouncement,
[platform]      | ^^^^^^^^^^^^^^^^^^^^^^^^^^^^^
[platform] > 12 |   createTrainingAssignment,
[platform]      | ^^^^^^^^^^^^^^^^^^^^^^^^^^^
[platform] > 13 |   createTrainingAssessment,
[platform]      | ^^^^^^^^^^^^^^^^^^^^^^^^^^^
[platform] > 14 |   createTrainingDiscussion,
[platform]      | ^^^^^^^^^^^^^^^^^^^^^^^^^^^
[platform] > 15 |   createTrainingLesson,
[platform]      | ^^^^^^^^^^^^^^^^^^^^^^^
[platform] > 16 |   createTrainingLiveSession,
[platform]      | ^^^^^^^^^^^^^^^^^^^^^^^^^^^^
[platform] > 17 |   createTrainingSection,
[platform]      | ^^^^^^^^^^^^^^^^^^^^^^^^
[platform] > 18 |   deleteTrainingAssessment,
[platform]      | ^^^^^^^^^^^^^^^^^^^^^^^^^^^
[platform] > 19 |   deleteTrainingAssignment,
[platform]      | ^^^^^^^^^^^^^^^^^^^^^^^^^^^
[platform] > 20 |   deleteTrainingLesson,
[platform]      | ^^^^^^^^^^^^^^^^^^^^^^^
[platform] > 21 |   deleteTrainingSection,
[platform]      | ^^^^^^^^^^^^^^^^^^^^^^^^
[platform] > 22 |   exportLiveSessionAttendance,
[platform]      | ^^^^^^^^^^^^^^^^^^^^^^^^^^^^^^
[platform] > 23 |   getLiveSessionAttendance,
[platform]      | ^^^^^^^^^^^^^^^^^^^^^^^^^^^
[platform] > 24 |   getTrainingContent,
[platform]      | ^^^^^^^^^^^^^^^^^^^^^
[platform] > 25 |   getTrainingProgress,
[platform]      | ^^^^^^^^^^^^^^^^^^^^^^
[platform] > 26 |   getTrainingSections,
[platform]      | ^^^^^^^^^^^^^^^^^^^^^^
[platform] > 27 |   listTrainingAnnouncements,
[platform]      | ^^^^^^^^^^^^^^^^^^^^^^^^^^^^
[platform] > 28 |   listTrainingAssignments,
[platform]      | ^^^^^^^^^^^^^^^^^^^^^^^^^^
[platform] > 29 |   listTrainingAssessments,
[platform]      | ^^^^^^^^^^^^^^^^^^^^^^^^^^
[platform] > 30 |   listTrainingDiscussions,
[platform]      | ^^^^^^^^^^^^^^^^^^^^^^^^^^
[platform] > 31 |   enrolInTraining,
[platform]      | ^^^^^^^^^^^^^^^^^^
[platform] > 32 |   listTrainingEnrolments,
[platform]      | ^^^^^^^^^^^^^^^^^^^^^^^^^
[platform] > 33 |   listTrainingLiveSessions,
[platform]      | ^^^^^^^^^^^^^^^^^^^^^^^^^^^
[platform] > 34 |   listTrainingOrders,
[platform]      | ^^^^^^^^^^^^^^^^^^^^^
[platform] > 35 |   markLiveSessionAttendance,
[platform]      | ^^^^^^^^^^^^^^^^^^^^^^^^^^^^
[platform] > 36 |   refundTrainingOrder,
[platform]      | ^^^^^^^^^^^^^^^^^^^^^^
[platform] > 37 |   patchTrainingOrderStatus,
[platform]      | ^^^^^^^^^^^^^^^^^^^^^^^^^^^
[platform] > 38 |   TrainingsApiError,
[platform]      | ^^^^^^^^^^^^^^^^^^^^
[platform] > 39 |   type CreateLiveSessionPayload,
[platform]      | ^^^^^^^^^^^^^^^^^^^^^^^^^^^^^^^^
[platform] > 40 |   type CreateTrainingSectionPayload,
[platform]      | ^^^^^^^^^^^^^^^^^^^^^^^^^^^^^^^^^^^^
[platform] > 41 | } from "./trainings.service";
[platform]      | ^^^^^^^^^^^^^^^^^^^^^^^^^^^^^
[platform]   42 | import { formatTrainingDate, humanizeLabel } from "./detail-formatters";
[platform]   43 |
[platform]   44 | function SectionCard({ title, children, action }: { title: string; children: React.ReactNo...
[platform] 
[platform] The export deleteTrainingAssignment was not found in module [project]/packages/features/enterprise-trainings/src/trainings.service.ts [app-client] (ecmascript).
[platform] Did you mean to import deleteTrainingAssessment?
[platform] All exports of the module are statically known (It doesn't have dynamic exports). So it's known statically that the requested export doesn't exist.
[platform] 
[platform] Import traces:
[platform]   Client Component Browser:
[platform]     ./packages/features/enterprise-trainings/src/TrainingDetailsSections.tsx [Client Component Browser]
[platform]     ./packages/features/enterprise-trainings/src/TrainingDetailsScreen.tsx [Client Component Browser]
[platform]     ./packages/features/enterprise-trainings/src/index.ts [Client Component Browser]
[platform]     ./packages/features/platform-marketplace-static/src/PlatformProgramsScreen.tsx [Client Component Browser]
[platform]     ./packages/features/platform-marketplace-static/src/PlatformProgramsScreen.tsx [Server Component]
[platform]     ./packages/features/platform-marketplace-static/src/index.ts [Server Component]
[platform]     ./apps/platform-admin/src/app/trainings/page.tsx [Server Component]
[platform] 
[platform]   Client Component SSR:
[platform]     ./packages/features/enterprise-trainings/src/TrainingDetailsSections.tsx [Client Component SSR]
[platform]     ./packages/features/enterprise-trainings/src/TrainingDetailsScreen.tsx [Client Component SSR]
[platform]     ./packages/features/enterprise-trainings/src/index.ts [Client Component SSR]
[platform]     ./packages/features/platform-marketplace-static/src/PlatformProgramsScreen.tsx [Client Component SSR]
[platform]     ./packages/features/platform-marketplace-static/src/PlatformProgramsScreen.tsx [Server Component]
[platform]     ./packages/features/platform-marketplace-static/src/index.ts [Server Component]
[platform]     ./apps/platform-admin/src/app/trainings/page.tsx [Server Component] 
[platform] [browser] ./packages/features/enterprise-trainings/src/TrainingDetailsSections.tsx:5:1
[platform] Export deleteTrainingAssignment doesn't exist in target module
[platform]    3 | import { useState } from "react";
[platform]    4 | import { useMutation, useQuery, useQueryClient } from "@tanstack/react-query";
[platform] >  5 | import {
[platform]      | ^^^^^^^
[platform] >  6 |   addAssessmentQuestions,
[platform]      | ^^^^^^^^^^^^^^^^^^^^^^^^^
[platform] >  7 |   approveTrainingEnrolment,
[platform]      | ^^^^^^^^^^^^^^^^^^^^^^^^^^^
[platform] >  8 |   cancelTrainingEnrolment,
[platform]      | ^^^^^^^^^^^^^^^^^^^^^^^^^^
[platform] >  9 |   completeTrainingLesson,
[platform]      | ^^^^^^^^^^^^^^^^^^^^^^^^^
[platform] > 10 |   createDiscussionReply,
[platform]      | ^^^^^^^^^^^^^^^^^^^^^^^^
[platform] > 11 |   createTrainingAnnouncement,
[platform]      | ^^^^^^^^^^^^^^^^^^^^^^^^^^^^^
[platform] > 12 |   createTrainingAssignment,
[platform]      | ^^^^^^^^^^^^^^^^^^^^^^^^^^^
[platform] > 13 |   createTrainingAssessment,
[platform]      | ^^^^^^^^^^^^^^^^^^^^^^^^^^^
[platform] > 14 |   createTrainingDiscussion,
[platform]      | ^^^^^^^^^^^^^^^^^^^^^^^^^^^
[platform] > 15 |   createTrainingLesson,
[platform]      | ^^^^^^^^^^^^^^^^^^^^^^^
[platform] > 16 |   createTrainingLiveSession,
[platform]      | ^^^^^^^^^^^^^^^^^^^^^^^^^^^^
[platform] > 17 |   createTrainingSection,
[platform]      | ^^^^^^^^^^^^^^^^^^^^^^^^
[platform] > 18 |   deleteTrainingAssessment,
[platform]      | ^^^^^^^^^^^^^^^^^^^^^^^^^^^
[platform] > 19 |   deleteTrainingAssignment,
[platform]      | ^^^^^^^^^^^^^^^^^^^^^^^^^^^
[platform] > 20 |   deleteTrainingLesson,
[platform]      | ^^^^^^^^^^^^^^^^^^^^^^^
[platform] > 21 |   deleteTrainingSection,
[platform]      | ^^^^^^^^^^^^^^^^^^^^^^^^
[platform] > 22 |   exportLiveSessionAttendance,
[platform]      | ^^^^^^^^^^^^^^^^^^^^^^^^^^^^^^
[platform] > 23 |   getLiveSessionAttendance,
[platform]      | ^^^^^^^^^^^^^^^^^^^^^^^^^^^
[platform] > 24 |   getTrainingContent,
[platform]      | ^^^^^^^^^^^^^^^^^^^^^
[platform] > 25 |   getTrainingProgress,
[platform]      | ^^^^^^^^^^^^^^^^^^^^^^
[platform] > 26 |   getTrainingSections,
[platform]      | ^^^^^^^^^^^^^^^^^^^^^^
[platform] > 27 |   listTrainingAnnouncements,
[platform]      | ^^^^^^^^^^^^^^^^^^^^^^^^^^^^
[platform] > 28 |   listTrainingAssignments,
[platform]      | ^^^^^^^^^^^^^^^^^^^^^^^^^^
[platform] > 29 |   listTrainingAssessments,
[platform]      | ^^^^^^^^^^^^^^^^^^^^^^^^^^
[platform] > 30 |   listTrainingDiscussions,
[platform]      | ^^^^^^^^^^^^^^^^^^^^^^^^^^
[platform] > 31 |   enrolInTraining,
[platform]      | ^^^^^^^^^^^^^^^^^^
[platform] > 32 |   listTrainingEnrolments,
[platform]      | ^^^^^^^^^^^^^^^^^^^^^^^^^
[platform] > 33 |   listTrainingLiveSessions,
[platform]      | ^^^^^^^^^^^^^^^^^^^^^^^^^^^
[platform] > 34 |   listTrainingOrders,
[platform]      | ^^^^^^^^^^^^^^^^^^^^^
[platform] > 35 |   markLiveSessionAttendance,
[platform]      | ^^^^^^^^^^^^^^^^^^^^^^^^^^^^
[platform] > 36 |   refundTrainingOrder,
[platform]      | ^^^^^^^^^^^^^^^^^^^^^^
[platform] > 37 |   patchTrainingOrderStatus,
[platform]      | ^^^^^^^^^^^^^^^^^^^^^^^^^^^
[platform] > 38 |   TrainingsApiError,
[platform]      | ^^^^^^^^^^^^^^^^^^^^
[platform] > 39 |   type CreateLiveSessionPayload,
[platform]      | ^^^^^^^^^^^^^^^^^^^^^^^^^^^^^^^^
[platform] > 40 |   type CreateTrainingSectionPayload,
[platform]      | ^^^^^^^^^^^^^^^^^^^^^^^^^^^^^^^^^^^^
[platform] > 41 | } from "./trainings.service";
[platform]      | ^^^^^^^^^^^^^^^^^^^^^^^^^^^^^
[platform]   42 | import { formatTrainingDate, humanizeLabel } from "./detail-formatters";
[platform]   43 |
[platform]   44 | function SectionCard({ title, children, action }: { title: string; children: React.ReactNo...
[platform] 
[platform] The export deleteTrainingAssignment was not found in module [project]/packages/features/enterprise-trainings/src/trainings.service.ts [app-ssr] (ecmascript).
[platform] Did you mean to import deleteTrainingAssessment?
[platform] All exports of the module are statically known (It doesn't have dynamic exports). So it's known statically that the requested export doesn't exist.
[platform] 
[platform] Import traces:
[platform]   Client Component Browser:
[platform]     ./packages/features/enterprise-trainings/src/TrainingDetailsSections.tsx [Client Component Browser]
[platform]     ./packages/features/enterprise-trainings/src/TrainingDetailsScreen.tsx [Client Component Browser]
[platform]     ./packages/features/enterprise-trainings/src/index.ts [Client Component Browser]
[platform]     ./packages/features/platform-marketplace-static/src/PlatformProgramsScreen.tsx [Client Component Browser]
[platform]     ./packages/features/platform-marketplace-static/src/PlatformProgramsScreen.tsx [Server Component]
[platform]     ./packages/features/platform-marketplace-static/src/index.ts [Server Component]
[platform]     ./apps/platform-admin/src/app/trainings/page.tsx [Server Component]
[platform] 
[platform]   Client Component SSR:
[platform]     ./packages/features/enterprise-trainings/src/TrainingDetailsSections.tsx [Client Component SSR]
[platform]     ./packages/features/enterprise-trainings/src/TrainingDetailsScreen.tsx [Client Component SSR]
[platform]     ./packages/features/enterprise-trainings/src/index.ts [Client Component SSR]
[platform]     ./packages/features/platform-marketplace-static/src/PlatformProgramsScreen.tsx [Client Component SSR]
[platform]     ./packages/features/platform-marketplace-static/src/PlatformProgramsScreen.tsx [Server Component]
[platform]     ./packages/features/platform-marketplace-static/src/index.ts [Server Component]
[platform]     ./apps/platform-admin/src/app/trainings/page.tsx [Server Component] 
[platform] [browser] ./packages/features/enterprise-trainings/src/TrainingDetailsSections.tsx:5:1
[platform] Export deleteTrainingAssignment doesn't exist in target module
[platform]    3 | import { useState } from "react";
[platform]    4 | import { useMutation, useQuery, useQueryClient } from "@tanstack/react-query";
[platform] >  5 | import {
[platform]      | ^^^^^^^
[platform] >  6 |   addAssessmentQuestions,
[platform]      | ^^^^^^^^^^^^^^^^^^^^^^^^^
[platform] >  7 |   approveTrainingEnrolment,
[platform]      | ^^^^^^^^^^^^^^^^^^^^^^^^^^^
[platform] >  8 |   cancelTrainingEnrolment,
[platform]      | ^^^^^^^^^^^^^^^^^^^^^^^^^^
[platform] >  9 |   completeTrainingLesson,
[platform]      | ^^^^^^^^^^^^^^^^^^^^^^^^^
[platform] > 10 |   createDiscussionReply,
[platform]      | ^^^^^^^^^^^^^^^^^^^^^^^^
[platform] > 11 |   createTrainingAnnouncement,
[platform]      | ^^^^^^^^^^^^^^^^^^^^^^^^^^^^^
[platform] > 12 |   createTrainingAssignment,
[platform]      | ^^^^^^^^^^^^^^^^^^^^^^^^^^^
[platform] > 13 |   createTrainingAssessment,
[platform]      | ^^^^^^^^^^^^^^^^^^^^^^^^^^^
[platform] > 14 |   createTrainingDiscussion,
[platform]      | ^^^^^^^^^^^^^^^^^^^^^^^^^^^
[platform] > 15 |   createTrainingLesson,
[platform]      | ^^^^^^^^^^^^^^^^^^^^^^^
[platform] > 16 |   createTrainingLiveSession,
[platform]      | ^^^^^^^^^^^^^^^^^^^^^^^^^^^^
[platform] > 17 |   createTrainingSection,
[platform]      | ^^^^^^^^^^^^^^^^^^^^^^^^
[platform] > 18 |   deleteTrainingAssessment,
[platform]      | ^^^^^^^^^^^^^^^^^^^^^^^^^^^
[platform] > 19 |   deleteTrainingAssignment,
[platform]      | ^^^^^^^^^^^^^^^^^^^^^^^^^^^
[platform] > 20 |   deleteTrainingLesson,
[platform]      | ^^^^^^^^^^^^^^^^^^^^^^^
[platform] > 21 |   deleteTrainingSection,
[platform]      | ^^^^^^^^^^^^^^^^^^^^^^^^
[platform] > 22 |   exportLiveSessionAttendance,
[platform]      | ^^^^^^^^^^^^^^^^^^^^^^^^^^^^^^
[platform] > 23 |   getLiveSessionAttendance,
[platform]      | ^^^^^^^^^^^^^^^^^^^^^^^^^^^
[platform] > 24 |   getTrainingContent,
[platform]      | ^^^^^^^^^^^^^^^^^^^^^
[platform] > 25 |   getTrainingProgress,
[platform]      | ^^^^^^^^^^^^^^^^^^^^^^
[platform] > 26 |   getTrainingSections,
[platform]      | ^^^^^^^^^^^^^^^^^^^^^^
[platform] > 27 |   listTrainingAnnouncements,
[platform]      | ^^^^^^^^^^^^^^^^^^^^^^^^^^^^
[platform] > 28 |   listTrainingAssignments,
[platform]      | ^^^^^^^^^^^^^^^^^^^^^^^^^^
[platform] > 29 |   listTrainingAssessments,
[platform]      | ^^^^^^^^^^^^^^^^^^^^^^^^^^
[platform] > 30 |   listTrainingDiscussions,
[platform]      | ^^^^^^^^^^^^^^^^^^^^^^^^^^
[platform] > 31 |   enrolInTraining,
[platform]      | ^^^^^^^^^^^^^^^^^^
[platform] > 32 |   listTrainingEnrolments,
[platform]      | ^^^^^^^^^^^^^^^^^^^^^^^^^
[platform] > 33 |   listTrainingLiveSessions,
[platform]      | ^^^^^^^^^^^^^^^^^^^^^^^^^^^
[platform] > 34 |   listTrainingOrders,
[platform]      | ^^^^^^^^^^^^^^^^^^^^^
[platform] > 35 |   markLiveSessionAttendance,
[platform]      | ^^^^^^^^^^^^^^^^^^^^^^^^^^^^
[platform] > 36 |   refundTrainingOrder,
[platform]      | ^^^^^^^^^^^^^^^^^^^^^^
[platform] > 37 |   patchTrainingOrderStatus,
[platform]      | ^^^^^^^^^^^^^^^^^^^^^^^^^^^
[platform] > 38 |   TrainingsApiError,
[platform]      | ^^^^^^^^^^^^^^^^^^^^
[platform] > 39 |   type CreateLiveSessionPayload,
[platform]      | ^^^^^^^^^^^^^^^^^^^^^^^^^^^^^^^^
[platform] > 40 |   type CreateTrainingSectionPayload,
[platform]      | ^^^^^^^^^^^^^^^^^^^^^^^^^^^^^^^^^^^^
[platform] > 41 | } from "./trainings.service";
[platform]      | ^^^^^^^^^^^^^^^^^^^^^^^^^^^^^
[platform]   42 | import { formatTrainingDate, humanizeLabel } from "./detail-formatters";
[platform]   43 |
[platform]   44 | function SectionCard({ title, children, action }: { title: string; children: React.ReactNo...
[platform] 
[platform] The export deleteTrainingAssignment was not found in module [project]/packages/features/enterprise-trainings/src/trainings.service.ts [app-client] (ecmascript).
[platform] Did you mean to import deleteTrainingAssessment?
[platform] All exports of the module are statically known (It doesn't have dynamic exports). So it's known statically that the requested export doesn't exist.
[platform] 
[platform] Import traces:
[platform]   Client Component Browser:
[platform]     ./packages/features/enterprise-trainings/src/TrainingDetailsSections.tsx [Client Component Browser]
[platform]     ./packages/features/enterprise-trainings/src/TrainingDetailsScreen.tsx [Client Component Browser]
[platform]     ./packages/features/enterprise-trainings/src/index.ts [Client Component Browser]
[platform]     ./packages/features/platform-marketplace-static/src/PlatformProgramsScreen.tsx [Client Component Browser]
[platform]     ./packages/features/platform-marketplace-static/src/PlatformProgramsScreen.tsx [Server Component]
[platform]     ./packages/features/platform-marketplace-static/src/index.ts [Server Component]
[platform]     ./apps/platform-admin/src/app/trainings/page.tsx [Server Component]
[platform] 
[platform]   Client Component SSR:
[platform]     ./packages/features/enterprise-trainings/src/TrainingDetailsSections.tsx [Client Component SSR]
[platform]     ./packages/features/enterprise-trainings/src/TrainingDetailsScreen.tsx [Client Component SSR]
[platform]     ./packages/features/enterprise-trainings/src/index.ts [Client Component SSR]
[platform]     ./packages/features/platform-marketplace-static/src/PlatformProgramsScreen.tsx [Client Component SSR]
[platform]     ./packages/features/platform-marketplace-static/src/PlatformProgramsScreen.tsx [Server Component]
[platform]     ./packages/features/platform-marketplace-static/src/index.ts [Server Component]
[platform]     ./apps/platform-admin/src/app/trainings/page.tsx [Server Component] 
[platform] [browser] ./packages/features/enterprise-trainings/src/TrainingDetailsSections.tsx:5:1
[platform] Export deleteTrainingAssignment doesn't exist in target module
[platform]    3 | import { useState } from "react";
[platform]    4 | import { useMutation, useQuery, useQueryClient } from "@tanstack/react-query";
[platform] >  5 | import {
[platform]      | ^^^^^^^
[platform] >  6 |   addAssessmentQuestions,
[platform]      | ^^^^^^^^^^^^^^^^^^^^^^^^^
[platform] >  7 |   approveTrainingEnrolment,
[platform]      | ^^^^^^^^^^^^^^^^^^^^^^^^^^^
[platform] >  8 |   cancelTrainingEnrolment,
[platform]      | ^^^^^^^^^^^^^^^^^^^^^^^^^^
[platform] >  9 |   completeTrainingLesson,
[platform]      | ^^^^^^^^^^^^^^^^^^^^^^^^^
[platform] > 10 |   createDiscussionReply,
[platform]      | ^^^^^^^^^^^^^^^^^^^^^^^^
[platform] > 11 |   createTrainingAnnouncement,
[platform]      | ^^^^^^^^^^^^^^^^^^^^^^^^^^^^^
[platform] > 12 |   createTrainingAssignment,
[platform]      | ^^^^^^^^^^^^^^^^^^^^^^^^^^^
[platform] > 13 |   createTrainingAssessment,
[platform]      | ^^^^^^^^^^^^^^^^^^^^^^^^^^^
[platform] > 14 |   createTrainingDiscussion,
[platform]      | ^^^^^^^^^^^^^^^^^^^^^^^^^^^
[platform] > 15 |   createTrainingLesson,
[platform]      | ^^^^^^^^^^^^^^^^^^^^^^^
[platform] > 16 |   createTrainingLiveSession,
[platform]      | ^^^^^^^^^^^^^^^^^^^^^^^^^^^^
[platform] > 17 |   createTrainingSection,
[platform]      | ^^^^^^^^^^^^^^^^^^^^^^^^
[platform] > 18 |   deleteTrainingAssessment,
[platform]      | ^^^^^^^^^^^^^^^^^^^^^^^^^^^
[platform] > 19 |   deleteTrainingAssignment,
[platform]      | ^^^^^^^^^^^^^^^^^^^^^^^^^^^
[platform] > 20 |   deleteTrainingLesson,
[platform]      | ^^^^^^^^^^^^^^^^^^^^^^^
[platform] > 21 |   deleteTrainingSection,
[platform]      | ^^^^^^^^^^^^^^^^^^^^^^^^
[platform] > 22 |   exportLiveSessionAttendance,
[platform]      | ^^^^^^^^^^^^^^^^^^^^^^^^^^^^^^
[platform] > 23 |   getLiveSessionAttendance,
[platform]      | ^^^^^^^^^^^^^^^^^^^^^^^^^^^
[platform] > 24 |   getTrainingContent,
[platform]      | ^^^^^^^^^^^^^^^^^^^^^
[platform] > 25 |   getTrainingProgress,
[platform]      | ^^^^^^^^^^^^^^^^^^^^^^
[platform] > 26 |   getTrainingSections,
[platform]      | ^^^^^^^^^^^^^^^^^^^^^^
[platform] > 27 |   listTrainingAnnouncements,
[platform]      | ^^^^^^^^^^^^^^^^^^^^^^^^^^^^
[platform] > 28 |   listTrainingAssignments,
[platform]      | ^^^^^^^^^^^^^^^^^^^^^^^^^^
[platform] > 29 |   listTrainingAssessments,
[platform]      | ^^^^^^^^^^^^^^^^^^^^^^^^^^
[platform] > 30 |   listTrainingDiscussions,
[platform]      | ^^^^^^^^^^^^^^^^^^^^^^^^^^
[platform] > 31 |   enrolInTraining,
[platform]      | ^^^^^^^^^^^^^^^^^^
[platform] > 32 |   listTrainingEnrolments,
[platform]      | ^^^^^^^^^^^^^^^^^^^^^^^^^
[platform] > 33 |   listTrainingLiveSessions,
[platform]      | ^^^^^^^^^^^^^^^^^^^^^^^^^^^
[platform] > 34 |   listTrainingOrders,
[platform]      | ^^^^^^^^^^^^^^^^^^^^^
[platform] > 35 |   markLiveSessionAttendance,
[platform]      | ^^^^^^^^^^^^^^^^^^^^^^^^^^^^
[platform] > 36 |   refundTrainingOrder,
[platform]      | ^^^^^^^^^^^^^^^^^^^^^^
[platform] > 37 |   patchTrainingOrderStatus,
[platform]      | ^^^^^^^^^^^^^^^^^^^^^^^^^^^
[platform] > 38 |   TrainingsApiError,
[platform]      | ^^^^^^^^^^^^^^^^^^^^
[platform] > 39 |   type CreateLiveSessionPayload,
[platform]      | ^^^^^^^^^^^^^^^^^^^^^^^^^^^^^^^^
[platform] > 40 |   type CreateTrainingSectionPayload,
[platform]      | ^^^^^^^^^^^^^^^^^^^^^^^^^^^^^^^^^^^^
[platform] > 41 | } from "./trainings.service";
[platform]      | ^^^^^^^^^^^^^^^^^^^^^^^^^^^^^
[platform]   42 | import { formatTrainingDate, humanizeLabel } from "./detail-formatters";
[platform]   43 |
[platform]   44 | function SectionCard({ title, children, action }: { title: string; children: React.ReactNo...
[platform] 
[platform] The export deleteTrainingAssignment was not found in module [project]/packages/features/enterprise-trainings/src/trainings.service.ts [app-ssr] (ecmascript).
[platform] Did you mean to import deleteTrainingAssessment?
[platform] All exports of the module are statically known (It doesn't have dynamic exports). So it's known statically that the requested export doesn't exist.
[platform] 
[platform] Import traces:
[platform]   Client Component Browser:
[platform]     ./packages/features/enterprise-trainings/src/TrainingDetailsSections.tsx [Client Component Browser]
[platform]     ./packages/features/enterprise-trainings/src/TrainingDetailsScreen.tsx [Client Component Browser]
[platform]     ./packages/features/enterprise-trainings/src/index.ts [Client Component Browser]
[platform]     ./packages/features/platform-marketplace-static/src/PlatformProgramsScreen.tsx [Client Component Browser]
[platform]     ./packages/features/platform-marketplace-static/src/PlatformProgramsScreen.tsx [Server Component]
[platform]     ./packages/features/platform-marketplace-static/src/index.ts [Server Component]
[platform]     ./apps/platform-admin/src/app/trainings/page.tsx [Server Component]
[platform] 
[platform]   Client Component SSR:
[platform]     ./packages/features/enterprise-trainings/src/TrainingDetailsSections.tsx [Client Component SSR]
[platform]     ./packages/features/enterprise-trainings/src/TrainingDetailsScreen.tsx [Client Component SSR]
[platform]     ./packages/features/enterprise-trainings/src/index.ts [Client Component SSR]
[platform]     ./packages/features/platform-marketplace-static/src/PlatformProgramsScreen.tsx [Client Component SSR]
[platform]     ./packages/features/platform-marketplace-static/src/PlatformProgramsScreen.tsx [Server Component]
[platform]     ./packages/features/platform-marketplace-static/src/index.ts [Server Component]
[platform]     ./apps/platform-admin/src/app/trainings/page.tsx [Server Component] 
[platform] [browser] ./packages/features/enterprise-trainings/src/TrainingDetailsSections.tsx:5:1
[platform] Export deleteTrainingAssignment doesn't exist in target module
[platform]    3 | import { useState } from "react";
[platform]    4 | import { useMutation, useQuery, useQueryClient } from "@tanstack/react-query";
[platform] >  5 | import {
[platform]      | ^^^^^^^
[platform] >  6 |   addAssessmentQuestions,
[platform]      | ^^^^^^^^^^^^^^^^^^^^^^^^^
[platform] >  7 |   approveTrainingEnrolment,
[platform]      | ^^^^^^^^^^^^^^^^^^^^^^^^^^^
[platform] >  8 |   cancelTrainingEnrolment,
[platform]      | ^^^^^^^^^^^^^^^^^^^^^^^^^^
[platform] >  9 |   completeTrainingLesson,
[platform]      | ^^^^^^^^^^^^^^^^^^^^^^^^^
[platform] > 10 |   createDiscussionReply,
[platform]      | ^^^^^^^^^^^^^^^^^^^^^^^^
[platform] > 11 |   createTrainingAnnouncement,
[platform]      | ^^^^^^^^^^^^^^^^^^^^^^^^^^^^^
[platform] > 12 |   createTrainingAssignment,
[platform]      | ^^^^^^^^^^^^^^^^^^^^^^^^^^^
[platform] > 13 |   createTrainingAssessment,
[platform]      | ^^^^^^^^^^^^^^^^^^^^^^^^^^^
[platform] > 14 |   createTrainingDiscussion,
[platform]      | ^^^^^^^^^^^^^^^^^^^^^^^^^^^
[platform] > 15 |   createTrainingLesson,
[platform]      | ^^^^^^^^^^^^^^^^^^^^^^^
[platform] > 16 |   createTrainingLiveSession,
[platform]      | ^^^^^^^^^^^^^^^^^^^^^^^^^^^^
[platform] > 17 |   createTrainingSection,
[platform]      | ^^^^^^^^^^^^^^^^^^^^^^^^
[platform] > 18 |   deleteTrainingAssessment,
[platform]      | ^^^^^^^^^^^^^^^^^^^^^^^^^^^
[platform] > 19 |   deleteTrainingAssignment,
[platform]      | ^^^^^^^^^^^^^^^^^^^^^^^^^^^
[platform] > 20 |   deleteTrainingLesson,
[platform]      | ^^^^^^^^^^^^^^^^^^^^^^^
[platform] > 21 |   deleteTrainingSection,
[platform]      | ^^^^^^^^^^^^^^^^^^^^^^^^
[platform] > 22 |   exportLiveSessionAttendance,
[platform]      | ^^^^^^^^^^^^^^^^^^^^^^^^^^^^^^
[platform] > 23 |   getLiveSessionAttendance,
[platform]      | ^^^^^^^^^^^^^^^^^^^^^^^^^^^
[platform] > 24 |   getTrainingContent,
[platform]      | ^^^^^^^^^^^^^^^^^^^^^
[platform] > 25 |   getTrainingProgress,
[platform]      | ^^^^^^^^^^^^^^^^^^^^^^
[platform] > 26 |   getTrainingSections,
[platform]      | ^^^^^^^^^^^^^^^^^^^^^^
[platform] > 27 |   listTrainingAnnouncements,
[platform]      | ^^^^^^^^^^^^^^^^^^^^^^^^^^^^
[platform] > 28 |   listTrainingAssignments,
[platform]      | ^^^^^^^^^^^^^^^^^^^^^^^^^^
[platform] > 29 |   listTrainingAssessments,
[platform]      | ^^^^^^^^^^^^^^^^^^^^^^^^^^
[platform] > 30 |   listTrainingDiscussions,
[platform]      | ^^^^^^^^^^^^^^^^^^^^^^^^^^
[platform] > 31 |   enrolInTraining,
[platform]      | ^^^^^^^^^^^^^^^^^^
[platform] > 32 |   listTrainingEnrolments,
[platform]      | ^^^^^^^^^^^^^^^^^^^^^^^^^
[platform] > 33 |   listTrainingLiveSessions,
[platform]      | ^^^^^^^^^^^^^^^^^^^^^^^^^^^
[platform] > 34 |   listTrainingOrders,
[platform]      | ^^^^^^^^^^^^^^^^^^^^^
[platform] > 35 |   markLiveSessionAttendance,
[platform]      | ^^^^^^^^^^^^^^^^^^^^^^^^^^^^
[platform] > 36 |   refundTrainingOrder,
[platform]      | ^^^^^^^^^^^^^^^^^^^^^^
[platform] > 37 |   patchTrainingOrderStatus,
[platform]      | ^^^^^^^^^^^^^^^^^^^^^^^^^^^
[platform] > 38 |   TrainingsApiError,
[platform]      | ^^^^^^^^^^^^^^^^^^^^
[platform] > 39 |   type CreateLiveSessionPayload,
[platform]      | ^^^^^^^^^^^^^^^^^^^^^^^^^^^^^^^^
[platform] > 40 |   type CreateTrainingSectionPayload,
[platform]      | ^^^^^^^^^^^^^^^^^^^^^^^^^^^^^^^^^^^^
[platform] > 41 | } from "./trainings.service";
[platform]      | ^^^^^^^^^^^^^^^^^^^^^^^^^^^^^
[platform]   42 | import { formatTrainingDate, humanizeLabel } from "./detail-formatters";
[platform]   43 |
[platform]   44 | function SectionCard({ title, children, action }: { title: string; children: React.ReactNo...
[platform] 
[platform] The export deleteTrainingAssignment was not found in module [project]/packages/features/enterprise-trainings/src/trainings.service.ts [app-client] (ecmascript).
[platform] Did you mean to import deleteTrainingAssessment?
[platform] All exports of the module are statically known (It doesn't have dynamic exports). So it's known statically that the requested export doesn't exist.
[platform] 
[platform] Import traces:
[platform]   Client Component Browser:
[platform]     ./packages/features/enterprise-trainings/src/TrainingDetailsSections.tsx [Client Component Browser]
[platform]     ./packages/features/enterprise-trainings/src/TrainingDetailsScreen.tsx [Client Component Browser]
[platform]     ./packages/features/enterprise-trainings/src/index.ts [Client Component Browser]
[platform]     ./packages/features/platform-marketplace-static/src/PlatformProgramsScreen.tsx [Client Component Browser]
[platform]     ./packages/features/platform-marketplace-static/src/PlatformProgramsScreen.tsx [Server Component]
[platform]     ./packages/features/platform-marketplace-static/src/index.ts [Server Component]
[platform]     ./apps/platform-admin/src/app/trainings/page.tsx [Server Component]
[platform] 
[platform]   Client Component SSR:
[platform]     ./packages/features/enterprise-trainings/src/TrainingDetailsSections.tsx [Client Component SSR]
[platform]     ./packages/features/enterprise-trainings/src/TrainingDetailsScreen.tsx [Client Component SSR]
[platform]     ./packages/features/enterprise-trainings/src/index.ts [Client Component SSR]
[platform]     ./packages/features/platform-marketplace-static/src/PlatformProgramsScreen.tsx [Client Component SSR]
[platform]     ./packages/features/platform-marketplace-static/src/PlatformProgramsScreen.tsx [Server Component]
[platform]     ./packages/features/platform-marketplace-static/src/index.ts [Server Component]
[platform]     ./apps/platform-admin/src/app/trainings/page.tsx [Server Component] 
[platform] [browser] ./packages/features/enterprise-trainings/src/TrainingDetailsSections.tsx:5:1
[platform] Export deleteTrainingAssignment doesn't exist in target module
[platform]    3 | import { useState } from "react";
[platform]    4 | import { useMutation, useQuery, useQueryClient } from "@tanstack/react-query";
[platform] >  5 | import {
[platform]      | ^^^^^^^
[platform] >  6 |   addAssessmentQuestions,
[platform]      | ^^^^^^^^^^^^^^^^^^^^^^^^^
[platform] >  7 |   approveTrainingEnrolment,
[platform]      | ^^^^^^^^^^^^^^^^^^^^^^^^^^^
[platform] >  8 |   cancelTrainingEnrolment,
[platform]      | ^^^^^^^^^^^^^^^^^^^^^^^^^^
[platform] >  9 |   completeTrainingLesson,
[platform]      | ^^^^^^^^^^^^^^^^^^^^^^^^^
[platform] > 10 |   createDiscussionReply,
[platform]      | ^^^^^^^^^^^^^^^^^^^^^^^^
[platform] > 11 |   createTrainingAnnouncement,
[platform]      | ^^^^^^^^^^^^^^^^^^^^^^^^^^^^^
[platform] > 12 |   createTrainingAssignment,
[platform]      | ^^^^^^^^^^^^^^^^^^^^^^^^^^^
[platform] > 13 |   createTrainingAssessment,
[platform]      | ^^^^^^^^^^^^^^^^^^^^^^^^^^^
[platform] > 14 |   createTrainingDiscussion,
[platform]      | ^^^^^^^^^^^^^^^^^^^^^^^^^^^
[platform] > 15 |   createTrainingLesson,
[platform]      | ^^^^^^^^^^^^^^^^^^^^^^^
[platform] > 16 |   createTrainingLiveSession,
[platform]      | ^^^^^^^^^^^^^^^^^^^^^^^^^^^^
[platform] > 17 |   createTrainingSection,
[platform]      | ^^^^^^^^^^^^^^^^^^^^^^^^
[platform] > 18 |   deleteTrainingAssessment,
[platform]      | ^^^^^^^^^^^^^^^^^^^^^^^^^^^
[platform] > 19 |   deleteTrainingAssignment,
[platform]      | ^^^^^^^^^^^^^^^^^^^^^^^^^^^
[platform] > 20 |   deleteTrainingLesson,
[platform]      | ^^^^^^^^^^^^^^^^^^^^^^^
[platform] > 21 |   deleteTrainingSection,
[platform]      | ^^^^^^^^^^^^^^^^^^^^^^^^
[platform] > 22 |   exportLiveSessionAttendance,
[platform]      | ^^^^^^^^^^^^^^^^^^^^^^^^^^^^^^
[platform] > 23 |   getLiveSessionAttendance,
[platform]      | ^^^^^^^^^^^^^^^^^^^^^^^^^^^
[platform] > 24 |   getTrainingContent,
[platform]      | ^^^^^^^^^^^^^^^^^^^^^
[platform] > 25 |   getTrainingProgress,
[platform]      | ^^^^^^^^^^^^^^^^^^^^^^
[platform] > 26 |   getTrainingSections,
[platform]      | ^^^^^^^^^^^^^^^^^^^^^^
[platform] > 27 |   listTrainingAnnouncements,
[platform]      | ^^^^^^^^^^^^^^^^^^^^^^^^^^^^
[platform] > 28 |   listTrainingAssignments,
[platform]      | ^^^^^^^^^^^^^^^^^^^^^^^^^^
[platform] > 29 |   listTrainingAssessments,
[platform]      | ^^^^^^^^^^^^^^^^^^^^^^^^^^
[platform] > 30 |   listTrainingDiscussions,
[platform]      | ^^^^^^^^^^^^^^^^^^^^^^^^^^
[platform] > 31 |   enrolInTraining,
[platform]      | ^^^^^^^^^^^^^^^^^^
[platform] > 32 |   listTrainingEnrolments,
[platform]      | ^^^^^^^^^^^^^^^^^^^^^^^^^
[platform] > 33 |   listTrainingLiveSessions,
[platform]      | ^^^^^^^^^^^^^^^^^^^^^^^^^^^
[platform] > 34 |   listTrainingOrders,
[platform]      | ^^^^^^^^^^^^^^^^^^^^^
[platform] > 35 |   markLiveSessionAttendance,
[platform]      | ^^^^^^^^^^^^^^^^^^^^^^^^^^^^
[platform] > 36 |   refundTrainingOrder,
[platform]      | ^^^^^^^^^^^^^^^^^^^^^^
[platform] > 37 |   patchTrainingOrderStatus,
[platform]      | ^^^^^^^^^^^^^^^^^^^^^^^^^^^
[platform] > 38 |   TrainingsApiError,
[platform]      | ^^^^^^^^^^^^^^^^^^^^
[platform] > 39 |   type CreateLiveSessionPayload,
[platform]      | ^^^^^^^^^^^^^^^^^^^^^^^^^^^^^^^^
[platform] > 40 |   type CreateTrainingSectionPayload,
[platform]      | ^^^^^^^^^^^^^^^^^^^^^^^^^^^^^^^^^^^^
[platform] > 41 | } from "./trainings.service";
[platform]      | ^^^^^^^^^^^^^^^^^^^^^^^^^^^^^
[platform]   42 | import { formatTrainingDate, humanizeLabel } from "./detail-formatters";
[platform]   43 |
[platform]   44 | function SectionCard({ title, children, action }: { title: string; children: React.ReactNo...
[platform] 
[platform] The export deleteTrainingAssignment was not found in module [project]/packages/features/enterprise-trainings/src/trainings.service.ts [app-ssr] (ecmascript).
[platform] Did you mean to import deleteTrainingAssessment?
[platform] All exports of the module are statically known (It doesn't have dynamic exports). So it's known statically that the requested export doesn't exist.
[platform] 
[platform] Import traces:
[platform]   Client Component Browser:
[platform]     ./packages/features/enterprise-trainings/src/TrainingDetailsSections.tsx [Client Component Browser]
[platform]     ./packages/features/enterprise-trainings/src/TrainingDetailsScreen.tsx [Client Component Browser]
[platform]     ./packages/features/enterprise-trainings/src/index.ts [Client Component Browser]
[platform]     ./packages/features/platform-marketplace-static/src/PlatformProgramsScreen.tsx [Client Component Browser]
[platform]     ./packages/features/platform-marketplace-static/src/PlatformProgramsScreen.tsx [Server Component]
[platform]     ./packages/features/platform-marketplace-static/src/index.ts [Server Component]
[platform]     ./apps/platform-admin/src/app/trainings/page.tsx [Server Component]
[platform] 
[platform]   Client Component SSR:
[platform]     ./packages/features/enterprise-trainings/src/TrainingDetailsSections.tsx [Client Component SSR]
[platform]     ./packages/features/enterprise-trainings/src/TrainingDetailsScreen.tsx [Client Component SSR]
[platform]     ./packages/features/enterprise-trainings/src/index.ts [Client Component SSR]
[platform]     ./packages/features/platform-marketplace-static/src/PlatformProgramsScreen.tsx [Client Component SSR]
[platform]     ./packages/features/platform-marketplace-static/src/PlatformProgramsScreen.tsx [Server Component]
[platform]     ./packages/features/platform-marketplace-static/src/index.ts [Server Component]
[platform]     ./apps/platform-admin/src/app/trainings/page.tsx [Server Component] 
[platform] [browser] ./packages/features/enterprise-trainings/src/TrainingDetailsSections.tsx:5:1
[platform] Export deleteTrainingAssignment doesn't exist in target module
[platform]    3 | import { useState } from "react";
[platform]    4 | import { useMutation, useQuery, useQueryClient } from "@tanstack/react-query";
[platform] >  5 | import {
[platform]      | ^^^^^^^
[platform] >  6 |   addAssessmentQuestions,
[platform]      | ^^^^^^^^^^^^^^^^^^^^^^^^^
[platform] >  7 |   approveTrainingEnrolment,
[platform]      | ^^^^^^^^^^^^^^^^^^^^^^^^^^^
[platform] >  8 |   cancelTrainingEnrolment,
[platform]      | ^^^^^^^^^^^^^^^^^^^^^^^^^^
[platform] >  9 |   completeTrainingLesson,
[platform]      | ^^^^^^^^^^^^^^^^^^^^^^^^^
[platform] > 10 |   createDiscussionReply,
[platform]      | ^^^^^^^^^^^^^^^^^^^^^^^^
[platform] > 11 |   createTrainingAnnouncement,
[platform]      | ^^^^^^^^^^^^^^^^^^^^^^^^^^^^^
[platform] > 12 |   createTrainingAssignment,
[platform]      | ^^^^^^^^^^^^^^^^^^^^^^^^^^^
[platform] > 13 |   createTrainingAssessment,
[platform]      | ^^^^^^^^^^^^^^^^^^^^^^^^^^^
[platform] > 14 |   createTrainingDiscussion,
[platform]      | ^^^^^^^^^^^^^^^^^^^^^^^^^^^
[platform] > 15 |   createTrainingLesson,
[platform]      | ^^^^^^^^^^^^^^^^^^^^^^^
[platform] > 16 |   createTrainingLiveSession,
[platform]      | ^^^^^^^^^^^^^^^^^^^^^^^^^^^^
[platform] > 17 |   createTrainingSection,
[platform]      | ^^^^^^^^^^^^^^^^^^^^^^^^
[platform] > 18 |   deleteTrainingAssessment,
[platform]      | ^^^^^^^^^^^^^^^^^^^^^^^^^^^
[platform] > 19 |   deleteTrainingAssignment,
[platform]      | ^^^^^^^^^^^^^^^^^^^^^^^^^^^
[platform] > 20 |   deleteTrainingLesson,
[platform]      | ^^^^^^^^^^^^^^^^^^^^^^^
[platform] > 21 |   deleteTrainingSection,
[platform]      | ^^^^^^^^^^^^^^^^^^^^^^^^
[platform] > 22 |   exportLiveSessionAttendance,
[platform]      | ^^^^^^^^^^^^^^^^^^^^^^^^^^^^^^
[platform] > 23 |   getLiveSessionAttendance,
[platform]      | ^^^^^^^^^^^^^^^^^^^^^^^^^^^
[platform] > 24 |   getTrainingContent,
[platform]      | ^^^^^^^^^^^^^^^^^^^^^
[platform] > 25 |   getTrainingProgress,
[platform]      | ^^^^^^^^^^^^^^^^^^^^^^
[platform] > 26 |   getTrainingSections,
[platform]      | ^^^^^^^^^^^^^^^^^^^^^^
[platform] > 27 |   listTrainingAnnouncements,
[platform]      | ^^^^^^^^^^^^^^^^^^^^^^^^^^^^
[platform] > 28 |   listTrainingAssignments,
[platform]      | ^^^^^^^^^^^^^^^^^^^^^^^^^^
[platform] > 29 |   listTrainingAssessments,
[platform]      | ^^^^^^^^^^^^^^^^^^^^^^^^^^
[platform] > 30 |   listTrainingDiscussions,
[platform]      | ^^^^^^^^^^^^^^^^^^^^^^^^^^
[platform] > 31 |   enrolInTraining,
[platform]      | ^^^^^^^^^^^^^^^^^^
[platform] > 32 |   listTrainingEnrolments,
[platform]      | ^^^^^^^^^^^^^^^^^^^^^^^^^
[platform] > 33 |   listTrainingLiveSessions,
[platform]      | ^^^^^^^^^^^^^^^^^^^^^^^^^^^
[platform] > 34 |   listTrainingOrders,
[platform]      | ^^^^^^^^^^^^^^^^^^^^^
[platform] > 35 |   markLiveSessionAttendance,
[platform]      | ^^^^^^^^^^^^^^^^^^^^^^^^^^^^
[platform] > 36 |   refundTrainingOrder,
[platform]      | ^^^^^^^^^^^^^^^^^^^^^^
[platform] > 37 |   patchTrainingOrderStatus,
[platform]      | ^^^^^^^^^^^^^^^^^^^^^^^^^^^
[platform] > 38 |   TrainingsApiError,
[platform]      | ^^^^^^^^^^^^^^^^^^^^
[platform] > 39 |   type CreateLiveSessionPayload,
[platform]      | ^^^^^^^^^^^^^^^^^^^^^^^^^^^^^^^^
[platform] > 40 |   type CreateTrainingSectionPayload,
[platform]      | ^^^^^^^^^^^^^^^^^^^^^^^^^^^^^^^^^^^^
[platform] > 41 | } from "./trainings.service";
[platform]      | ^^^^^^^^^^^^^^^^^^^^^^^^^^^^^
[platform]   42 | import { formatTrainingDate, humanizeLabel } from "./detail-formatters";
[platform]   43 |
[platform]   44 | function SectionCard({ title, children, action }: { title: string; children: React.ReactNo...
[platform] 
[platform] The export deleteTrainingAssignment was not found in module [project]/packages/features/enterprise-trainings/src/trainings.service.ts [app-client] (ecmascript).
[platform] Did you mean to import deleteTrainingAssessment?
[platform] All exports of the module are statically known (It doesn't have dynamic exports). So it's known statically that the requested export doesn't exist.
[platform] 
[platform] Import traces:
[platform]   Client Component Browser:
[platform]     ./packages/features/enterprise-trainings/src/TrainingDetailsSections.tsx [Client Component Browser]
[platform]     ./packages/features/enterprise-trainings/src/TrainingDetailsScreen.tsx [Client Component Browser]
[platform]     ./packages/features/enterprise-trainings/src/index.ts [Client Component Browser]
[platform]     ./packages/features/platform-marketplace-static/src/PlatformProgramsScreen.tsx [Client Component Browser]
[platform]     ./packages/features/platform-marketplace-static/src/PlatformProgramsScreen.tsx [Server Component]
[platform]     ./packages/features/platform-marketplace-static/src/index.ts [Server Component]
[platform]     ./apps/platform-admin/src/app/trainings/page.tsx [Server Component]
[platform] 
[platform]   Client Component SSR:
[platform]     ./packages/features/enterprise-trainings/src/TrainingDetailsSections.tsx [Client Component SSR]
[platform]     ./packages/features/enterprise-trainings/src/TrainingDetailsScreen.tsx [Client Component SSR]
[platform]     ./packages/features/enterprise-trainings/src/index.ts [Client Component SSR]
[platform]     ./packages/features/platform-marketplace-static/src/PlatformProgramsScreen.tsx [Client Component SSR]
[platform]     ./packages/features/platform-marketplace-static/src/PlatformProgramsScreen.tsx [Server Component]
[platform]     ./packages/features/platform-marketplace-static/src/index.ts [Server Component]
[platform]     ./apps/platform-admin/src/app/trainings/page.tsx [Server Component] 
[platform] [browser] ./packages/features/enterprise-trainings/src/TrainingDetailsSections.tsx:5:1
[platform] Export deleteTrainingAssignment doesn't exist in target module
[platform]    3 | import { useState } from "react";
[platform]    4 | import { useMutation, useQuery, useQueryClient } from "@tanstack/react-query";
[platform] >  5 | import {
[platform]      | ^^^^^^^
[platform] >  6 |   addAssessmentQuestions,
[platform]      | ^^^^^^^^^^^^^^^^^^^^^^^^^
[platform] >  7 |   approveTrainingEnrolment,
[platform]      | ^^^^^^^^^^^^^^^^^^^^^^^^^^^
[platform] >  8 |   cancelTrainingEnrolment,
[platform]      | ^^^^^^^^^^^^^^^^^^^^^^^^^^
[platform] >  9 |   completeTrainingLesson,
[platform]      | ^^^^^^^^^^^^^^^^^^^^^^^^^
[platform] > 10 |   createDiscussionReply,
[platform]      | ^^^^^^^^^^^^^^^^^^^^^^^^
[platform] > 11 |   createTrainingAnnouncement,
[platform]      | ^^^^^^^^^^^^^^^^^^^^^^^^^^^^^
[platform] > 12 |   createTrainingAssignment,
[platform]      | ^^^^^^^^^^^^^^^^^^^^^^^^^^^
[platform] > 13 |   createTrainingAssessment,
[platform]      | ^^^^^^^^^^^^^^^^^^^^^^^^^^^
[platform] > 14 |   createTrainingDiscussion,
[platform]      | ^^^^^^^^^^^^^^^^^^^^^^^^^^^
[platform] > 15 |   createTrainingLesson,
[platform]      | ^^^^^^^^^^^^^^^^^^^^^^^
[platform] > 16 |   createTrainingLiveSession,
[platform]      | ^^^^^^^^^^^^^^^^^^^^^^^^^^^^
[platform] > 17 |   createTrainingSection,
[platform]      | ^^^^^^^^^^^^^^^^^^^^^^^^
[platform] > 18 |   deleteTrainingAssessment,
[platform]      | ^^^^^^^^^^^^^^^^^^^^^^^^^^^
[platform] > 19 |   deleteTrainingAssignment,
[platform]      | ^^^^^^^^^^^^^^^^^^^^^^^^^^^
[platform] > 20 |   deleteTrainingLesson,
[platform]      | ^^^^^^^^^^^^^^^^^^^^^^^
[platform] > 21 |   deleteTrainingSection,
[platform]      | ^^^^^^^^^^^^^^^^^^^^^^^^
[platform] > 22 |   exportLiveSessionAttendance,
[platform]      | ^^^^^^^^^^^^^^^^^^^^^^^^^^^^^^
[platform] > 23 |   getLiveSessionAttendance,
[platform]      | ^^^^^^^^^^^^^^^^^^^^^^^^^^^
[platform] > 24 |   getTrainingContent,
[platform]      | ^^^^^^^^^^^^^^^^^^^^^
[platform] > 25 |   getTrainingProgress,
[platform]      | ^^^^^^^^^^^^^^^^^^^^^^
[platform] > 26 |   getTrainingSections,
[platform]      | ^^^^^^^^^^^^^^^^^^^^^^
[platform] > 27 |   listTrainingAnnouncements,
[platform]      | ^^^^^^^^^^^^^^^^^^^^^^^^^^^^
[platform] > 28 |   listTrainingAssignments,
[platform]      | ^^^^^^^^^^^^^^^^^^^^^^^^^^
[platform] > 29 |   listTrainingAssessments,
[platform]      | ^^^^^^^^^^^^^^^^^^^^^^^^^^
[platform] > 30 |   listTrainingDiscussions,
[platform]      | ^^^^^^^^^^^^^^^^^^^^^^^^^^
[platform] > 31 |   enrolInTraining,
[platform]      | ^^^^^^^^^^^^^^^^^^
[platform] > 32 |   listTrainingEnrolments,
[platform]      | ^^^^^^^^^^^^^^^^^^^^^^^^^
[platform] > 33 |   listTrainingLiveSessions,
[platform]      | ^^^^^^^^^^^^^^^^^^^^^^^^^^^
[platform] > 34 |   listTrainingOrders,
[platform]      | ^^^^^^^^^^^^^^^^^^^^^
[platform] > 35 |   markLiveSessionAttendance,
[platform]      | ^^^^^^^^^^^^^^^^^^^^^^^^^^^^
[platform] > 36 |   refundTrainingOrder,
[platform]      | ^^^^^^^^^^^^^^^^^^^^^^
[platform] > 37 |   patchTrainingOrderStatus,
[platform]      | ^^^^^^^^^^^^^^^^^^^^^^^^^^^
[platform] > 38 |   TrainingsApiError,
[platform]      | ^^^^^^^^^^^^^^^^^^^^
[platform] > 39 |   type CreateLiveSessionPayload,
[platform]      | ^^^^^^^^^^^^^^^^^^^^^^^^^^^^^^^^
[platform] > 40 |   type CreateTrainingSectionPayload,
[platform]      | ^^^^^^^^^^^^^^^^^^^^^^^^^^^^^^^^^^^^
[platform] > 41 | } from "./trainings.service";
[platform]      | ^^^^^^^^^^^^^^^^^^^^^^^^^^^^^
[platform]   42 | import { formatTrainingDate, humanizeLabel } from "./detail-formatters";
[platform]   43 |
[platform]   44 | function SectionCard({ title, children, action }: { title: string; children: React.ReactNo...
[platform] 
[platform] The export deleteTrainingAssignment was not found in module [project]/packages/features/enterprise-trainings/src/trainings.service.ts [app-ssr] (ecmascript).
[platform] Did you mean to import deleteTrainingAssessment?
[platform] All exports of the module are statically known (It doesn't have dynamic exports). So it's known statically that the requested export doesn't exist.
[platform] 
[platform] Import traces:
[platform]   Client Component Browser:
[platform]     ./packages/features/enterprise-trainings/src/TrainingDetailsSections.tsx [Client Component Browser]
[platform]     ./packages/features/enterprise-trainings/src/TrainingDetailsScreen.tsx [Client Component Browser]
[platform]     ./packages/features/enterprise-trainings/src/index.ts [Client Component Browser]
[platform]     ./packages/features/platform-marketplace-static/src/PlatformProgramsScreen.tsx [Client Component Browser]
[platform]     ./packages/features/platform-marketplace-static/src/PlatformProgramsScreen.tsx [Server Component]
[platform]     ./packages/features/platform-marketplace-static/src/index.ts [Server Component]
[platform]     ./apps/platform-admin/src/app/trainings/page.tsx [Server Component]
[platform] 
[platform]   Client Component SSR:
[platform]     ./packages/features/enterprise-trainings/src/TrainingDetailsSections.tsx [Client Component SSR]
[platform]     ./packages/features/enterprise-trainings/src/TrainingDetailsScreen.tsx [Client Component SSR]
[platform]     ./packages/features/enterprise-trainings/src/index.ts [Client Component SSR]
[platform]     ./packages/features/platform-marketplace-static/src/PlatformProgramsScreen.tsx [Client Component SSR]
[platform]     ./packages/features/platform-marketplace-static/src/PlatformProgramsScreen.tsx [Server Component]
[platform]     ./packages/features/platform-marketplace-static/src/index.ts [Server Component]
[platform]     ./apps/platform-admin/src/app/trainings/page.tsx [Server Component] 
[platform] [browser] ./packages/features/enterprise-trainings/src/TrainingDetailsSections.tsx:5:1
[platform] Export deleteTrainingAssignment doesn't exist in target module
[platform]    3 | import { useState } from "react";
[platform]    4 | import { useMutation, useQuery, useQueryClient } from "@tanstack/react-query";
[platform] >  5 | import {
[platform]      | ^^^^^^^
[platform] >  6 |   addAssessmentQuestions,
[platform]      | ^^^^^^^^^^^^^^^^^^^^^^^^^
[platform] >  7 |   approveTrainingEnrolment,
[platform]      | ^^^^^^^^^^^^^^^^^^^^^^^^^^^
[platform] >  8 |   cancelTrainingEnrolment,
[platform]      | ^^^^^^^^^^^^^^^^^^^^^^^^^^
[platform] >  9 |   completeTrainingLesson,
[platform]      | ^^^^^^^^^^^^^^^^^^^^^^^^^
[platform] > 10 |   createDiscussionReply,
[platform]      | ^^^^^^^^^^^^^^^^^^^^^^^^
[platform] > 11 |   createTrainingAnnouncement,
[platform]      | ^^^^^^^^^^^^^^^^^^^^^^^^^^^^^
[platform] > 12 |   createTrainingAssignment,
[platform]      | ^^^^^^^^^^^^^^^^^^^^^^^^^^^
[platform] > 13 |   createTrainingAssessment,
[platform]      | ^^^^^^^^^^^^^^^^^^^^^^^^^^^
[platform] > 14 |   createTrainingDiscussion,
[platform]      | ^^^^^^^^^^^^^^^^^^^^^^^^^^^
[platform] > 15 |   createTrainingLesson,
[platform]      | ^^^^^^^^^^^^^^^^^^^^^^^
[platform] > 16 |   createTrainingLiveSession,
[platform]      | ^^^^^^^^^^^^^^^^^^^^^^^^^^^^
[platform] > 17 |   createTrainingSection,
[platform]      | ^^^^^^^^^^^^^^^^^^^^^^^^
[platform] > 18 |   deleteTrainingAssessment,
[platform]      | ^^^^^^^^^^^^^^^^^^^^^^^^^^^
[platform] > 19 |   deleteTrainingAssignment,
[platform]      | ^^^^^^^^^^^^^^^^^^^^^^^^^^^
[platform] > 20 |   deleteTrainingLesson,
[platform]      | ^^^^^^^^^^^^^^^^^^^^^^^
[platform] > 21 |   deleteTrainingSection,
[platform]      | ^^^^^^^^^^^^^^^^^^^^^^^^
[platform] > 22 |   exportLiveSessionAttendance,
[platform]      | ^^^^^^^^^^^^^^^^^^^^^^^^^^^^^^
[platform] > 23 |   getLiveSessionAttendance,
[platform]      | ^^^^^^^^^^^^^^^^^^^^^^^^^^^
[platform] > 24 |   getTrainingContent,
[platform]      | ^^^^^^^^^^^^^^^^^^^^^
[platform] > 25 |   getTrainingProgress,
[platform]      | ^^^^^^^^^^^^^^^^^^^^^^
[platform] > 26 |   getTrainingSections,
[platform]      | ^^^^^^^^^^^^^^^^^^^^^^
[platform] > 27 |   listTrainingAnnouncements,
[platform]      | ^^^^^^^^^^^^^^^^^^^^^^^^^^^^
[platform] > 28 |   listTrainingAssignments,
[platform]      | ^^^^^^^^^^^^^^^^^^^^^^^^^^
[platform] > 29 |   listTrainingAssessments,
[platform]      | ^^^^^^^^^^^^^^^^^^^^^^^^^^
[platform] > 30 |   listTrainingDiscussions,
[platform]      | ^^^^^^^^^^^^^^^^^^^^^^^^^^
[platform] > 31 |   enrolInTraining,
[platform]      | ^^^^^^^^^^^^^^^^^^
[platform] > 32 |   listTrainingEnrolments,
[platform]      | ^^^^^^^^^^^^^^^^^^^^^^^^^
[platform] > 33 |   listTrainingLiveSessions,
[platform]      | ^^^^^^^^^^^^^^^^^^^^^^^^^^^
[platform] > 34 |   listTrainingOrders,
[platform]      | ^^^^^^^^^^^^^^^^^^^^^
[platform] > 35 |   markLiveSessionAttendance,
[platform]      | ^^^^^^^^^^^^^^^^^^^^^^^^^^^^
[platform] > 36 |   refundTrainingOrder,
[platform]      | ^^^^^^^^^^^^^^^^^^^^^^
[platform] > 37 |   patchTrainingOrderStatus,
[platform]      | ^^^^^^^^^^^^^^^^^^^^^^^^^^^
[platform] > 38 |   TrainingsApiError,
[platform]      | ^^^^^^^^^^^^^^^^^^^^
[platform] > 39 |   type CreateLiveSessionPayload,
[platform]      | ^^^^^^^^^^^^^^^^^^^^^^^^^^^^^^^^
[platform] > 40 |   type CreateTrainingSectionPayload,
[platform]      | ^^^^^^^^^^^^^^^^^^^^^^^^^^^^^^^^^^^^
[platform] > 41 | } from "./trainings.service";
[platform]      | ^^^^^^^^^^^^^^^^^^^^^^^^^^^^^
[platform]   42 | import { formatTrainingDate, humanizeLabel } from "./detail-formatters";
[platform]   43 |
[platform]   44 | function SectionCard({ title, children, action }: { title: string; children: React.ReactNo...
[platform] 
[platform] The export deleteTrainingAssignment was not found in module [project]/packages/features/enterprise-trainings/src/trainings.service.ts [app-client] (ecmascript).
[platform] Did you mean to import deleteTrainingAssessment?
[platform] All exports of the module are statically known (It doesn't have dynamic exports). So it's known statically that the requested export doesn't exist.
[platform] 
[platform] Import traces:
[platform]   Client Component Browser:
[platform]     ./packages/features/enterprise-trainings/src/TrainingDetailsSections.tsx [Client Component Browser]
[platform]     ./packages/features/enterprise-trainings/src/TrainingDetailsScreen.tsx [Client Component Browser]
[platform]     ./packages/features/enterprise-trainings/src/index.ts [Client Component Browser]
[platform]     ./packages/features/platform-marketplace-static/src/PlatformProgramsScreen.tsx [Client Component Browser]
[platform]     ./packages/features/platform-marketplace-static/src/PlatformProgramsScreen.tsx [Server Component]
[platform]     ./packages/features/platform-marketplace-static/src/index.ts [Server Component]
[platform]     ./apps/platform-admin/src/app/trainings/page.tsx [Server Component]
[platform] 
[platform]   Client Component SSR:
[platform]     ./packages/features/enterprise-trainings/src/TrainingDetailsSections.tsx [Client Component SSR]
[platform]     ./packages/features/enterprise-trainings/src/TrainingDetailsScreen.tsx [Client Component SSR]
[platform]     ./packages/features/enterprise-trainings/src/index.ts [Client Component SSR]
[platform]     ./packages/features/platform-marketplace-static/src/PlatformProgramsScreen.tsx [Client Component SSR]
[platform]     ./packages/features/platform-marketplace-static/src/PlatformProgramsScreen.tsx [Server Component]
[platform]     ./packages/features/platform-marketplace-static/src/index.ts [Server Component]
[platform]     ./apps/platform-admin/src/app/trainings/page.tsx [Server Component] 
[platform] [browser] ./packages/features/enterprise-trainings/src/TrainingDetailsSections.tsx:5:1
[platform] Export deleteTrainingAssignment doesn't exist in target module
[platform]    3 | import { useState } from "react";
[platform]    4 | import { useMutation, useQuery, useQueryClient } from "@tanstack/react-query";
[platform] >  5 | import {
[platform]      | ^^^^^^^
[platform] >  6 |   addAssessmentQuestions,
[platform]      | ^^^^^^^^^^^^^^^^^^^^^^^^^
[platform] >  7 |   approveTrainingEnrolment,
[platform]      | ^^^^^^^^^^^^^^^^^^^^^^^^^^^
[platform] >  8 |   cancelTrainingEnrolment,
[platform]      | ^^^^^^^^^^^^^^^^^^^^^^^^^^
[platform] >  9 |   completeTrainingLesson,
[platform]      | ^^^^^^^^^^^^^^^^^^^^^^^^^
[platform] > 10 |   createDiscussionReply,
[platform]      | ^^^^^^^^^^^^^^^^^^^^^^^^
[platform] > 11 |   createTrainingAnnouncement,
[platform]      | ^^^^^^^^^^^^^^^^^^^^^^^^^^^^^
[platform] > 12 |   createTrainingAssignment,
[platform]      | ^^^^^^^^^^^^^^^^^^^^^^^^^^^
[platform] > 13 |   createTrainingAssessment,
[platform]      | ^^^^^^^^^^^^^^^^^^^^^^^^^^^
[platform] > 14 |   createTrainingDiscussion,
[platform]      | ^^^^^^^^^^^^^^^^^^^^^^^^^^^
[platform] > 15 |   createTrainingLesson,
[platform]      | ^^^^^^^^^^^^^^^^^^^^^^^
[platform] > 16 |   createTrainingLiveSession,
[platform]      | ^^^^^^^^^^^^^^^^^^^^^^^^^^^^
[platform] > 17 |   createTrainingSection,
[platform]      | ^^^^^^^^^^^^^^^^^^^^^^^^
[platform] > 18 |   deleteTrainingAssessment,
[platform]      | ^^^^^^^^^^^^^^^^^^^^^^^^^^^
[platform] > 19 |   deleteTrainingAssignment,
[platform]      | ^^^^^^^^^^^^^^^^^^^^^^^^^^^
[platform] > 20 |   deleteTrainingLesson,
[platform]      | ^^^^^^^^^^^^^^^^^^^^^^^
[platform] > 21 |   deleteTrainingSection,
[platform]      | ^^^^^^^^^^^^^^^^^^^^^^^^
[platform] > 22 |   exportLiveSessionAttendance,
[platform]      | ^^^^^^^^^^^^^^^^^^^^^^^^^^^^^^
[platform] > 23 |   getLiveSessionAttendance,
[platform]      | ^^^^^^^^^^^^^^^^^^^^^^^^^^^
[platform] > 24 |   getTrainingContent,
[platform]      | ^^^^^^^^^^^^^^^^^^^^^
[platform] > 25 |   getTrainingProgress,
[platform]      | ^^^^^^^^^^^^^^^^^^^^^^
[platform] > 26 |   getTrainingSections,
[platform]      | ^^^^^^^^^^^^^^^^^^^^^^
[platform] > 27 |   listTrainingAnnouncements,
[platform]      | ^^^^^^^^^^^^^^^^^^^^^^^^^^^^
[platform] > 28 |   listTrainingAssignments,
[platform]      | ^^^^^^^^^^^^^^^^^^^^^^^^^^
[platform] > 29 |   listTrainingAssessments,
[platform]      | ^^^^^^^^^^^^^^^^^^^^^^^^^^
[platform] > 30 |   listTrainingDiscussions,
[platform]      | ^^^^^^^^^^^^^^^^^^^^^^^^^^
[platform] > 31 |   enrolInTraining,
[platform]      | ^^^^^^^^^^^^^^^^^^
[platform] > 32 |   listTrainingEnrolments,
[platform]      | ^^^^^^^^^^^^^^^^^^^^^^^^^
[platform] > 33 |   listTrainingLiveSessions,
[platform]      | ^^^^^^^^^^^^^^^^^^^^^^^^^^^
[platform] > 34 |   listTrainingOrders,
[platform]      | ^^^^^^^^^^^^^^^^^^^^^
[platform] > 35 |   markLiveSessionAttendance,
[platform]      | ^^^^^^^^^^^^^^^^^^^^^^^^^^^^
[platform] > 36 |   refundTrainingOrder,
[platform]      | ^^^^^^^^^^^^^^^^^^^^^^
[platform] > 37 |   patchTrainingOrderStatus,
[platform]      | ^^^^^^^^^^^^^^^^^^^^^^^^^^^
[platform] > 38 |   TrainingsApiError,
[platform]      | ^^^^^^^^^^^^^^^^^^^^
[platform] > 39 |   type CreateLiveSessionPayload,
[platform]      | ^^^^^^^^^^^^^^^^^^^^^^^^^^^^^^^^
[platform] > 40 |   type CreateTrainingSectionPayload,
[platform]      | ^^^^^^^^^^^^^^^^^^^^^^^^^^^^^^^^^^^^
[platform] > 41 | } from "./trainings.service";
[platform]      | ^^^^^^^^^^^^^^^^^^^^^^^^^^^^^
[platform]   42 | import { formatTrainingDate, humanizeLabel } from "./detail-formatters";
[platform]   43 |
[platform]   44 | function SectionCard({ title, children, action }: { title: string; children: React.ReactNo...
[platform] 
[platform] The export deleteTrainingAssignment was not found in module [project]/packages/features/enterprise-trainings/src/trainings.service.ts [app-ssr] (ecmascript).
[platform] Did you mean to import deleteTrainingAssessment?
[platform] All exports of the module are statically known (It doesn't have dynamic exports). So it's known statically that the requested export doesn't exist.
[platform] 
[platform] Import traces:
[platform]   Client Component Browser:
[platform]     ./packages/features/enterprise-trainings/src/TrainingDetailsSections.tsx [Client Component Browser]
[platform]     ./packages/features/enterprise-trainings/src/TrainingDetailsScreen.tsx [Client Component Browser]
[platform]     ./packages/features/enterprise-trainings/src/index.ts [Client Component Browser]
[platform]     ./packages/features/platform-marketplace-static/src/PlatformProgramsScreen.tsx [Client Component Browser]
[platform]     ./packages/features/platform-marketplace-static/src/PlatformProgramsScreen.tsx [Server Component]
[platform]     ./packages/features/platform-marketplace-static/src/index.ts [Server Component]
[platform]     ./apps/platform-admin/src/app/trainings/page.tsx [Server Component]
[platform] 
[platform]   Client Component SSR:
[platform]     ./packages/features/enterprise-trainings/src/TrainingDetailsSections.tsx [Client Component SSR]
[platform]     ./packages/features/enterprise-trainings/src/TrainingDetailsScreen.tsx [Client Component SSR]
[platform]     ./packages/features/enterprise-trainings/src/index.ts [Client Component SSR]
[platform]     ./packages/features/platform-marketplace-static/src/PlatformProgramsScreen.tsx [Client Component SSR]
[platform]     ./packages/features/platform-marketplace-static/src/PlatformProgramsScreen.tsx [Server Component]
[platform]     ./packages/features/platform-marketplace-static/src/index.ts [Server Component]
[platform]     ./apps/platform-admin/src/app/trainings/page.tsx [Server Component] 
[platform] [browser] ./packages/features/enterprise-trainings/src/TrainingDetailsSections.tsx:5:1
[platform] Export deleteTrainingAssignment doesn't exist in target module
[platform]    3 | import { useState } from "react";
[platform]    4 | import { useMutation, useQuery, useQueryClient } from "@tanstack/react-query";
[platform] >  5 | import {
[platform]      | ^^^^^^^
[platform] >  6 |   addAssessmentQuestions,
[platform]      | ^^^^^^^^^^^^^^^^^^^^^^^^^
[platform] >  7 |   approveTrainingEnrolment,
[platform]      | ^^^^^^^^^^^^^^^^^^^^^^^^^^^
[platform] >  8 |   cancelTrainingEnrolment,
[platform]      | ^^^^^^^^^^^^^^^^^^^^^^^^^^
[platform] >  9 |   completeTrainingLesson,
[platform]      | ^^^^^^^^^^^^^^^^^^^^^^^^^
[platform] > 10 |   createDiscussionReply,
[platform]      | ^^^^^^^^^^^^^^^^^^^^^^^^
[platform] > 11 |   createTrainingAnnouncement,
[platform]      | ^^^^^^^^^^^^^^^^^^^^^^^^^^^^^
[platform] > 12 |   createTrainingAssignment,
[platform]      | ^^^^^^^^^^^^^^^^^^^^^^^^^^^
[platform] > 13 |   createTrainingAssessment,
[platform]      | ^^^^^^^^^^^^^^^^^^^^^^^^^^^
[platform] > 14 |   createTrainingDiscussion,
[platform]      | ^^^^^^^^^^^^^^^^^^^^^^^^^^^
[platform] > 15 |   createTrainingLesson,
[platform]      | ^^^^^^^^^^^^^^^^^^^^^^^
[platform] > 16 |   createTrainingLiveSession,
[platform]      | ^^^^^^^^^^^^^^^^^^^^^^^^^^^^
[platform] > 17 |   createTrainingSection,
[platform]      | ^^^^^^^^^^^^^^^^^^^^^^^^
[platform] > 18 |   deleteTrainingAssessment,
[platform]      | ^^^^^^^^^^^^^^^^^^^^^^^^^^^
[platform] > 19 |   deleteTrainingAssignment,
[platform]      | ^^^^^^^^^^^^^^^^^^^^^^^^^^^
[platform] > 20 |   deleteTrainingLesson,
[platform]      | ^^^^^^^^^^^^^^^^^^^^^^^
[platform] > 21 |   deleteTrainingSection,
[platform]      | ^^^^^^^^^^^^^^^^^^^^^^^^
[platform] > 22 |   exportLiveSessionAttendance,
[platform]      | ^^^^^^^^^^^^^^^^^^^^^^^^^^^^^^
[platform] > 23 |   getLiveSessionAttendance,
[platform]      | ^^^^^^^^^^^^^^^^^^^^^^^^^^^
[platform] > 24 |   getTrainingContent,
[platform]      | ^^^^^^^^^^^^^^^^^^^^^
[platform] > 25 |   getTrainingProgress,
[platform]      | ^^^^^^^^^^^^^^^^^^^^^^
[platform] > 26 |   getTrainingSections,
[platform]      | ^^^^^^^^^^^^^^^^^^^^^^
[platform] > 27 |   listTrainingAnnouncements,
[platform]      | ^^^^^^^^^^^^^^^^^^^^^^^^^^^^
[platform] > 28 |   listTrainingAssignments,
[platform]      | ^^^^^^^^^^^^^^^^^^^^^^^^^^
[platform] > 29 |   listTrainingAssessments,
[platform]      | ^^^^^^^^^^^^^^^^^^^^^^^^^^
[platform] > 30 |   listTrainingDiscussions,
[platform]      | ^^^^^^^^^^^^^^^^^^^^^^^^^^
[platform] > 31 |   enrolInTraining,
[platform]      | ^^^^^^^^^^^^^^^^^^
[platform] > 32 |   listTrainingEnrolments,
[platform]      | ^^^^^^^^^^^^^^^^^^^^^^^^^
[platform] > 33 |   listTrainingLiveSessions,
[platform]      | ^^^^^^^^^^^^^^^^^^^^^^^^^^^
[platform] > 34 |   listTrainingOrders,
[platform]      | ^^^^^^^^^^^^^^^^^^^^^
[platform] > 35 |   markLiveSessionAttendance,
[platform]      | ^^^^^^^^^^^^^^^^^^^^^^^^^^^^
[platform] > 36 |   refundTrainingOrder,
[platform]      | ^^^^^^^^^^^^^^^^^^^^^^
[platform] > 37 |   patchTrainingOrderStatus,
[platform]      | ^^^^^^^^^^^^^^^^^^^^^^^^^^^
[platform] > 38 |   TrainingsApiError,
[platform]      | ^^^^^^^^^^^^^^^^^^^^
[platform] > 39 |   type CreateLiveSessionPayload,
[platform]      | ^^^^^^^^^^^^^^^^^^^^^^^^^^^^^^^^
[platform] > 40 |   type CreateTrainingSectionPayload,
[platform]      | ^^^^^^^^^^^^^^^^^^^^^^^^^^^^^^^^^^^^
[platform] > 41 | } from "./trainings.service";
[platform]      | ^^^^^^^^^^^^^^^^^^^^^^^^^^^^^
[platform]   42 | import { formatTrainingDate, humanizeLabel } from "./detail-formatters";
[platform]   43 |
[platform]   44 | function SectionCard({ title, children, action }: { title: string; children: React.ReactNo...
[platform] 
[platform] The export deleteTrainingAssignment was not found in module [project]/packages/features/enterprise-trainings/src/trainings.service.ts [app-client] (ecmascript).
[platform] Did you mean to import deleteTrainingAssessment?
[platform] All exports of the module are statically known (It doesn't have dynamic exports). So it's known statically that the requested export doesn't exist.
[platform] 
[platform] Import traces:
[platform]   Client Component Browser:
[platform]     ./packages/features/enterprise-trainings/src/TrainingDetailsSections.tsx [Client Component Browser]
[platform]     ./packages/features/enterprise-trainings/src/TrainingDetailsScreen.tsx [Client Component Browser]
[platform]     ./packages/features/enterprise-trainings/src/index.ts [Client Component Browser]
[platform]     ./packages/features/platform-marketplace-static/src/PlatformProgramsScreen.tsx [Client Component Browser]
[platform]     ./packages/features/platform-marketplace-static/src/PlatformProgramsScreen.tsx [Server Component]
[platform]     ./packages/features/platform-marketplace-static/src/index.ts [Server Component]
[platform]     ./apps/platform-admin/src/app/trainings/page.tsx [Server Component]
[platform] 
[platform]   Client Component SSR:
[platform]     ./packages/features/enterprise-trainings/src/TrainingDetailsSections.tsx [Client Component SSR]
[platform]     ./packages/features/enterprise-trainings/src/TrainingDetailsScreen.tsx [Client Component SSR]
[platform]     ./packages/features/enterprise-trainings/src/index.ts [Client Component SSR]
[platform]     ./packages/features/platform-marketplace-static/src/PlatformProgramsScreen.tsx [Client Component SSR]
[platform]     ./packages/features/platform-marketplace-static/src/PlatformProgramsScreen.tsx [Server Component]
[platform]     ./packages/features/platform-marketplace-static/src/index.ts [Server Component]
[platform]     ./apps/platform-admin/src/app/trainings/page.tsx [Server Component] 
[platform] [browser] ./packages/features/enterprise-trainings/src/TrainingDetailsSections.tsx:5:1
[platform] Export deleteTrainingAssignment doesn't exist in target module
[platform]    3 | import { useState } from "react";
[platform]    4 | import { useMutation, useQuery, useQueryClient } from "@tanstack/react-query";
[platform] >  5 | import {
[platform]      | ^^^^^^^
[platform] >  6 |   addAssessmentQuestions,
[platform]      | ^^^^^^^^^^^^^^^^^^^^^^^^^
[platform] >  7 |   approveTrainingEnrolment,
[platform]      | ^^^^^^^^^^^^^^^^^^^^^^^^^^^
[platform] >  8 |   cancelTrainingEnrolment,
[platform]      | ^^^^^^^^^^^^^^^^^^^^^^^^^^
[platform] >  9 |   completeTrainingLesson,
[platform]      | ^^^^^^^^^^^^^^^^^^^^^^^^^
[platform] > 10 |   createDiscussionReply,
[platform]      | ^^^^^^^^^^^^^^^^^^^^^^^^
[platform] > 11 |   createTrainingAnnouncement,
[platform]      | ^^^^^^^^^^^^^^^^^^^^^^^^^^^^^
[platform] > 12 |   createTrainingAssignment,
[platform]      | ^^^^^^^^^^^^^^^^^^^^^^^^^^^
[platform] > 13 |   createTrainingAssessment,
[platform]      | ^^^^^^^^^^^^^^^^^^^^^^^^^^^
[platform] > 14 |   createTrainingDiscussion,
[platform]      | ^^^^^^^^^^^^^^^^^^^^^^^^^^^
[platform] > 15 |   createTrainingLesson,
[platform]      | ^^^^^^^^^^^^^^^^^^^^^^^
[platform] > 16 |   createTrainingLiveSession,
[platform]      | ^^^^^^^^^^^^^^^^^^^^^^^^^^^^
[platform] > 17 |   createTrainingSection,
[platform]      | ^^^^^^^^^^^^^^^^^^^^^^^^
[platform] > 18 |   deleteTrainingAssessment,
[platform]      | ^^^^^^^^^^^^^^^^^^^^^^^^^^^
[platform] > 19 |   deleteTrainingAssignment,
[platform]      | ^^^^^^^^^^^^^^^^^^^^^^^^^^^
[platform] > 20 |   deleteTrainingLesson,
[platform]      | ^^^^^^^^^^^^^^^^^^^^^^^
[platform] > 21 |   deleteTrainingSection,
[platform]      | ^^^^^^^^^^^^^^^^^^^^^^^^
[platform] > 22 |   exportLiveSessionAttendance,
[platform]      | ^^^^^^^^^^^^^^^^^^^^^^^^^^^^^^
[platform] > 23 |   getLiveSessionAttendance,
[platform]      | ^^^^^^^^^^^^^^^^^^^^^^^^^^^
[platform] > 24 |   getTrainingContent,
[platform]      | ^^^^^^^^^^^^^^^^^^^^^
[platform] > 25 |   getTrainingProgress,
[platform]      | ^^^^^^^^^^^^^^^^^^^^^^
[platform] > 26 |   getTrainingSections,
[platform]      | ^^^^^^^^^^^^^^^^^^^^^^
[platform] > 27 |   listTrainingAnnouncements,
[platform]      | ^^^^^^^^^^^^^^^^^^^^^^^^^^^^
[platform] > 28 |   listTrainingAssignments,
[platform]      | ^^^^^^^^^^^^^^^^^^^^^^^^^^
[platform] > 29 |   listTrainingAssessments,
[platform]      | ^^^^^^^^^^^^^^^^^^^^^^^^^^
[platform] > 30 |   listTrainingDiscussions,
[platform]      | ^^^^^^^^^^^^^^^^^^^^^^^^^^
[platform] > 31 |   enrolInTraining,
[platform]      | ^^^^^^^^^^^^^^^^^^
[platform] > 32 |   listTrainingEnrolments,
[platform]      | ^^^^^^^^^^^^^^^^^^^^^^^^^
[platform] > 33 |   listTrainingLiveSessions,
[platform]      | ^^^^^^^^^^^^^^^^^^^^^^^^^^^
[platform] > 34 |   listTrainingOrders,
[platform]      | ^^^^^^^^^^^^^^^^^^^^^
[platform] > 35 |   markLiveSessionAttendance,
[platform]      | ^^^^^^^^^^^^^^^^^^^^^^^^^^^^
[platform] > 36 |   refundTrainingOrder,
[platform]      | ^^^^^^^^^^^^^^^^^^^^^^
[platform] > 37 |   patchTrainingOrderStatus,
[platform]      | ^^^^^^^^^^^^^^^^^^^^^^^^^^^
[platform] > 38 |   TrainingsApiError,
[platform]      | ^^^^^^^^^^^^^^^^^^^^
[platform] > 39 |   type CreateLiveSessionPayload,
[platform]      | ^^^^^^^^^^^^^^^^^^^^^^^^^^^^^^^^
[platform] > 40 |   type CreateTrainingSectionPayload,
[platform]      | ^^^^^^^^^^^^^^^^^^^^^^^^^^^^^^^^^^^^
[platform] > 41 | } from "./trainings.service";
[platform]      | ^^^^^^^^^^^^^^^^^^^^^^^^^^^^^
[platform]   42 | import { formatTrainingDate, humanizeLabel } from "./detail-formatters";
[platform]   43 |
[platform]   44 | function SectionCard({ title, children, action }: { title: string; children: React.ReactNo...
[platform] 
[platform] The export deleteTrainingAssignment was not found in module [project]/packages/features/enterprise-trainings/src/trainings.service.ts [app-ssr] (ecmascript).
[platform] Did you mean to import deleteTrainingAssessment?
[platform] All exports of the module are statically known (It doesn't have dynamic exports). So it's known statically that the requested export doesn't exist.
[platform] 
[platform] Import traces:
[platform]   Client Component Browser:
[platform]     ./packages/features/enterprise-trainings/src/TrainingDetailsSections.tsx [Client Component Browser]
[platform]     ./packages/features/enterprise-trainings/src/TrainingDetailsScreen.tsx [Client Component Browser]
[platform]     ./packages/features/enterprise-trainings/src/index.ts [Client Component Browser]
[platform]     ./packages/features/platform-marketplace-static/src/PlatformProgramsScreen.tsx [Client Component Browser]
[platform]     ./packages/features/platform-marketplace-static/src/PlatformProgramsScreen.tsx [Server Component]
[platform]     ./packages/features/platform-marketplace-static/src/index.ts [Server Component]
[platform]     ./apps/platform-admin/src/app/trainings/page.tsx [Server Component]
[platform] 
[platform]   Client Component SSR:
[platform]     ./packages/features/enterprise-trainings/src/TrainingDetailsSections.tsx [Client Component SSR]
[platform]     ./packages/features/enterprise-trainings/src/TrainingDetailsScreen.tsx [Client Component SSR]
[platform]     ./packages/features/enterprise-trainings/src/index.ts [Client Component SSR]
[platform]     ./packages/features/platform-marketplace-static/src/PlatformProgramsScreen.tsx [Client Component SSR]
[platform]     ./packages/features/platform-marketplace-static/src/PlatformProgramsScreen.tsx [Server Component]
[platform]     ./packages/features/platform-marketplace-static/src/index.ts [Server Component]
[platform]     ./apps/platform-admin/src/app/trainings/page.tsx [Server Component] 
[platform] [browser] ./packages/features/enterprise-trainings/src/TrainingDetailsSections.tsx:5:1
[platform] Export deleteTrainingAssignment doesn't exist in target module
[platform]    3 | import { useState } from "react";
[platform]    4 | import { useMutation, useQuery, useQueryClient } from "@tanstack/react-query";
[platform] >  5 | import {
[platform]      | ^^^^^^^
[platform] >  6 |   addAssessmentQuestions,
[platform]      | ^^^^^^^^^^^^^^^^^^^^^^^^^
[platform] >  7 |   approveTrainingEnrolment,
[platform]      | ^^^^^^^^^^^^^^^^^^^^^^^^^^^
[platform] >  8 |   cancelTrainingEnrolment,
[platform]      | ^^^^^^^^^^^^^^^^^^^^^^^^^^
[platform] >  9 |   completeTrainingLesson,
[platform]      | ^^^^^^^^^^^^^^^^^^^^^^^^^
[platform] > 10 |   createDiscussionReply,
[platform]      | ^^^^^^^^^^^^^^^^^^^^^^^^
[platform] > 11 |   createTrainingAnnouncement,
[platform]      | ^^^^^^^^^^^^^^^^^^^^^^^^^^^^^
[platform] > 12 |   createTrainingAssignment,
[platform]      | ^^^^^^^^^^^^^^^^^^^^^^^^^^^
[platform] > 13 |   createTrainingAssessment,
[platform]      | ^^^^^^^^^^^^^^^^^^^^^^^^^^^
[platform] > 14 |   createTrainingDiscussion,
[platform]      | ^^^^^^^^^^^^^^^^^^^^^^^^^^^
[platform] > 15 |   createTrainingLesson,
[platform]      | ^^^^^^^^^^^^^^^^^^^^^^^
[platform] > 16 |   createTrainingLiveSession,
[platform]      | ^^^^^^^^^^^^^^^^^^^^^^^^^^^^
[platform] > 17 |   createTrainingSection,
[platform]      | ^^^^^^^^^^^^^^^^^^^^^^^^
[platform] > 18 |   deleteTrainingAssessment,
[platform]      | ^^^^^^^^^^^^^^^^^^^^^^^^^^^
[platform] > 19 |   deleteTrainingAssignment,
[platform]      | ^^^^^^^^^^^^^^^^^^^^^^^^^^^
[platform] > 20 |   deleteTrainingLesson,
[platform]      | ^^^^^^^^^^^^^^^^^^^^^^^
[platform] > 21 |   deleteTrainingSection,
[platform]      | ^^^^^^^^^^^^^^^^^^^^^^^^
[platform] > 22 |   exportLiveSessionAttendance,
[platform]      | ^^^^^^^^^^^^^^^^^^^^^^^^^^^^^^
[platform] > 23 |   getLiveSessionAttendance,
[platform]      | ^^^^^^^^^^^^^^^^^^^^^^^^^^^
[platform] > 24 |   getTrainingContent,
[platform]      | ^^^^^^^^^^^^^^^^^^^^^
[platform] > 25 |   getTrainingProgress,
[platform]      | ^^^^^^^^^^^^^^^^^^^^^^
[platform] > 26 |   getTrainingSections,
[platform]      | ^^^^^^^^^^^^^^^^^^^^^^
[platform] > 27 |   listTrainingAnnouncements,
[platform]      | ^^^^^^^^^^^^^^^^^^^^^^^^^^^^
[platform] > 28 |   listTrainingAssignments,
[platform]      | ^^^^^^^^^^^^^^^^^^^^^^^^^^
[platform] > 29 |   listTrainingAssessments,
[platform]      | ^^^^^^^^^^^^^^^^^^^^^^^^^^
[platform] > 30 |   listTrainingDiscussions,
[platform]      | ^^^^^^^^^^^^^^^^^^^^^^^^^^
[platform] > 31 |   enrolInTraining,
[platform]      | ^^^^^^^^^^^^^^^^^^
[platform] > 32 |   listTrainingEnrolments,
[platform]      | ^^^^^^^^^^^^^^^^^^^^^^^^^
[platform] > 33 |   listTrainingLiveSessions,
[platform]      | ^^^^^^^^^^^^^^^^^^^^^^^^^^^
[platform] > 34 |   listTrainingOrders,
[platform]      | ^^^^^^^^^^^^^^^^^^^^^
[platform] > 35 |   markLiveSessionAttendance,
[platform]      | ^^^^^^^^^^^^^^^^^^^^^^^^^^^^
[platform] > 36 |   refundTrainingOrder,
[platform]      | ^^^^^^^^^^^^^^^^^^^^^^
[platform] > 37 |   patchTrainingOrderStatus,
[platform]      | ^^^^^^^^^^^^^^^^^^^^^^^^^^^
[platform] > 38 |   TrainingsApiError,
[platform]      | ^^^^^^^^^^^^^^^^^^^^
[platform] > 39 |   type CreateLiveSessionPayload,
[platform]      | ^^^^^^^^^^^^^^^^^^^^^^^^^^^^^^^^
[platform] > 40 |   type CreateTrainingSectionPayload,
[platform]      | ^^^^^^^^^^^^^^^^^^^^^^^^^^^^^^^^^^^^
[platform] > 41 | } from "./trainings.service";
[platform]      | ^^^^^^^^^^^^^^^^^^^^^^^^^^^^^
[platform]   42 | import { formatTrainingDate, humanizeLabel } from "./detail-formatters";
[platform]   43 |
[platform]   44 | function SectionCard({ title, children, action }: { title: string; children: React.ReactNo...
[platform] 
[platform] The export deleteTrainingAssignment was not found in module [project]/packages/features/enterprise-trainings/src/trainings.service.ts [app-client] (ecmascript).
[platform] Did you mean to import deleteTrainingAssessment?
[platform] All exports of the module are statically known (It doesn't have dynamic exports). So it's known statically that the requested export doesn't exist.
[platform] 
[platform] Import traces:
[platform]   Client Component Browser:
[platform]     ./packages/features/enterprise-trainings/src/TrainingDetailsSections.tsx [Client Component Browser]
[platform]     ./packages/features/enterprise-trainings/src/TrainingDetailsScreen.tsx [Client Component Browser]
[platform]     ./packages/features/enterprise-trainings/src/index.ts [Client Component Browser]
[platform]     ./packages/features/platform-marketplace-static/src/PlatformProgramsScreen.tsx [Client Component Browser]
[platform]     ./packages/features/platform-marketplace-static/src/PlatformProgramsScreen.tsx [Server Component]
[platform]     ./packages/features/platform-marketplace-static/src/index.ts [Server Component]
[platform]     ./apps/platform-admin/src/app/trainings/page.tsx [Server Component]
[platform] 
[platform]   Client Component SSR:
[platform]     ./packages/features/enterprise-trainings/src/TrainingDetailsSections.tsx [Client Component SSR]
[platform]     ./packages/features/enterprise-trainings/src/TrainingDetailsScreen.tsx [Client Component SSR]
[platform]     ./packages/features/enterprise-trainings/src/index.ts [Client Component SSR]
[platform]     ./packages/features/platform-marketplace-static/src/PlatformProgramsScreen.tsx [Client Component SSR]
[platform]     ./packages/features/platform-marketplace-static/src/PlatformProgramsScreen.tsx [Server Component]
[platform]     ./packages/features/platform-marketplace-static/src/index.ts [Server Component]
[platform]     ./apps/platform-admin/src/app/trainings/page.tsx [Server Component] 
[platform] [browser] ./packages/features/enterprise-trainings/src/TrainingDetailsSections.tsx:5:1
[platform] Export deleteTrainingAssignment doesn't exist in target module
[platform]    3 | import { useState } from "react";
[platform]    4 | import { useMutation, useQuery, useQueryClient } from "@tanstack/react-query";
[platform] >  5 | import {
[platform]      | ^^^^^^^
[platform] >  6 |   addAssessmentQuestions,
[platform]      | ^^^^^^^^^^^^^^^^^^^^^^^^^
[platform] >  7 |   approveTrainingEnrolment,
[platform]      | ^^^^^^^^^^^^^^^^^^^^^^^^^^^
[platform] >  8 |   cancelTrainingEnrolment,
[platform]      | ^^^^^^^^^^^^^^^^^^^^^^^^^^
[platform] >  9 |   completeTrainingLesson,
[platform]      | ^^^^^^^^^^^^^^^^^^^^^^^^^
[platform] > 10 |   createDiscussionReply,
[platform]      | ^^^^^^^^^^^^^^^^^^^^^^^^
[platform] > 11 |   createTrainingAnnouncement,
[platform]      | ^^^^^^^^^^^^^^^^^^^^^^^^^^^^^
[platform] > 12 |   createTrainingAssignment,
[platform]      | ^^^^^^^^^^^^^^^^^^^^^^^^^^^
[platform] > 13 |   createTrainingAssessment,
[platform]      | ^^^^^^^^^^^^^^^^^^^^^^^^^^^
[platform] > 14 |   createTrainingDiscussion,
[platform]      | ^^^^^^^^^^^^^^^^^^^^^^^^^^^
[platform] > 15 |   createTrainingLesson,
[platform]      | ^^^^^^^^^^^^^^^^^^^^^^^
[platform] > 16 |   createTrainingLiveSession,
[platform]      | ^^^^^^^^^^^^^^^^^^^^^^^^^^^^
[platform] > 17 |   createTrainingSection,
[platform]      | ^^^^^^^^^^^^^^^^^^^^^^^^
[platform] > 18 |   deleteTrainingAssessment,
[platform]      | ^^^^^^^^^^^^^^^^^^^^^^^^^^^
[platform] > 19 |   deleteTrainingAssignment,
[platform]      | ^^^^^^^^^^^^^^^^^^^^^^^^^^^
[platform] > 20 |   deleteTrainingLesson,
[platform]      | ^^^^^^^^^^^^^^^^^^^^^^^
[platform] > 21 |   deleteTrainingSection,
[platform]      | ^^^^^^^^^^^^^^^^^^^^^^^^
[platform] > 22 |   exportLiveSessionAttendance,
[platform]      | ^^^^^^^^^^^^^^^^^^^^^^^^^^^^^^
[platform] > 23 |   getLiveSessionAttendance,
[platform]      | ^^^^^^^^^^^^^^^^^^^^^^^^^^^
[platform] > 24 |   getTrainingContent,
[platform]      | ^^^^^^^^^^^^^^^^^^^^^
[platform] > 25 |   getTrainingProgress,
[platform]      | ^^^^^^^^^^^^^^^^^^^^^^
[platform] > 26 |   getTrainingSections,
[platform]      | ^^^^^^^^^^^^^^^^^^^^^^
[platform] > 27 |   listTrainingAnnouncements,
[platform]      | ^^^^^^^^^^^^^^^^^^^^^^^^^^^^
[platform] > 28 |   listTrainingAssignments,
[platform]      | ^^^^^^^^^^^^^^^^^^^^^^^^^^
[platform] > 29 |   listTrainingAssessments,
[platform]      | ^^^^^^^^^^^^^^^^^^^^^^^^^^
[platform] > 30 |   listTrainingDiscussions,
[platform]      | ^^^^^^^^^^^^^^^^^^^^^^^^^^
[platform] > 31 |   enrolInTraining,
[platform]      | ^^^^^^^^^^^^^^^^^^
[platform] > 32 |   listTrainingEnrolments,
[platform]      | ^^^^^^^^^^^^^^^^^^^^^^^^^
[platform] > 33 |   listTrainingLiveSessions,
[platform]      | ^^^^^^^^^^^^^^^^^^^^^^^^^^^
[platform] > 34 |   listTrainingOrders,
[platform]      | ^^^^^^^^^^^^^^^^^^^^^
[platform] > 35 |   markLiveSessionAttendance,
[platform]      | ^^^^^^^^^^^^^^^^^^^^^^^^^^^^
[platform] > 36 |   refundTrainingOrder,
[platform]      | ^^^^^^^^^^^^^^^^^^^^^^
[platform] > 37 |   patchTrainingOrderStatus,
[platform]      | ^^^^^^^^^^^^^^^^^^^^^^^^^^^
[platform] > 38 |   TrainingsApiError,
[platform]      | ^^^^^^^^^^^^^^^^^^^^
[platform] > 39 |   type CreateLiveSessionPayload,
[platform]      | ^^^^^^^^^^^^^^^^^^^^^^^^^^^^^^^^
[platform] > 40 |   type CreateTrainingSectionPayload,
[platform]      | ^^^^^^^^^^^^^^^^^^^^^^^^^^^^^^^^^^^^
[platform] > 41 | } from "./trainings.service";
[platform]      | ^^^^^^^^^^^^^^^^^^^^^^^^^^^^^
[platform]   42 | import { formatTrainingDate, humanizeLabel } from "./detail-formatters";
[platform]   43 |
[platform]   44 | function SectionCard({ title, children, action }: { title: string; children: React.ReactNo...
[platform] 
[platform] The export deleteTrainingAssignment was not found in module [project]/packages/features/enterprise-trainings/src/trainings.service.ts [app-ssr] (ecmascript).
[platform] Did you mean to import deleteTrainingAssessment?
[platform] All exports of the module are statically known (It doesn't have dynamic exports). So it's known statically that the requested export doesn't exist.
[platform] 
[platform] Import traces:
[platform]   Client Component Browser:
[platform]     ./packages/features/enterprise-trainings/src/TrainingDetailsSections.tsx [Client Component Browser]
[platform]     ./packages/features/enterprise-trainings/src/TrainingDetailsScreen.tsx [Client Component Browser]
[platform]     ./packages/features/enterprise-trainings/src/index.ts [Client Component Browser]
[platform]     ./packages/features/platform-marketplace-static/src/PlatformProgramsScreen.tsx [Client Component Browser]
[platform]     ./packages/features/platform-marketplace-static/src/PlatformProgramsScreen.tsx [Server Component]
[platform]     ./packages/features/platform-marketplace-static/src/index.ts [Server Component]
[platform]     ./apps/platform-admin/src/app/trainings/page.tsx [Server Component]
[platform] 
[platform]   Client Component SSR:
[platform]     ./packages/features/enterprise-trainings/src/TrainingDetailsSections.tsx [Client Component SSR]
[platform]     ./packages/features/enterprise-trainings/src/TrainingDetailsScreen.tsx [Client Component SSR]
[platform]     ./packages/features/enterprise-trainings/src/index.ts [Client Component SSR]
[platform]     ./packages/features/platform-marketplace-static/src/PlatformProgramsScreen.tsx [Client Component SSR]
[platform]     ./packages/features/platform-marketplace-static/src/PlatformProgramsScreen.tsx [Server Component]
[platform]     ./packages/features/platform-marketplace-static/src/index.ts [Server Component]
[platform]     ./apps/platform-admin/src/app/trainings/page.tsx [Server Component] 
[platform] [browser] ./packages/features/enterprise-trainings/src/TrainingDetailsSections.tsx:5:1
[platform] Export deleteTrainingAssignment doesn't exist in target module
[platform]    3 | import { useState } from "react";
[platform]    4 | import { useMutation, useQuery, useQueryClient } from "@tanstack/react-query";
[platform] >  5 | import {
[platform]      | ^^^^^^^
[platform] >  6 |   addAssessmentQuestions,
[platform]      | ^^^^^^^^^^^^^^^^^^^^^^^^^
[platform] >  7 |   approveTrainingEnrolment,
[platform]      | ^^^^^^^^^^^^^^^^^^^^^^^^^^^
[platform] >  8 |   cancelTrainingEnrolment,
[platform]      | ^^^^^^^^^^^^^^^^^^^^^^^^^^
[platform] >  9 |   completeTrainingLesson,
[platform]      | ^^^^^^^^^^^^^^^^^^^^^^^^^
[platform] > 10 |   createDiscussionReply,
[platform]      | ^^^^^^^^^^^^^^^^^^^^^^^^
[platform] > 11 |   createTrainingAnnouncement,
[platform]      | ^^^^^^^^^^^^^^^^^^^^^^^^^^^^^
[platform] > 12 |   createTrainingAssignment,
[platform]      | ^^^^^^^^^^^^^^^^^^^^^^^^^^^
[platform] > 13 |   createTrainingAssessment,
[platform]      | ^^^^^^^^^^^^^^^^^^^^^^^^^^^
[platform] > 14 |   createTrainingDiscussion,
[platform]      | ^^^^^^^^^^^^^^^^^^^^^^^^^^^
[platform] > 15 |   createTrainingLesson,
[platform]      | ^^^^^^^^^^^^^^^^^^^^^^^
[platform] > 16 |   createTrainingLiveSession,
[platform]      | ^^^^^^^^^^^^^^^^^^^^^^^^^^^^
[platform] > 17 |   createTrainingSection,
[platform]      | ^^^^^^^^^^^^^^^^^^^^^^^^
[platform] > 18 |   deleteTrainingAssessment,
[platform]      | ^^^^^^^^^^^^^^^^^^^^^^^^^^^
[platform] > 19 |   deleteTrainingAssignment,
[platform]      | ^^^^^^^^^^^^^^^^^^^^^^^^^^^
[platform] > 20 |   deleteTrainingLesson,
[platform]      | ^^^^^^^^^^^^^^^^^^^^^^^
[platform] > 21 |   deleteTrainingSection,
[platform]      | ^^^^^^^^^^^^^^^^^^^^^^^^
[platform] > 22 |   exportLiveSessionAttendance,
[platform]      | ^^^^^^^^^^^^^^^^^^^^^^^^^^^^^^
[platform] > 23 |   getLiveSessionAttendance,
[platform]      | ^^^^^^^^^^^^^^^^^^^^^^^^^^^
[platform] > 24 |   getTrainingContent,
[platform]      | ^^^^^^^^^^^^^^^^^^^^^
[platform] > 25 |   getTrainingProgress,
[platform]      | ^^^^^^^^^^^^^^^^^^^^^^
[platform] > 26 |   getTrainingSections,
[platform]      | ^^^^^^^^^^^^^^^^^^^^^^
[platform] > 27 |   listTrainingAnnouncements,
[platform]      | ^^^^^^^^^^^^^^^^^^^^^^^^^^^^
[platform] > 28 |   listTrainingAssignments,
[platform]      | ^^^^^^^^^^^^^^^^^^^^^^^^^^
[platform] > 29 |   listTrainingAssessments,
[platform]      | ^^^^^^^^^^^^^^^^^^^^^^^^^^
[platform] > 30 |   listTrainingDiscussions,
[platform]      | ^^^^^^^^^^^^^^^^^^^^^^^^^^
[platform] > 31 |   enrolInTraining,
[platform]      | ^^^^^^^^^^^^^^^^^^
[platform] > 32 |   listTrainingEnrolments,
[platform]      | ^^^^^^^^^^^^^^^^^^^^^^^^^
[platform] > 33 |   listTrainingLiveSessions,
[platform]      | ^^^^^^^^^^^^^^^^^^^^^^^^^^^
[platform] > 34 |   listTrainingOrders,
[platform]      | ^^^^^^^^^^^^^^^^^^^^^
[platform] > 35 |   markLiveSessionAttendance,
[platform]      | ^^^^^^^^^^^^^^^^^^^^^^^^^^^^
[platform] > 36 |   refundTrainingOrder,
[platform]      | ^^^^^^^^^^^^^^^^^^^^^^
[platform] > 37 |   patchTrainingOrderStatus,
[platform]      | ^^^^^^^^^^^^^^^^^^^^^^^^^^^
[platform] > 38 |   TrainingsApiError,
[platform]      | ^^^^^^^^^^^^^^^^^^^^
[platform] > 39 |   type CreateLiveSessionPayload,
[platform]      | ^^^^^^^^^^^^^^^^^^^^^^^^^^^^^^^^
[platform] > 40 |   type CreateTrainingSectionPayload,
[platform]      | ^^^^^^^^^^^^^^^^^^^^^^^^^^^^^^^^^^^^
[platform] > 41 | } from "./trainings.service";
[platform]      | ^^^^^^^^^^^^^^^^^^^^^^^^^^^^^
[platform]   42 | import { formatTrainingDate, humanizeLabel } from "./detail-formatters";
[platform]   43 |
[platform]   44 | function SectionCard({ title, children, action }: { title: string; children: React.ReactNo...
[platform] 
[platform] The export deleteTrainingAssignment was not found in module [project]/packages/features/enterprise-trainings/src/trainings.service.ts [app-client] (ecmascript).
[platform] Did you mean to import deleteTrainingAssessment?
[platform] All exports of the module are statically known (It doesn't have dynamic exports). So it's known statically that the requested export doesn't exist.
[platform] 
[platform] Import traces:
[platform]   Client Component Browser:
[platform]     ./packages/features/enterprise-trainings/src/TrainingDetailsSections.tsx [Client Component Browser]
[platform]     ./packages/features/enterprise-trainings/src/TrainingDetailsScreen.tsx [Client Component Browser]
[platform]     ./packages/features/enterprise-trainings/src/index.ts [Client Component Browser]
[platform]     ./packages/features/platform-marketplace-static/src/PlatformProgramsScreen.tsx [Client Component Browser]
[platform]     ./packages/features/platform-marketplace-static/src/PlatformProgramsScreen.tsx [Server Component]
[platform]     ./packages/features/platform-marketplace-static/src/index.ts [Server Component]
[platform]     ./apps/platform-admin/src/app/trainings/page.tsx [Server Component]
[platform] 
[platform]   Client Component SSR:
[platform]     ./packages/features/enterprise-trainings/src/TrainingDetailsSections.tsx [Client Component SSR]
[platform]     ./packages/features/enterprise-trainings/src/TrainingDetailsScreen.tsx [Client Component SSR]
[platform]     ./packages/features/enterprise-trainings/src/index.ts [Client Component SSR]
[platform]     ./packages/features/platform-marketplace-static/src/PlatformProgramsScreen.tsx [Client Component SSR]
[platform]     ./packages/features/platform-marketplace-static/src/PlatformProgramsScreen.tsx [Server Component]
[platform]     ./packages/features/platform-marketplace-static/src/index.ts [Server Component]
[platform]     ./apps/platform-admin/src/app/trainings/page.tsx [Server Component] 
[platform] [browser] ./packages/features/enterprise-trainings/src/TrainingDetailsSections.tsx:5:1
[platform] Export deleteTrainingAssignment doesn't exist in target module
[platform]    3 | import { useState } from "react";
[platform]    4 | import { useMutation, useQuery, useQueryClient } from "@tanstack/react-query";
[platform] >  5 | import {
[platform]      | ^^^^^^^
[platform] >  6 |   addAssessmentQuestions,
[platform]      | ^^^^^^^^^^^^^^^^^^^^^^^^^
[platform] >  7 |   approveTrainingEnrolment,
[platform]      | ^^^^^^^^^^^^^^^^^^^^^^^^^^^
[platform] >  8 |   cancelTrainingEnrolment,
[platform]      | ^^^^^^^^^^^^^^^^^^^^^^^^^^
[platform] >  9 |   completeTrainingLesson,
[platform]      | ^^^^^^^^^^^^^^^^^^^^^^^^^
[platform] > 10 |   createDiscussionReply,
[platform]      | ^^^^^^^^^^^^^^^^^^^^^^^^
[platform] > 11 |   createTrainingAnnouncement,
[platform]      | ^^^^^^^^^^^^^^^^^^^^^^^^^^^^^
[platform] > 12 |   createTrainingAssignment,
[platform]      | ^^^^^^^^^^^^^^^^^^^^^^^^^^^
[platform] > 13 |   createTrainingAssessment,
[platform]      | ^^^^^^^^^^^^^^^^^^^^^^^^^^^
[platform] > 14 |   createTrainingDiscussion,
[platform]      | ^^^^^^^^^^^^^^^^^^^^^^^^^^^
[platform] > 15 |   createTrainingLesson,
[platform]      | ^^^^^^^^^^^^^^^^^^^^^^^
[platform] > 16 |   createTrainingLiveSession,
[platform]      | ^^^^^^^^^^^^^^^^^^^^^^^^^^^^
[platform] > 17 |   createTrainingSection,
[platform]      | ^^^^^^^^^^^^^^^^^^^^^^^^
[platform] > 18 |   deleteTrainingAssessment,
[platform]      | ^^^^^^^^^^^^^^^^^^^^^^^^^^^
[platform] > 19 |   deleteTrainingAssignment,
[platform]      | ^^^^^^^^^^^^^^^^^^^^^^^^^^^
[platform] > 20 |   deleteTrainingLesson,
[platform]      | ^^^^^^^^^^^^^^^^^^^^^^^
[platform] > 21 |   deleteTrainingSection,
[platform]      | ^^^^^^^^^^^^^^^^^^^^^^^^
[platform] > 22 |   exportLiveSessionAttendance,
[platform]      | ^^^^^^^^^^^^^^^^^^^^^^^^^^^^^^
[platform] > 23 |   getLiveSessionAttendance,
[platform]      | ^^^^^^^^^^^^^^^^^^^^^^^^^^^
[platform] > 24 |   getTrainingContent,
[platform]      | ^^^^^^^^^^^^^^^^^^^^^
[platform] > 25 |   getTrainingProgress,
[platform]      | ^^^^^^^^^^^^^^^^^^^^^^
[platform] > 26 |   getTrainingSections,
[platform]      | ^^^^^^^^^^^^^^^^^^^^^^
[platform] > 27 |   listTrainingAnnouncements,
[platform]      | ^^^^^^^^^^^^^^^^^^^^^^^^^^^^
[platform] > 28 |   listTrainingAssignments,
[platform]      | ^^^^^^^^^^^^^^^^^^^^^^^^^^
[platform] > 29 |   listTrainingAssessments,
[platform]      | ^^^^^^^^^^^^^^^^^^^^^^^^^^
[platform] > 30 |   listTrainingDiscussions,
[platform]      | ^^^^^^^^^^^^^^^^^^^^^^^^^^
[platform] > 31 |   enrolInTraining,
[platform]      | ^^^^^^^^^^^^^^^^^^
[platform] > 32 |   listTrainingEnrolments,
[platform]      | ^^^^^^^^^^^^^^^^^^^^^^^^^
[platform] > 33 |   listTrainingLiveSessions,
[platform]      | ^^^^^^^^^^^^^^^^^^^^^^^^^^^
[platform] > 34 |   listTrainingOrders,
[platform]      | ^^^^^^^^^^^^^^^^^^^^^
[platform] > 35 |   markLiveSessionAttendance,
[platform]      | ^^^^^^^^^^^^^^^^^^^^^^^^^^^^
[platform] > 36 |   refundTrainingOrder,
[platform]      | ^^^^^^^^^^^^^^^^^^^^^^
[platform] > 37 |   patchTrainingOrderStatus,
[platform]      | ^^^^^^^^^^^^^^^^^^^^^^^^^^^
[platform] > 38 |   TrainingsApiError,
[platform]      | ^^^^^^^^^^^^^^^^^^^^
[platform] > 39 |   type CreateLiveSessionPayload,
[platform]      | ^^^^^^^^^^^^^^^^^^^^^^^^^^^^^^^^
[platform] > 40 |   type CreateTrainingSectionPayload,
[platform]      | ^^^^^^^^^^^^^^^^^^^^^^^^^^^^^^^^^^^^
[platform] > 41 | } from "./trainings.service";
[platform]      | ^^^^^^^^^^^^^^^^^^^^^^^^^^^^^
[platform]   42 | import { formatTrainingDate, humanizeLabel } from "./detail-formatters";
[platform]   43 |
[platform]   44 | function SectionCard({ title, children, action }: { title: string; children: React.ReactNo...
[platform] 
[platform] The export deleteTrainingAssignment was not found in module [project]/packages/features/enterprise-trainings/src/trainings.service.ts [app-ssr] (ecmascript).
[platform] Did you mean to import deleteTrainingAssessment?
[platform] All exports of the module are statically known (It doesn't have dynamic exports). So it's known statically that the requested export doesn't exist.
[platform] 
[platform] Import traces:
[platform]   Client Component Browser:
[platform]     ./packages/features/enterprise-trainings/src/TrainingDetailsSections.tsx [Client Component Browser]
[platform]     ./packages/features/enterprise-trainings/src/TrainingDetailsScreen.tsx [Client Component Browser]
[platform]     ./packages/features/enterprise-trainings/src/index.ts [Client Component Browser]
[platform]     ./packages/features/platform-marketplace-static/src/PlatformProgramsScreen.tsx [Client Component Browser]
[platform]     ./packages/features/platform-marketplace-static/src/PlatformProgramsScreen.tsx [Server Component]
[platform]     ./packages/features/platform-marketplace-static/src/index.ts [Server Component]
[platform]     ./apps/platform-admin/src/app/trainings/page.tsx [Server Component]
[platform] 
[platform]   Client Component SSR:
[platform]     ./packages/features/enterprise-trainings/src/TrainingDetailsSections.tsx [Client Component SSR]
[platform]     ./packages/features/enterprise-trainings/src/TrainingDetailsScreen.tsx [Client Component SSR]
[platform]     ./packages/features/enterprise-trainings/src/index.ts [Client Component SSR]
[platform]     ./packages/features/platform-marketplace-static/src/PlatformProgramsScreen.tsx [Client Component SSR]
[platform]     ./packages/features/platform-marketplace-static/src/PlatformProgramsScreen.tsx [Server Component]
[platform]     ./packages/features/platform-marketplace-static/src/index.ts [Server Component]
[platform]     ./apps/platform-admin/src/app/trainings/page.tsx [Server Component] 
[platform]  GET / 307 in 1622ms (next.js: 41ms, application-code: 1581ms)
[platform]  GET /dashboard 200 in 1422ms (next.js: 8ms, application-code: 1414ms)
[shell]  GET /auth/validate?return_to=http%3A%2F%2Flocalhost%3A3001%2Fadmin%2Ftrainings&he_auth_ready=1&he_session_code=TwkdRDNU6Fvdd0TuCwQ3iLrMjirjigZiy-wUxN0-Fu8 200 in 1280ms (next.js: 163ms, application-code: 1117ms)
[shell]  GET /en/validate?he_auth_ready=1&he_session_code=U3O4JXB1Bxrfraw7p6tkbzrLxRuA0XQkA2tty2M2iVQ 404 in 212ms (next.js: 103ms, application-code: 109ms)
[enterprise]  GET /admin/trainings 200 in 1782ms (next.js: 268ms, application-code: 1514ms)
[shell]  GET /auth/login?return_to=http%3A%2F%2Flocalhost%3A3001%2Fadmin%2Ftrainings 200 in 174ms (next.js: 43ms, application-code: 131ms)
[shell]  GET /auth/validate?return_to=http%3A%2F%2Flocalhost%3A3001%2Fadmin%2Ftrainings&he_auth_ready=1&he_session_code=BTVXyMccZZySdKA92ZYHhpK3eenxwi4I-bLb-JTU47s 200 in 208ms (next.js: 11ms, application-code: 197ms)
[shell]  POST /internal/demo-auth/login 200 in 354ms (next.js: 74ms, application-code: 280ms)
[enterprise]  GET /admin/trainings 200 in 112ms (next.js: 9ms, application-code: 103ms)
[enterprise]  GET /admin/trainings/52b4cdb1-6756-4b9b-a12a-8b669c8c2446 200 in 2.0s (next.js: 1941ms, application-code: 76ms)
[platform]  GET /dashboard 200 in 146ms (next.js: 79ms, application-code: 67ms)
[enterprise] ✓ Compiled in 231ms
[enterprise]  GET /admin/trainings/52b4cdb1-6756-4b9b-a12a-8b669c8c2446 200 in 1310ms (next.js: 1208ms, application-code: 102ms)
[enterprise]  GET /admin/trainings/52b4cdb1-6756-4b9b-a12a-8b669c8c2446 200 in 43ms (next.js: 5ms, application-code: 38ms)
[enterprise]  GET /admin/trainings/52b4cdb1-6756-4b9b-a12a-8b669c8c2446 200 in 125ms (next.js: 9ms, application-code: 116ms)
[enterprise]  GET /admin/trainings/52b4cdb1-6756-4b9b-a12a-8b669c8c2446 200 in 125ms (next.js: 52ms, application-code: 74ms)
[enterprise]  GET /admin/trainings/52b4cdb1-6756-4b9b-a12a-8b669c8c2446 200 in 82ms (next.js: 3ms, application-code: 79ms)
[enterprise]  GET /admin/trainings/52b4cdb1-6756-4b9b-a12a-8b669c8c2446 200 in 51ms (next.js: 3ms, application-code: 49ms)
[enterprise]  GET /admin/trainings/52b4cdb1-6756-4b9b-a12a-8b669c8c2446 200 in 32ms (next.js: 4ms, application-code: 28ms)
[enterprise] [?25h
[enterprise] npm error Lifecycle script `dev` failed with error:
[enterprise] npm error code 1
[enterprise] npm error path C:\CM_Web\apps\enterprise-admin
[enterprise] npm error workspace @ihp/enterprise-admin@0.1.0
[enterprise] npm error location C:\CM_Web\apps\enterprise-admin
[enterprise] npm error command failed
[enterprise] npm error command C:\windows\system32\cmd.exe /d /s /c next dev --port 3001
[enterprise] npm run dev:enterprise exited with code 1
[platform]  GET /dashboard 200 in 1381ms (next.js: 11ms, application-code: 1369ms)
[platform]  GET /dashboard 200 in 176ms (next.js: 122ms, application-code: 55ms)
[platform]  GET /dashboard 200 in 78ms (next.js: 54ms, application-code: 24ms)
[platform]  GET /dashboard 200 in 199ms (next.js: 138ms, application-code: 61ms)
[platform]  GET /dashboard 200 in 182ms (next.js: 124ms, application-code: 58ms)
[shell]  GET /auth/login?return_to=http%3A%2F%2Flocalhost%3A3001%2Fadmin%2Ftrainings%2F52b4cdb1-6756-4b9b-a12a-8b669c8c2446 200 in 1972ms (next.js: 212ms, application-code: 1761ms)
[shell]  GET /auth/validate?return_to=http%3A%2F%2Flocalhost%3A3001%2Fadmin%2Ftrainings%2F52b4cdb1-6756-4b9b-a12a-8b669c8c2446&he_auth_ready=1&he_session_code=D01UcYGcGImaF9yvS4sdRUUfkXK33tk7VOHAU0sVHkw 200 in 145ms (next.js: 31ms, application-code: 113ms)
[shell]  POST /internal/demo-auth/login 200 in 277ms (next.js: 77ms, application-code: 199ms)
[platform]  GET /trainings 200 in 239ms (next.js: 146ms, application-code: 92ms)
[platform]  GET /approval-queue 200 in 193ms (next.js: 126ms, application-code: 67ms)
[platform]  GET /trainings 200 in 50ms (next.js: 9ms, application-code: 42ms)
[platform]  GET /events 200 in 185ms (next.js: 126ms, application-code: 59ms)
[platform]  GET /trainings 200 in 53ms (next.js: 9ms, application-code: 44ms)
[platform]  GET /approval-queue 200 in 59ms (next.js: 8ms, application-code: 51ms)
[platform]  GET /approval-queue 200 in 36ms (next.js: 16ms, application-code: 20ms)
[platform]  GET /approval-queue 200 in 111ms (next.js: 13ms, application-code: 98ms)
[platform]  GET /approval-queue 200 in 12ms (next.js: 5ms, application-code: 8ms)
[platform]  GET /approval-queue 200 in 19ms (next.js: 3ms, application-code: 16ms)
[platform]  GET /approval-queue 200 in 12ms (next.js: 4ms, application-code: 8ms)
[platform]  GET /approval-queue 200 in 19ms (next.js: 3ms, application-code: 15ms)
[shell]  GET / 307 in 874ms (next.js: 356ms, application-code: 518ms)
[shell]  GET /auth/login 200 in 184ms (next.js: 13ms, application-code: 171ms)
[shell]  GET /auth/validate?return_to=http%3A%2F%2Flocalhost%3A3002%2Fform-builder-new&he_auth_ready=1&he_session_code=rDDejItnS7770_a7Nej_m2aMX-RkDR_skzps19cU3ss 200 in 136ms (next.js: 8ms, application-code: 128ms)
[shell]  POST /internal/demo-auth/login 200 in 215ms (next.js: 6ms, application-code: 209ms)
[platform]  GET /form-builder-new 200 in 1734ms (next.js: 174ms, application-code: 1560ms)
[platform]  GET /approval-queue 200 in 19ms (next.js: 3ms, application-code: 17ms)
[platform]  GET /api/v1/openapi.json 404 in 338ms (next.js: 137ms, application-code: 200ms)
[platform] ✓ Compiled in 2.3s
[platform]  GET /approval-queue 200 in 344ms (next.js: 226ms, application-code: 118ms)
[shell]  GET /auth/login?return_to=http%3A%2F%2Flocalhost%3A3001%2Fadmin%2Ftrainings%2Fa9b7b4a7-147a-48c4-98d6-dfdb39453838 200 in 2.4s (next.js: 175ms, application-code: 2.3s)
[shell]  GET /auth/validate?return_to=http%3A%2F%2Flocalhost%3A3001%2Fadmin%2Ftrainings%2Fa9b7b4a7-147a-48c4-98d6-dfdb39453838&he_auth_ready=1&he_session_code=j-d3AuEYF4UrumdWNf_7cqF67qovriZRLmGNm4N7KO8 200 in 96ms (next.js: 20ms, application-code: 76ms)
[shell]  POST /internal/demo-auth/login 200 in 187ms (next.js: 30ms, application-code: 157ms)
[shell] ✓ Compiled in 843ms
[platform] ✓ Compiled in 2.2s
[platform]  GET /approval-queue 200 in 173ms (next.js: 66ms, application-code: 107ms)
[platform]  GET /approval-queue 200 in 55ms (next.js: 6ms, application-code: 49ms)
[platform]  GET /approval-queue 200 in 92ms (next.js: 4ms, application-code: 88ms)
[platform]  GET /approval-queue 200 in 58ms (next.js: 7ms, application-code: 51ms)
[platform] ✓ Compiled in 554ms
[platform]  GET /approval-queue 200 in 118ms (next.js: 61ms, application-code: 57ms)
[platform] ✓ Compiled in 665ms
[platform]  GET /approval-queue 200 in 112ms (next.js: 55ms, application-code: 58ms)
[shell] ✓ Compiled in 886ms
[platform]  GET /approval-queue 200 in 117ms (next.js: 57ms, application-code: 60ms)
[platform] ✓ Compiled in 661ms
[platform] ✓ Compiled in 662ms
[platform] ✓ Compiled in 489ms
[platform] ✓ Compiled in 482ms
[platform] ✓ Compiled in 1035ms
[platform]  GET /approval-queue 200 in 2.8s (next.js: 128ms, application-code: 2.7s)
[shell]  GET / 307 in 2.2s (next.js: 150ms, application-code: 2.1s)
[platform]  GET / 307 in 452ms (next.js: 76ms, application-code: 375ms)
[shell]  GET /auth/login?return_to=http%3A%2F%2Flocalhost%3A3002%2Fapproval-queue 200 in 284ms (next.js: 36ms, application-code: 248ms)
[shell]  GET /auth/login?return_to=http%3A%2F%2Flocalhost%3A3002%2Fapproval-queue 200 in 154ms (next.js: 9ms, application-code: 145ms)
[shell]  GET /auth/login?return_to=http%3A%2F%2Flocalhost%3A3002%2Fapproval-queue 200 in 121ms (next.js: 3ms, application-code: 118ms)
[shell]  GET /auth/login?return_to=http%3A%2F%2Flocalhost%3A3002%2Fapproval-queue 200 in 1676ms (next.js: 126ms, application-code: 1549ms)
[shell] [?25h
[shell] npm error Lifecycle script `dev` failed with error:
[shell] npm error code 1
[shell] npm error path C:\CM_Web\apps\shell
[shell] npm error workspace @ihp/shell@0.1.0
[shell] npm error location C:\CM_Web\apps\shell
[shell] npm error command failed
[shell] npm error command C:\windows\system32\cmd.exe /d /s /c next dev --port 3000
[shell] npm run dev exited with code 1
[platform] ✓ Compiled in 568ms
[platform] Persisting failed: Unable to write SST file 00013346.sst
[platform] 
[platform] Caused by:
[platform]     The system cannot find the path specified. (os error 3)
[platform] Persisting failed: Another write batch or compaction is already active (Only a single write operations is allowed at a time)
[platform] Compaction failed: Another write batch or compaction is already active (Only a single write operations is allowed at a time)
[platform] Persisting failed: Another write batch or compaction is already active (Only a single write operations is allowed at a time)
[platform] Compaction failed: Another write batch or compaction is already active (Only a single write operations is allowed at a time)
[platform] Persisting failed: Another write batch or compaction is already active (Only a single write operations is allowed at a time)
[platform] ⨯ Error: ENOENT: no such file or directory, open 'C:\CM_Web\apps\platform-admin\.next\dev\server\app\page\build-manifest.json'
[platform]     at ignore-listed frames {
[platform]   errno: -4058,
[platform]   code: 'ENOENT',
[platform]   syscall: 'open',
[platform]   path: 'C:\\CM_Web\\apps\\platform-admin\\.next\\dev\\server\\app\\page\\build-manifest.json'
[platform] }
[platform] 
[platform] thread 'tokio-runtime-worker' (33300) panicked at turbopack\crates\turbo-tasks-backend\src\backend\operation\mod.rs:619:14:
[platform] Failed to lookup task ids: Looking up task id for CachedTaskType { native_fn: NativeFunction { name: "get_written_endpoint_with_issues_operation", global_name: "next_napi_bindings::next_api::endpoint::get_written_endpoint_with_issues_operation", .. }, this: None, arg: (OperationVc { node: RawVc::TaskOutput(631) },) } from database failed
[platform] 
[platform] Caused by:
[platform]     0: Unable to open static sorted file referenced from 00001144.meta
[platform]     1: Unable to open static sorted file 00001140.sst
[platform]     2: Failed to open SST file C:\CM_Web\apps\platform-admin\.next\dev\cache/turbopack\f37fad94\00001140.sst
[platform]     3: The system cannot find the path specified. (os error 3)
[platform] note: run with `RUST_BACKTRACE=1` environment variable to display a backtrace
[platform] 
[platform] -----
[platform] [1m[31mFATAL[39m[0m: An unexpected Turbopack error occurred. A panic log has been written to C:\Users\jagan\AppData\Local\Temp\next-panic-f344bece0b849ac93d34acbb79e46144.log.
[platform] 
[platform] To help make Turbopack better, report this error by clicking here: https://bugs.nextjs.org/search?category=turbopack-error-report&title=Turbopack%20Error%3A%20Failed%20to%20lookup%20task%20ids%3A%20Looking%20up%20task%20id%20for%20CachedTaskType%20%7B%20native_fn%3A%20NativeFunction%20%7B%20name%3A%20%22get_written_endpoint_with_issues_operation%22%2C%20global_name%3A%20%22next_napi_bindings%3A%3Anext_api%3A%3Aendpoint%3A%3Aget_written_endpoint_with_issues_operation%22%2C%20..%20%7D%2C%20this%3A%20None%2C%20arg%3A%20%28OperationVc%20%7B%20node%3A%20RawVc%3A%3ATaskOutput%28631%29%20%7D%2C%29%20%7D%20from%20database%20failed&body=Turbopack%20version%3A%20%60f37fad94%60%0ANext.js%20version%3A%20%600.0.0%60%0A%0AError%20message%3A%0A%60%60%60%0AFailed%20to%20lookup%20task%20ids%3A%20Looking%20up%20task%20id%20for%20CachedTaskType%20%7B%20native_fn%3A%20NativeFunction%20%7B%20name%3A%20%22get_written_endpoint_with_issues_operation%22%2C%20global_name%3A%20%22next_napi_bindings%3A%3Anext_api%3A%3Aendpoint%3A%3Aget_written_endpoint_with_issues_operation%22%2C%20..%20%7D%2C%20this%3A%20None%2C%20arg%3A%20%28OperationVc%20%7B%20node%3A%20RawVc%3A%3ATaskOutput%28631%29%20%7D%2C%29%20%7D%20from%20database%20failed%0A%0ADebug%20info%3A%0A-%20Failed%20to%20lookup%20task%20ids%3A%20Looking%20up%20task%20id%20for%20CachedTaskType%20%7B%20native_fn%3A%20NativeFunction%20%7B%20name%3A%20%22get_written_endpoint_with_issues_operation%22%2C%20global_name%3A%20%22next_napi_bindings%3A%3Anext_api%3A%3Aendpoint%3A%3Aget_written_endpoint_with_issues_operation%22%2C%20..%20%7D%2C%20this%3A%20None%2C%20arg%3A%20%28OperationVc%20%7B%20node%3A%20RawVc%3A%3ATaskOutput%28631%29%20%7D%2C%29%20%7D%20from%20database%20failed%0A%20%20%0A%20%20Caused%20by%3A%0A%20%20%20%20%20%200%3A%20Unable%20to%20open%20static%20sorted%20file%20referenced%20from%2000001144.meta%0A%20%20%20%20%20%201%3A%20Unable%20to%20open%20static%20sorted%20file%2000001140.sst%0A%20%20%20%20%20%202%3A%20Failed%20to%20open%20SST%20file%20C%3A%5CCM_Web%5Capps%5Cplatform-admin%5C.next%5Cdev%5Ccache%2Fturbopack%5Cf37fad94%5C00001140.sst%0A%20%20%20%20%20%203%3A%20The%20system%20cannot%20find%20the%20path%20specified.%20%28os%20error%203%29%0A%60%60%60&labels=Turbopack,Turbopack%20Panic%20Backtrace
[platform] -----
[platform] 
[platform] 
[platform] thread '<unnamed>' (8532) panicked at turbopack\crates\turbo-tasks-backend\src\backend\operation\mod.rs:619:14:
[platform] Failed to lookup task ids: Looking up task id for CachedTaskType { native_fn: NativeFunction { name: "get_source_map_rope_operation", global_name: "next_napi_bindings::next_api::project::get_source_map_rope_operation", .. }, this: None, arg: (ResolvedVc(RawVc::TaskCell(1, "next_api::project::ProjectContainer#0")), "TurbopackInternalError: Failed to lookup task ids: Looking up task id for CachedTaskType { native_fn: NativeFunction { name: \"get_written_endpoint_with_issues_operation\", global_name: \"next_napi_bindings::next_api::endpoint::get_written_endpoint_with_issues_operation\", .. }, this: None, arg: (OperationVc { node: RawVc::TaskOutput(631) },) } from database failed") } from database failed
[platform] 
[platform] Caused by:
[platform]     0: Unable to open static sorted file referenced from 00002694.meta
[platform]     1: Unable to open static sorted file 00002690.sst
[platform]     2: Failed to open SST file C:\CM_Web\apps\platform-admin\.next\dev\cache/turbopack\f37fad94\00002690.sst
[platform]     3: The system cannot find the path specified. (os error 3)
[platform] ⨯ Error [TurbopackInternalError]: Failed to lookup task ids: Looking up task id for CachedTaskType { native_fn: NativeFunction { name: "get_written_endpoint_with_issues_operation", global_name: "next_napi_bindings::next_api::endpoint::get_written_endpoint_with_issues_operation", .. }, this: None, arg: (OperationVc { node: RawVc::TaskOutput(631) },) } from database failed
[platform] 
[platform] Debug info:
[platform] - Failed to lookup task ids: Looking up task id for CachedTaskType { native_fn: NativeFunction { name: "get_written_endpoint_with_issues_operation", global_name: "next_napi_bindings::next_api::endpoint::get_written_endpoint_with_issues_operation", .. }, this: None, arg: (OperationVc { node: RawVc::TaskOutput(631) },) } from database failed
[platform]   
[platform]   Caused by:
[platform]       0: Unable to open static sorted file referenced from 00001144.meta
[platform]       1: Unable to open static sorted file 00001140.sst
[platform]       2: Failed to open SST file C:\CM_Web\apps\platform-admin\.next\dev\cache/turbopack\f37fad94\00001140.sst
[platform]       3: The system cannot find the path specified. (os error 3)
[platform]     at <unknown> (TurbopackInternalError: Failed to lookup task ids: Looking up task id for CachedTaskType { native_fn: NativeFunction { name: "get_written_endpoint_with_issues_operation", global_name: "next_napi_bindings::next_api::endpoint::get_written_endpoint_with_issues_operation", .. }, this: None, arg: (OperationVc { node: RawVc::TaskOutput(631) },) } from database failed) {
[platform]   location: 'turbopack\\crates\\turbo-tasks-backend\\src\\backend\\operation\\mod.rs:619:14'
[platform] }
[platform] 
[platform] thread 'tokio-runtime-worker' (33300) panicked at turbopack\crates\turbo-tasks-backend\src\backend\operation\mod.rs:619:14:
[platform] Failed to lookup task ids: Looking up task id for CachedTaskType { native_fn: NativeFunction { name: "get_written_endpoint_with_issues_operation", global_name: "next_napi_bindings::next_api::endpoint::get_written_endpoint_with_issues_operation", .. }, this: None, arg: (OperationVc { node: RawVc::TaskOutput(631) },) } from database failed
[platform] 
[platform] Caused by:
[platform]     0: Unable to open static sorted file referenced from 00001144.meta
[platform]     1: Unable to open static sorted file 00001140.sst
[platform]     2: Failed to open SST file C:\CM_Web\apps\platform-admin\.next\dev\cache/turbopack\f37fad94\00001140.sst
[platform]     3: The system cannot find the path specified. (os error 3)
[platform] Error: ENOENT: no such file or directory, open 'C:\CM_Web\apps\platform-admin\.next\dev\server\app\page\build-manifest.json'
[platform]     at ignore-listed frames {
[platform]   errno: -4058,
[platform]   code: 'ENOENT',
[platform]   syscall: 'open',
[platform]   path: 'C:\\CM_Web\\apps\\platform-admin\\.next\\dev\\server\\app\\page\\build-manifest.json'
[platform] }
[platform] 
[platform] thread 'tokio-runtime-worker' (29260) panicked at turbopack\crates\turbo-tasks-backend\src\backend\operation\mod.rs:619:14:
[platform] Failed to lookup task ids: Looking up task id for CachedTaskType { native_fn: NativeFunction { name: "get_written_endpoint_with_issues_operation", global_name: "next_napi_bindings::next_api::endpoint::get_written_endpoint_with_issues_operation", .. }, this: None, arg: (OperationVc { node: RawVc::TaskOutput(631) },) } from database failed
[platform] 
[platform] Caused by:
[platform]     0: Unable to open static sorted file referenced from 00001144.meta
[platform]     1: Unable to open static sorted file 00001140.sst
[platform]     2: Failed to open SST file C:\CM_Web\apps\platform-admin\.next\dev\cache/turbopack\f37fad94\00001140.sst
[platform]     3: The system cannot find the path specified. (os error 3)
[platform] 
[platform] thread '<unnamed>' (8532) panicked at turbopack\crates\turbo-tasks-backend\src\backend\operation\mod.rs:619:14:
[platform] Failed to lookup task ids: Looking up task id for CachedTaskType { native_fn: NativeFunction { name: "get_source_map_rope_operation", global_name: "next_napi_bindings::next_api::project::get_source_map_rope_operation", .. }, this: None, arg: (ResolvedVc(RawVc::TaskCell(1, "next_api::project::ProjectContainer#0")), "TurbopackInternalError: Failed to lookup task ids: Looking up task id for CachedTaskType { native_fn: NativeFunction { name: \"get_written_endpoint_with_issues_operation\", global_name: \"next_napi_bindings::next_api::endpoint::get_written_endpoint_with_issues_operation\", .. }, this: None, arg: (OperationVc { node: RawVc::TaskOutput(631) },) } from database failed") } from database failed
[platform] 
[platform] Caused by:
[platform]     0: Unable to open static sorted file referenced from 00002694.meta
[platform]     1: Unable to open static sorted file 00002690.sst
[platform]     2: Failed to open SST file C:\CM_Web\apps\platform-admin\.next\dev\cache/turbopack\f37fad94\00002690.sst
[platform]     3: The system cannot find the path specified. (os error 3)
[platform] ⨯ Error [TurbopackInternalError]: Failed to lookup task ids: Looking up task id for CachedTaskType { native_fn: NativeFunction { name: "get_written_endpoint_with_issues_operation", global_name: "next_napi_bindings::next_api::endpoint::get_written_endpoint_with_issues_operation", .. }, this: None, arg: (OperationVc { node: RawVc::TaskOutput(631) },) } from database failed
[platform] 
[platform] Debug info:
[platform] - Failed to lookup task ids: Looking up task id for CachedTaskType { native_fn: NativeFunction { name: "get_written_endpoint_with_issues_operation", global_name: "next_napi_bindings::next_api::endpoint::get_written_endpoint_with_issues_operation", .. }, this: None, arg: (OperationVc { node: RawVc::TaskOutput(631) },) } from database failed
[platform]   
[platform]   Caused by:
[platform]       0: Unable to open static sorted file referenced from 00001144.meta
[platform]       1: Unable to open static sorted file 00001140.sst
[platform]       2: Failed to open SST file C:\CM_Web\apps\platform-admin\.next\dev\cache/turbopack\f37fad94\00001140.sst
[platform]       3: The system cannot find the path specified. (os error 3)
[platform]     at <unknown> (TurbopackInternalError: Failed to lookup task ids: Looking up task id for CachedTaskType { native_fn: NativeFunction { name: "get_written_endpoint_with_issues_operation", global_name: "next_napi_bindings::next_api::endpoint::get_written_endpoint_with_issues_operation", .. }, this: None, arg: (OperationVc { node: RawVc::TaskOutput(631) },) } from database failed) {
[platform]   location: 'turbopack\\crates\\turbo-tasks-backend\\src\\backend\\operation\\mod.rs:619:14'
[platform] }
[platform] 
[platform] thread 'tokio-runtime-worker' (29260) panicked at turbopack\crates\turbo-tasks-backend\src\backend\operation\mod.rs:619:14:
[platform] Failed to lookup task ids: Looking up task id for CachedTaskType { native_fn: NativeFunction { name: "get_written_endpoint_with_issues_operation", global_name: "next_napi_bindings::next_api::endpoint::get_written_endpoint_with_issues_operation", .. }, this: None, arg: (OperationVc { node: RawVc::TaskOutput(631) },) } from database failed
[platform] 
[platform] Caused by:
[platform]     0: Unable to open static sorted file referenced from 00001144.meta
[platform]     1: Unable to open static sorted file 00001140.sst
[platform]     2: Failed to open SST file C:\CM_Web\apps\platform-admin\.next\dev\cache/turbopack\f37fad94\00001140.sst
[platform]     3: The system cannot find the path specified. (os error 3)
[platform] 
[platform] thread '<unnamed>' (8532) panicked at turbopack\crates\turbo-tasks-backend\src\backend\operation\mod.rs:619:14:
[platform] Failed to lookup task ids: Looking up task id for CachedTaskType { native_fn: NativeFunction { name: "get_source_map_rope_operation", global_name: "next_napi_bindings::next_api::project::get_source_map_rope_operation", .. }, this: None, arg: (ResolvedVc(RawVc::TaskCell(1, "next_api::project::ProjectContainer#0")), "TurbopackInternalError: Failed to lookup task ids: Looking up task id for CachedTaskType { native_fn: NativeFunction { name: \"get_written_endpoint_with_issues_operation\", global_name: \"next_napi_bindings::next_api::endpoint::get_written_endpoint_with_issues_operation\", .. }, this: None, arg: (OperationVc { node: RawVc::TaskOutput(631) },) } from database failed") } from database failed
[platform] 
[platform] Caused by:
[platform]     0: Unable to open static sorted file referenced from 00002694.meta
[platform]     1: Unable to open static sorted file 00002690.sst
[platform]     2: Failed to open SST file C:\CM_Web\apps\platform-admin\.next\dev\cache/turbopack\f37fad94\00002690.sst
[platform]     3: The system cannot find the path specified. (os error 3)
[platform] Error [TurbopackInternalError]: Failed to lookup task ids: Looking up task id for CachedTaskType { native_fn: NativeFunction { name: "get_written_endpoint_with_issues_operation", global_name: "next_napi_bindings::next_api::endpoint::get_written_endpoint_with_issues_operation", .. }, this: None, arg: (OperationVc { node: RawVc::TaskOutput(631) },) } from database failed
[platform] 
[platform] Debug info:
[platform] - Failed to lookup task ids: Looking up task id for CachedTaskType { native_fn: NativeFunction { name: "get_written_endpoint_with_issues_operation", global_name: "next_napi_bindings::next_api::endpoint::get_written_endpoint_with_issues_operation", .. }, this: None, arg: (OperationVc { node: RawVc::TaskOutput(631) },) } from database failed
[platform]   
[platform]   Caused by:
[platform]       0: Unable to open static sorted file referenced from 00001144.meta
[platform]       1: Unable to open static sorted file 00001140.sst
[platform]       2: Failed to open SST file C:\CM_Web\apps\platform-admin\.next\dev\cache/turbopack\f37fad94\00001140.sst
[platform]       3: The system cannot find the path specified. (os error 3)
[platform]     at <unknown> (TurbopackInternalError: Failed to lookup task ids: Looking up task id for CachedTaskType { native_fn: NativeFunction { name: "get_written_endpoint_with_issues_operation", global_name: "next_napi_bindings::next_api::endpoint::get_written_endpoint_with_issues_operation", .. }, this: None, arg: (OperationVc { node: RawVc::TaskOutput(631) },) } from database failed) {
[platform]   location: 'turbopack\\crates\\turbo-tasks-backend\\src\\backend\\operation\\mod.rs:619:14'
[platform] }
[platform] Persisting failed: Another write batch or compaction is already active (Only a single write operations is allowed at a time)
[platform] Compaction failed: Another write batch or compaction is already active (Only a single write operations is allowed at a time)
[platform] ⨯ Error: ENOENT: no such file or directory, open 'C:\CM_Web\apps\platform-admin\.next\dev\server\app\page\build-manifest.json'
[platform]     at ignore-listed frames {
[platform]   errno: -4058,
[platform]   code: 'ENOENT',
[platform]   syscall: 'open',
[platform]   path: 'C:\\CM_Web\\apps\\platform-admin\\.next\\dev\\server\\app\\page\\build-manifest.json'
[platform] }
[platform] 
[platform] thread 'tokio-runtime-worker' (25968) panicked at turbopack\crates\turbo-tasks-backend\src\backend\operation\mod.rs:619:14:
[platform] Failed to lookup task ids: Looking up task id for CachedTaskType { native_fn: NativeFunction { name: "get_written_endpoint_with_issues_operation", global_name: "next_napi_bindings::next_api::endpoint::get_written_endpoint_with_issues_operation", .. }, this: None, arg: (OperationVc { node: RawVc::TaskOutput(631) },) } from database failed
[platform] 
[platform] Caused by:
[platform]     0: Unable to open static sorted file referenced from 00001144.meta
[platform]     1: Unable to open static sorted file 00001140.sst
[platform]     2: Failed to open SST file C:\CM_Web\apps\platform-admin\.next\dev\cache/turbopack\f37fad94\00001140.sst
[platform]     3: The system cannot find the path specified. (os error 3)
[platform] 
[platform] -----
[platform] [1m[31mFATAL[39m[0m: An unexpected Turbopack error occurred. A panic log has been written to C:\Users\jagan\AppData\Local\Temp\next-panic-f344bece0b849ac93d34acbb79e46144.log.
[platform] 
[platform] To help make Turbopack better, report this error by clicking here: https://bugs.nextjs.org/search?category=turbopack-error-report&title=Turbopack%20Error%3A%20Failed%20to%20lookup%20task%20ids%3A%20Looking%20up%20task%20id%20for%20CachedTaskType%20%7B%20native_fn%3A%20NativeFunction%20%7B%20name%3A%20%22get_written_endpoint_with_issues_operation%22%2C%20global_name%3A%20%22next_napi_bindings%3A%3Anext_api%3A%3Aendpoint%3A%3Aget_written_endpoint_with_issues_operation%22%2C%20..%20%7D%2C%20this%3A%20None%2C%20arg%3A%20%28OperationVc%20%7B%20node%3A%20RawVc%3A%3ATaskOutput%28631%29%20%7D%2C%29%20%7D%20from%20database%20failed&body=Turbopack%20version%3A%20%60f37fad94%60%0ANext.js%20version%3A%20%600.0.0%60%0A%0AError%20message%3A%0A%60%60%60%0AFailed%20to%20lookup%20task%20ids%3A%20Looking%20up%20task%20id%20for%20CachedTaskType%20%7B%20native_fn%3A%20NativeFunction%20%7B%20name%3A%20%22get_written_endpoint_with_issues_operation%22%2C%20global_name%3A%20%22next_napi_bindings%3A%3Anext_api%3A%3Aendpoint%3A%3Aget_written_endpoint_with_issues_operation%22%2C%20..%20%7D%2C%20this%3A%20None%2C%20arg%3A%20%28OperationVc%20%7B%20node%3A%20RawVc%3A%3ATaskOutput%28631%29%20%7D%2C%29%20%7D%20from%20database%20failed%0A%0ADebug%20info%3A%0A-%20Failed%20to%20lookup%20task%20ids%3A%20Looking%20up%20task%20id%20for%20CachedTaskType%20%7B%20native_fn%3A%20NativeFunction%20%7B%20name%3A%20%22get_written_endpoint_with_issues_operation%22%2C%20global_name%3A%20%22next_napi_bindings%3A%3Anext_api%3A%3Aendpoint%3A%3Aget_written_endpoint_with_issues_operation%22%2C%20..%20%7D%2C%20this%3A%20None%2C%20arg%3A%20%28OperationVc%20%7B%20node%3A%20RawVc%3A%3ATaskOutput%28631%29%20%7D%2C%29%20%7D%20from%20database%20failed%0A%20%20%0A%20%20Caused%20by%3A%0A%20%20%20%20%20%200%3A%20Unable%20to%20open%20static%20sorted%20file%20referenced%20from%2000001144.meta%0A%20%20%20%20%20%201%3A%20Unable%20to%20open%20static%20sorted%20file%2000001140.sst%0A%20%20%20%20%20%202%3A%20Failed%20to%20open%20SST%20file%20C%3A%5CCM_Web%5Capps%5Cplatform-admin%5C.next%5Cdev%5Ccache%2Fturbopack%5Cf37fad94%5C00001140.sst%0A%20%20%20%20%20%203%3A%20The%20system%20cannot%20find%20the%20path%20specified.%20%28os%20error%203%29%0A%60%60%60&labels=Turbopack,Turbopack%20Panic%20Backtrace
[platform] -----
[platform] 
[platform] 
[platform] thread '<unnamed>' (8532) panicked at turbopack\crates\turbo-tasks-backend\src\backend\operation\mod.rs:619:14:
[platform] Failed to lookup task ids: Looking up task id for CachedTaskType { native_fn: NativeFunction { name: "get_source_map_rope_operation", global_name: "next_napi_bindings::next_api::project::get_source_map_rope_operation", .. }, this: None, arg: (ResolvedVc(RawVc::TaskCell(1, "next_api::project::ProjectContainer#0")), "TurbopackInternalError: Failed to lookup task ids: Looking up task id for CachedTaskType { native_fn: NativeFunction { name: \"get_written_endpoint_with_issues_operation\", global_name: \"next_napi_bindings::next_api::endpoint::get_written_endpoint_with_issues_operation\", .. }, this: None, arg: (OperationVc { node: RawVc::TaskOutput(631) },) } from database failed") } from database failed
[platform] 
[platform] Caused by:
[platform]     0: Unable to open static sorted file referenced from 00002694.meta
[platform]     1: Unable to open static sorted file 00002690.sst
[platform]     2: Failed to open SST file C:\CM_Web\apps\platform-admin\.next\dev\cache/turbopack\f37fad94\00002690.sst
[platform]     3: The system cannot find the path specified. (os error 3)
[platform] ⨯ Error [TurbopackInternalError]: Failed to lookup task ids: Looking up task id for CachedTaskType { native_fn: NativeFunction { name: "get_written_endpoint_with_issues_operation", global_name: "next_napi_bindings::next_api::endpoint::get_written_endpoint_with_issues_operation", .. }, this: None, arg: (OperationVc { node: RawVc::TaskOutput(631) },) } from database failed
[platform] 
[platform] Debug info:
[platform] - Failed to lookup task ids: Looking up task id for CachedTaskType { native_fn: NativeFunction { name: "get_written_endpoint_with_issues_operation", global_name: "next_napi_bindings::next_api::endpoint::get_written_endpoint_with_issues_operation", .. }, this: None, arg: (OperationVc { node: RawVc::TaskOutput(631) },) } from database failed
[platform]   
[platform]   Caused by:
[platform]       0: Unable to open static sorted file referenced from 00001144.meta
[platform]       1: Unable to open static sorted file 00001140.sst
[platform]       2: Failed to open SST file C:\CM_Web\apps\platform-admin\.next\dev\cache/turbopack\f37fad94\00001140.sst
[platform]       3: The system cannot find the path specified. (os error 3)
[platform]     at <unknown> (TurbopackInternalError: Failed to lookup task ids: Looking up task id for CachedTaskType { native_fn: NativeFunction { name: "get_written_endpoint_with_issues_operation", global_name: "next_napi_bindings::next_api::endpoint::get_written_endpoint_with_issues_operation", .. }, this: None, arg: (OperationVc { node: RawVc::TaskOutput(631) },) } from database failed) {
[platform]   location: 'turbopack\\crates\\turbo-tasks-backend\\src\\backend\\operation\\mod.rs:619:14'
[platform] }
[platform] 
[platform] thread 'tokio-runtime-worker' (29056) panicked at turbopack\crates\turbo-tasks-backend\src\backend\operation\mod.rs:619:14:
[platform] Failed to lookup task ids: Looking up task id for CachedTaskType { native_fn: NativeFunction { name: "get_written_endpoint_with_issues_operation", global_name: "next_napi_bindings::next_api::endpoint::get_written_endpoint_with_issues_operation", .. }, this: None, arg: (OperationVc { node: RawVc::TaskOutput(631) },) } from database failed
[platform] 
[platform] Caused by:
[platform]     0: Unable to open static sorted file referenced from 00001144.meta
[platform]     1: Unable to open static sorted file 00001140.sst
[platform]     2: Failed to open SST file C:\CM_Web\apps\platform-admin\.next\dev\cache/turbopack\f37fad94\00001140.sst
[platform]     3: The system cannot find the path specified. (os error 3)
[platform] Error: ENOENT: no such file or directory, open 'C:\CM_Web\apps\platform-admin\.next\dev\server\app\page\build-manifest.json'
[platform]     at ignore-listed frames {
[platform]   errno: -4058,
[platform]   code: 'ENOENT',
[platform]   syscall: 'open',
[platform]   path: 'C:\\CM_Web\\apps\\platform-admin\\.next\\dev\\server\\app\\page\\build-manifest.json'
[platform] }
[platform] 
[platform] thread 'tokio-runtime-worker' (25968) panicked at turbopack\crates\turbo-tasks-backend\src\backend\operation\mod.rs:619:14:
[platform] Failed to lookup task ids: Looking up task id for CachedTaskType { native_fn: NativeFunction { name: "get_written_endpoint_with_issues_operation", global_name: "next_napi_bindings::next_api::endpoint::get_written_endpoint_with_issues_operation", .. }, this: None, arg: (OperationVc { node: RawVc::TaskOutput(631) },) } from database failed
[platform] 
[platform] Caused by:
[platform]     0: Unable to open static sorted file referenced from 00001144.meta
[platform]     1: Unable to open static sorted file 00001140.sst
[platform]     2: Failed to open SST file C:\CM_Web\apps\platform-admin\.next\dev\cache/turbopack\f37fad94\00001140.sst
[platform]     3: The system cannot find the path specified. (os error 3)
[platform] 
[platform] thread '<unnamed>' (8532) panicked at turbopack\crates\turbo-tasks-backend\src\backend\operation\mod.rs:619:14:
[platform] Failed to lookup task ids: Looking up task id for CachedTaskType { native_fn: NativeFunction { name: "get_source_map_rope_operation", global_name: "next_napi_bindings::next_api::project::get_source_map_rope_operation", .. }, this: None, arg: (ResolvedVc(RawVc::TaskCell(1, "next_api::project::ProjectContainer#0")), "TurbopackInternalError: Failed to lookup task ids: Looking up task id for CachedTaskType { native_fn: NativeFunction { name: \"get_written_endpoint_with_issues_operation\", global_name: \"next_napi_bindings::next_api::endpoint::get_written_endpoint_with_issues_operation\", .. }, this: None, arg: (OperationVc { node: RawVc::TaskOutput(631) },) } from database failed") } from database failed
[platform] 
[platform] Caused by:
[platform]     0: Unable to open static sorted file referenced from 00002694.meta
[platform]     1: Unable to open static sorted file 00002690.sst
[platform]     2: Failed to open SST file C:\CM_Web\apps\platform-admin\.next\dev\cache/turbopack\f37fad94\00002690.sst
[platform]     3: The system cannot find the path specified. (os error 3)
[platform] ⨯ Error [TurbopackInternalError]: Failed to lookup task ids: Looking up task id for CachedTaskType { native_fn: NativeFunction { name: "get_written_endpoint_with_issues_operation", global_name: "next_napi_bindings::next_api::endpoint::get_written_endpoint_with_issues_operation", .. }, this: None, arg: (OperationVc { node: RawVc::TaskOutput(631) },) } from database failed
[platform] 
[platform] Debug info:
[platform] - Failed to lookup task ids: Looking up task id for CachedTaskType { native_fn: NativeFunction { name: "get_written_endpoint_with_issues_operation", global_name: "next_napi_bindings::next_api::endpoint::get_written_endpoint_with_issues_operation", .. }, this: None, arg: (OperationVc { node: RawVc::TaskOutput(631) },) } from database failed
[platform]   
[platform]   Caused by:
[platform]       0: Unable to open static sorted file referenced from 00001144.meta
[platform]       1: Unable to open static sorted file 00001140.sst
[platform]       2: Failed to open SST file C:\CM_Web\apps\platform-admin\.next\dev\cache/turbopack\f37fad94\00001140.sst
[platform]       3: The system cannot find the path specified. (os error 3)
[platform]     at <unknown> (TurbopackInternalError: Failed to lookup task ids: Looking up task id for CachedTaskType { native_fn: NativeFunction { name: "get_written_endpoint_with_issues_operation", global_name: "next_napi_bindings::next_api::endpoint::get_written_endpoint_with_issues_operation", .. }, this: None, arg: (OperationVc { node: RawVc::TaskOutput(631) },) } from database failed) {
[platform]   location: 'turbopack\\crates\\turbo-tasks-backend\\src\\backend\\operation\\mod.rs:619:14'
[platform] }
[platform] 
[platform] thread 'tokio-runtime-worker' (25968) panicked at turbopack\crates\turbo-tasks-backend\src\backend\operation\mod.rs:619:14:
[platform] Failed to lookup task ids: Looking up task id for CachedTaskType { native_fn: NativeFunction { name: "get_written_endpoint_with_issues_operation", global_name: "next_napi_bindings::next_api::endpoint::get_written_endpoint_with_issues_operation", .. }, this: None, arg: (OperationVc { node: RawVc::TaskOutput(631) },) } from database failed
[platform] 
[platform] Caused by:
[platform]     0: Unable to open static sorted file referenced from 00001144.meta
[platform]     1: Unable to open static sorted file 00001140.sst
[platform]     2: Failed to open SST file C:\CM_Web\apps\platform-admin\.next\dev\cache/turbopack\f37fad94\00001140.sst
[platform]     3: The system cannot find the path specified. (os error 3)
[platform] 
[platform] thread '<unnamed>' (8532) panicked at turbopack\crates\turbo-tasks-backend\src\backend\operation\mod.rs:619:14:
[platform] Failed to lookup task ids: Looking up task id for CachedTaskType { native_fn: NativeFunction { name: "get_source_map_rope_operation", global_name: "next_napi_bindings::next_api::project::get_source_map_rope_operation", .. }, this: None, arg: (ResolvedVc(RawVc::TaskCell(1, "next_api::project::ProjectContainer#0")), "TurbopackInternalError: Failed to lookup task ids: Looking up task id for CachedTaskType { native_fn: NativeFunction { name: \"get_written_endpoint_with_issues_operation\", global_name: \"next_napi_bindings::next_api::endpoint::get_written_endpoint_with_issues_operation\", .. }, this: None, arg: (OperationVc { node: RawVc::TaskOutput(631) },) } from database failed") } from database failed
[platform] 
[platform] Caused by:
[platform]     0: Unable to open static sorted file referenced from 00002694.meta
[platform]     1: Unable to open static sorted file 00002690.sst
[platform]     2: Failed to open SST file C:\CM_Web\apps\platform-admin\.next\dev\cache/turbopack\f37fad94\00002690.sst
[platform]     3: The system cannot find the path specified. (os error 3)
[platform] Error [TurbopackInternalError]: Failed to lookup task ids: Looking up task id for CachedTaskType { native_fn: NativeFunction { name: "get_written_endpoint_with_issues_operation", global_name: "next_napi_bindings::next_api::endpoint::get_written_endpoint_with_issues_operation", .. }, this: None, arg: (OperationVc { node: RawVc::TaskOutput(631) },) } from database failed
[platform] 
[platform] Debug info:
[platform] - Failed to lookup task ids: Looking up task id for CachedTaskType { native_fn: NativeFunction { name: "get_written_endpoint_with_issues_operation", global_name: "next_napi_bindings::next_api::endpoint::get_written_endpoint_with_issues_operation", .. }, this: None, arg: (OperationVc { node: RawVc::TaskOutput(631) },) } from database failed
[platform]   
[platform]   Caused by:
[platform]       0: Unable to open static sorted file referenced from 00001144.meta
[platform]       1: Unable to open static sorted file 00001140.sst
[platform]       2: Failed to open SST file C:\CM_Web\apps\platform-admin\.next\dev\cache/turbopack\f37fad94\00001140.sst
[platform]       3: The system cannot find the path specified. (os error 3)
[platform]     at <unknown> (TurbopackInternalError: Failed to lookup task ids: Looking up task id for CachedTaskType { native_fn: NativeFunction { name: "get_written_endpoint_with_issues_operation", global_name: "next_napi_bindings::next_api::endpoint::get_written_endpoint_with_issues_operation", .. }, this: None, arg: (OperationVc { node: RawVc::TaskOutput(631) },) } from database failed) {
[platform]   location: 'turbopack\\crates\\turbo-tasks-backend\\src\\backend\\operation\\mod.rs:619:14'
[platform] }
[platform] ⨯ Error: ENOENT: no such file or directory, open 'C:\CM_Web\apps\platform-admin\.next\dev\server\app\page\build-manifest.json'
[platform]     at ignore-listed frames {
[platform]   errno: -4058,
[platform]   code: 'ENOENT',
[platform]   syscall: 'open',
[platform]   path: 'C:\\CM_Web\\apps\\platform-admin\\.next\\dev\\server\\app\\page\\build-manifest.json'
[platform] }
[platform] 
[platform] thread 'tokio-runtime-worker' (29056) panicked at turbopack\crates\turbo-tasks-backend\src\backend\operation\mod.rs:619:14:
[platform] Failed to lookup task ids: Looking up task id for CachedTaskType { native_fn: NativeFunction { name: "get_written_endpoint_with_issues_operation", global_name: "next_napi_bindings::next_api::endpoint::get_written_endpoint_with_issues_operation", .. }, this: None, arg: (OperationVc { node: RawVc::TaskOutput(631) },) } from database failed
[platform] 
[platform] Caused by:
[platform]     0: Unable to open static sorted file referenced from 00001144.meta
[platform]     1: Unable to open static sorted file 00001140.sst
[platform]     2: Failed to open SST file C:\CM_Web\apps\platform-admin\.next\dev\cache/turbopack\f37fad94\00001140.sst
[platform]     3: The system cannot find the path specified. (os error 3)
[platform] 
[platform] thread '<unnamed>' (8532) panicked at turbopack\crates\turbo-tasks-backend\src\backend\operation\mod.rs:619:14:
[platform] Failed to lookup task ids: Looking up task id for CachedTaskType { native_fn: NativeFunction { name: "get_source_map_rope_operation", global_name: "next_napi_bindings::next_api::project::get_source_map_rope_operation", .. }, this: None, arg: (ResolvedVc(RawVc::TaskCell(1, "next_api::project::ProjectContainer#0")), "TurbopackInternalError: Failed to lookup task ids: Looking up task id for CachedTaskType { native_fn: NativeFunction { name: \"get_written_endpoint_with_issues_operation\", global_name: \"next_napi_bindings::next_api::endpoint::get_written_endpoint_with_issues_operation\", .. }, this: None, arg: (OperationVc { node: RawVc::TaskOutput(631) },) } from database failed") } from database failed
[platform] 
[platform] Caused by:
[platform]     0: Unable to open static sorted file referenced from 00002694.meta
[platform]     1: Unable to open static sorted file 00002690.sst
[platform]     2: Failed to open SST file C:\CM_Web\apps\platform-admin\.next\dev\cache/turbopack\f37fad94\00002690.sst
[platform]     3: The system cannot find the path specified. (os error 3)
[platform] ⨯ Error [TurbopackInternalError]: Failed to lookup task ids: Looking up task id for CachedTaskType { native_fn: NativeFunction { name: "get_written_endpoint_with_issues_operation", global_name: "next_napi_bindings::next_api::endpoint::get_written_endpoint_with_issues_operation", .. }, this: None, arg: (OperationVc { node: RawVc::TaskOutput(631) },) } from database failed
[platform] 
[platform] Debug info:
[platform] - Failed to lookup task ids: Looking up task id for CachedTaskType { native_fn: NativeFunction { name: "get_written_endpoint_with_issues_operation", global_name: "next_napi_bindings::next_api::endpoint::get_written_endpoint_with_issues_operation", .. }, this: None, arg: (OperationVc { node: RawVc::TaskOutput(631) },) } from database failed
[platform]   
[platform]   Caused by:
[platform]       0: Unable to open static sorted file referenced from 00001144.meta
[platform]       1: Unable to open static sorted file 00001140.sst
[platform]       2: Failed to open SST file C:\CM_Web\apps\platform-admin\.next\dev\cache/turbopack\f37fad94\00001140.sst
[platform]       3: The system cannot find the path specified. (os error 3)
[platform]     at <unknown> (TurbopackInternalError: Failed to lookup task ids: Looking up task id for CachedTaskType { native_fn: NativeFunction { name: "get_written_endpoint_with_issues_operation", global_name: "next_napi_bindings::next_api::endpoint::get_written_endpoint_with_issues_operation", .. }, this: None, arg: (OperationVc { node: RawVc::TaskOutput(631) },) } from database failed) {
[platform]   location: 'turbopack\\crates\\turbo-tasks-backend\\src\\backend\\operation\\mod.rs:619:14'
[platform] }
[platform] 
[platform] thread 'tokio-runtime-worker' (29056) panicked at turbopack\crates\turbo-tasks-backend\src\backend\operation\mod.rs:619:14:
[platform] Failed to lookup task ids: Looking up task id for CachedTaskType { native_fn: NativeFunction { name: "get_written_endpoint_with_issues_operation", global_name: "next_napi_bindings::next_api::endpoint::get_written_endpoint_with_issues_operation", .. }, this: None, arg: (OperationVc { node: RawVc::TaskOutput(631) },) } from database failed
[platform] 
[platform] Caused by:
[platform]     0: Unable to open static sorted file referenced from 00001144.meta
[platform]     1: Unable to open static sorted file 00001140.sst
[platform]     2: Failed to open SST file C:\CM_Web\apps\platform-admin\.next\dev\cache/turbopack\f37fad94\00001140.sst
[platform]     3: The system cannot find the path specified. (os error 3)
[platform] Error: ENOENT: no such file or directory, open 'C:\CM_Web\apps\platform-admin\.next\dev\server\app\page\build-manifest.json'
[platform]     at ignore-listed frames {
[platform]   errno: -4058,
[platform]   code: 'ENOENT',
[platform]   syscall: 'open',
[platform]   path: 'C:\\CM_Web\\apps\\platform-admin\\.next\\dev\\server\\app\\page\\build-manifest.json'
[platform] }
[platform] 
[platform] thread 'tokio-runtime-worker' (21264) panicked at turbopack\crates\turbo-tasks-backend\src\backend\operation\mod.rs:619:14:
[platform] Failed to lookup task ids: Looking up task id for CachedTaskType { native_fn: NativeFunction { name: "get_written_endpoint_with_issues_operation", global_name: "next_napi_bindings::next_api::endpoint::get_written_endpoint_with_issues_operation", .. }, this: None, arg: (OperationVc { node: RawVc::TaskOutput(631) },) } from database failed
[platform] 
[platform] Caused by:
[platform]     0: Unable to open static sorted file referenced from 00001144.meta
[platform]     1: Unable to open static sorted file 00001140.sst
[platform]     2: Failed to open SST file C:\CM_Web\apps\platform-admin\.next\dev\cache/turbopack\f37fad94\00001140.sst
[platform]     3: The system cannot find the path specified. (os error 3)
[platform] 
[platform] thread '<unnamed>' (8532) panicked at turbopack\crates\turbo-tasks-backend\src\backend\operation\mod.rs:619:14:
[platform] Failed to lookup task ids: Looking up task id for CachedTaskType { native_fn: NativeFunction { name: "get_source_map_rope_operation", global_name: "next_napi_bindings::next_api::project::get_source_map_rope_operation", .. }, this: None, arg: (ResolvedVc(RawVc::TaskCell(1, "next_api::project::ProjectContainer#0")), "TurbopackInternalError: Failed to lookup task ids: Looking up task id for CachedTaskType { native_fn: NativeFunction { name: \"get_written_endpoint_with_issues_operation\", global_name: \"next_napi_bindings::next_api::endpoint::get_written_endpoint_with_issues_operation\", .. }, this: None, arg: (OperationVc { node: RawVc::TaskOutput(631) },) } from database failed") } from database failed
[platform] 
[platform] Caused by:
[platform]     0: Unable to open static sorted file referenced from 00002694.meta
[platform]     1: Unable to open static sorted file 00002690.sst
[platform]     2: Failed to open SST file C:\CM_Web\apps\platform-admin\.next\dev\cache/turbopack\f37fad94\00002690.sst
[platform]     3: The system cannot find the path specified. (os error 3)
[platform] ⨯ Error [TurbopackInternalError]: Failed to lookup task ids: Looking up task id for CachedTaskType { native_fn: NativeFunction { name: "get_written_endpoint_with_issues_operation", global_name: "next_napi_bindings::next_api::endpoint::get_written_endpoint_with_issues_operation", .. }, this: None, arg: (OperationVc { node: RawVc::TaskOutput(631) },) } from database failed
[platform] 
[platform] Debug info:
[platform] - Failed to lookup task ids: Looking up task id for CachedTaskType { native_fn: NativeFunction { name: "get_written_endpoint_with_issues_operation", global_name: "next_napi_bindings::next_api::endpoint::get_written_endpoint_with_issues_operation", .. }, this: None, arg: (OperationVc { node: RawVc::TaskOutput(631) },) } from database failed
[platform]   
[platform]   Caused by:
[platform]       0: Unable to open static sorted file referenced from 00001144.meta
[platform]       1: Unable to open static sorted file 00001140.sst
[platform]       2: Failed to open SST file C:\CM_Web\apps\platform-admin\.next\dev\cache/turbopack\f37fad94\00001140.sst
[platform]       3: The system cannot find the path specified. (os error 3)
[platform]     at <unknown> (TurbopackInternalError: Failed to lookup task ids: Looking up task id for CachedTaskType { native_fn: NativeFunction { name: "get_written_endpoint_with_issues_operation", global_name: "next_napi_bindings::next_api::endpoint::get_written_endpoint_with_issues_operation", .. }, this: None, arg: (OperationVc { node: RawVc::TaskOutput(631) },) } from database failed) {
[platform]   location: 'turbopack\\crates\\turbo-tasks-backend\\src\\backend\\operation\\mod.rs:619:14'
[platform] }
[platform] 
[platform] thread 'tokio-runtime-worker' (21264) panicked at turbopack\crates\turbo-tasks-backend\src\backend\operation\mod.rs:619:14:
[platform] Failed to lookup task ids: Looking up task id for CachedTaskType { native_fn: NativeFunction { name: "get_written_endpoint_with_issues_operation", global_name: "next_napi_bindings::next_api::endpoint::get_written_endpoint_with_issues_operation", .. }, this: None, arg: (OperationVc { node: RawVc::TaskOutput(631) },) } from database failed
[platform] 
[platform] Caused by:
[platform]     0: Unable to open static sorted file referenced from 00001144.meta
[platform]     1: Unable to open static sorted file 00001140.sst
[platform]     2: Failed to open SST file C:\CM_Web\apps\platform-admin\.next\dev\cache/turbopack\f37fad94\00001140.sst
[platform]     3: The system cannot find the path specified. (os error 3)
[platform] 
[platform] thread '<unnamed>' (8532) panicked at turbopack\crates\turbo-tasks-backend\src\backend\operation\mod.rs:619:14:
[platform] Failed to lookup task ids: Looking up task id for CachedTaskType { native_fn: NativeFunction { name: "get_source_map_rope_operation", global_name: "next_napi_bindings::next_api::project::get_source_map_rope_operation", .. }, this: None, arg: (ResolvedVc(RawVc::TaskCell(1, "next_api::project::ProjectContainer#0")), "TurbopackInternalError: Failed to lookup task ids: Looking up task id for CachedTaskType { native_fn: NativeFunction { name: \"get_written_endpoint_with_issues_operation\", global_name: \"next_napi_bindings::next_api::endpoint::get_written_endpoint_with_issues_operation\", .. }, this: None, arg: (OperationVc { node: RawVc::TaskOutput(631) },) } from database failed") } from database failed
[platform] 
[platform] Caused by:
[platform]     0: Unable to open static sorted file referenced from 00002694.meta
[platform]     1: Unable to open static sorted file 00002690.sst
[platform]     2: Failed to open SST file C:\CM_Web\apps\platform-admin\.next\dev\cache/turbopack\f37fad94\00002690.sst
[platform]     3: The system cannot find the path specified. (os error 3)
[platform] Error [TurbopackInternalError]: Failed to lookup task ids: Looking up task id for CachedTaskType { native_fn: NativeFunction { name: "get_written_endpoint_with_issues_operation", global_name: "next_napi_bindings::next_api::endpoint::get_written_endpoint_with_issues_operation", .. }, this: None, arg: (OperationVc { node: RawVc::TaskOutput(631) },) } from database failed
[platform] 
[platform] Debug info:
[platform] - Failed to lookup task ids: Looking up task id for CachedTaskType { native_fn: NativeFunction { name: "get_written_endpoint_with_issues_operation", global_name: "next_napi_bindings::next_api::endpoint::get_written_endpoint_with_issues_operation", .. }, this: None, arg: (OperationVc { node: RawVc::TaskOutput(631) },) } from database failed
[platform]   
[platform]   Caused by:
[platform]       0: Unable to open static sorted file referenced from 00001144.meta
[platform]       1: Unable to open static sorted file 00001140.sst
[platform]       2: Failed to open SST file C:\CM_Web\apps\platform-admin\.next\dev\cache/turbopack\f37fad94\00001140.sst
[platform]       3: The system cannot find the path specified. (os error 3)
[platform]     at <unknown> (TurbopackInternalError: Failed to lookup task ids: Looking up task id for CachedTaskType { native_fn: NativeFunction { name: "get_written_endpoint_with_issues_operation", global_name: "next_napi_bindings::next_api::endpoint::get_written_endpoint_with_issues_operation", .. }, this: None, arg: (OperationVc { node: RawVc::TaskOutput(631) },) } from database failed) {
[platform]   location: 'turbopack\\crates\\turbo-tasks-backend\\src\\backend\\operation\\mod.rs:619:14'
[platform] }
[platform] ⨯ Error: ENOENT: no such file or directory, open 'C:\CM_Web\apps\platform-admin\.next\dev\server\app\page\build-manifest.json'
[platform]     at ignore-listed frames {
[platform]   errno: -4058,
[platform]   code: 'ENOENT',
[platform]   syscall: 'open',
[platform]   path: 'C:\\CM_Web\\apps\\platform-admin\\.next\\dev\\server\\app\\page\\build-manifest.json'
[platform] }
[platform] 
[platform] thread 'tokio-runtime-worker' (25968) panicked at turbopack\crates\turbo-tasks-backend\src\backend\operation\mod.rs:619:14:
[platform] Failed to lookup task ids: Looking up task id for CachedTaskType { native_fn: NativeFunction { name: "get_written_endpoint_with_issues_operation", global_name: "next_napi_bindings::next_api::endpoint::get_written_endpoint_with_issues_operation", .. }, this: None, arg: (OperationVc { node: RawVc::TaskOutput(631) },) } from database failed
[platform] 
[platform] Caused by:
[platform]     0: Unable to open static sorted file referenced from 00001144.meta
[platform]     1: Unable to open static sorted file 00001140.sst
[platform]     2: Failed to open SST file C:\CM_Web\apps\platform-admin\.next\dev\cache/turbopack\f37fad94\00001140.sst
[platform]     3: The system cannot find the path specified. (os error 3)
[platform] 
[platform] thread '<unnamed>' (8532) panicked at turbopack\crates\turbo-tasks-backend\src\backend\operation\mod.rs:619:14:
[platform] Failed to lookup task ids: Looking up task id for CachedTaskType { native_fn: NativeFunction { name: "get_source_map_rope_operation", global_name: "next_napi_bindings::next_api::project::get_source_map_rope_operation", .. }, this: None, arg: (ResolvedVc(RawVc::TaskCell(1, "next_api::project::ProjectContainer#0")), "TurbopackInternalError: Failed to lookup task ids: Looking up task id for CachedTaskType { native_fn: NativeFunction { name: \"get_written_endpoint_with_issues_operation\", global_name: \"next_napi_bindings::next_api::endpoint::get_written_endpoint_with_issues_operation\", .. }, this: None, arg: (OperationVc { node: RawVc::TaskOutput(631) },) } from database failed") } from database failed
[platform] 
[platform] Caused by:
[platform]     0: Unable to open static sorted file referenced from 00002694.meta
[platform]     1: Unable to open static sorted file 00002690.sst
[platform]     2: Failed to open SST file C:\CM_Web\apps\platform-admin\.next\dev\cache/turbopack\f37fad94\00002690.sst
[platform]     3: The system cannot find the path specified. (os error 3)
[platform] ⨯ Error [TurbopackInternalError]: Failed to lookup task ids: Looking up task id for CachedTaskType { native_fn: NativeFunction { name: "get_written_endpoint_with_issues_operation", global_name: "next_napi_bindings::next_api::endpoint::get_written_endpoint_with_issues_operation", .. }, this: None, arg: (OperationVc { node: RawVc::TaskOutput(631) },) } from database failed
[platform] 
[platform] Debug info:
[platform] - Failed to lookup task ids: Looking up task id for CachedTaskType { native_fn: NativeFunction { name: "get_written_endpoint_with_issues_operation", global_name: "next_napi_bindings::next_api::endpoint::get_written_endpoint_with_issues_operation", .. }, this: None, arg: (OperationVc { node: RawVc::TaskOutput(631) },) } from database failed
[platform]   
[platform]   Caused by:
[platform]       0: Unable to open static sorted file referenced from 00001144.meta
[platform]       1: Unable to open static sorted file 00001140.sst
[platform]       2: Failed to open SST file C:\CM_Web\apps\platform-admin\.next\dev\cache/turbopack\f37fad94\00001140.sst
[platform]       3: The system cannot find the path specified. (os error 3)
[platform]     at <unknown> (TurbopackInternalError: Failed to lookup task ids: Looking up task id for CachedTaskType { native_fn: NativeFunction { name: "get_written_endpoint_with_issues_operation", global_name: "next_napi_bindings::next_api::endpoint::get_written_endpoint_with_issues_operation", .. }, this: None, arg: (OperationVc { node: RawVc::TaskOutput(631) },) } from database failed) {
[platform]   location: 'turbopack\\crates\\turbo-tasks-backend\\src\\backend\\operation\\mod.rs:619:14'
[platform] }
[platform] 
[platform] thread 'tokio-runtime-worker' (25968) panicked at turbopack\crates\turbo-tasks-backend\src\backend\operation\mod.rs:619:14:
[platform] Failed to lookup task ids: Looking up task id for CachedTaskType { native_fn: NativeFunction { name: "get_written_endpoint_with_issues_operation", global_name: "next_napi_bindings::next_api::endpoint::get_written_endpoint_with_issues_operation", .. }, this: None, arg: (OperationVc { node: RawVc::TaskOutput(631) },) } from database failed
[platform] 
[platform] Caused by:
[platform]     0: Unable to open static sorted file referenced from 00001144.meta
[platform]     1: Unable to open static sorted file 00001140.sst
[platform]     2: Failed to open SST file C:\CM_Web\apps\platform-admin\.next\dev\cache/turbopack\f37fad94\00001140.sst
[platform]     3: The system cannot find the path specified. (os error 3)
[platform] Error: ENOENT: no such file or directory, open 'C:\CM_Web\apps\platform-admin\.next\dev\server\app\page\build-manifest.json'
[platform]     at ignore-listed frames {
[platform]   errno: -4058,
[platform]   code: 'ENOENT',
[platform]   syscall: 'open',
[platform]   path: 'C:\\CM_Web\\apps\\platform-admin\\.next\\dev\\server\\app\\page\\build-manifest.json'
[platform] }
[platform] 
[platform] thread 'tokio-runtime-worker' (25968) panicked at turbopack\crates\turbo-tasks-backend\src\backend\operation\mod.rs:619:14:
[platform] Failed to lookup task ids: Looking up task id for CachedTaskType { native_fn: NativeFunction { name: "get_written_endpoint_with_issues_operation", global_name: "next_napi_bindings::next_api::endpoint::get_written_endpoint_with_issues_operation", .. }, this: None, arg: (OperationVc { node: RawVc::TaskOutput(631) },) } from database failed
[platform] 
[platform] Caused by:
[platform]     0: Unable to open static sorted file referenced from 00001144.meta
[platform]     1: Unable to open static sorted file 00001140.sst
[platform]     2: Failed to open SST file C:\CM_Web\apps\platform-admin\.next\dev\cache/turbopack\f37fad94\00001140.sst
[platform]     3: The system cannot find the path specified. (os error 3)
[platform] 
[platform] thread '<unnamed>' (8532) panicked at turbopack\crates\turbo-tasks-backend\src\backend\operation\mod.rs:619:14:
[platform] Failed to lookup task ids: Looking up task id for CachedTaskType { native_fn: NativeFunction { name: "get_source_map_rope_operation", global_name: "next_napi_bindings::next_api::project::get_source_map_rope_operation", .. }, this: None, arg: (ResolvedVc(RawVc::TaskCell(1, "next_api::project::ProjectContainer#0")), "TurbopackInternalError: Failed to lookup task ids: Looking up task id for CachedTaskType { native_fn: NativeFunction { name: \"get_written_endpoint_with_issues_operation\", global_name: \"next_napi_bindings::next_api::endpoint::get_written_endpoint_with_issues_operation\", .. }, this: None, arg: (OperationVc { node: RawVc::TaskOutput(631) },) } from database failed") } from database failed
[platform] 
[platform] Caused by:
[platform]     0: Unable to open static sorted file referenced from 00002694.meta
[platform]     1: Unable to open static sorted file 00002690.sst
[platform]     2: Failed to open SST file C:\CM_Web\apps\platform-admin\.next\dev\cache/turbopack\f37fad94\00002690.sst
[platform]     3: The system cannot find the path specified. (os error 3)
[platform] ⨯ Error [TurbopackInternalError]: Failed to lookup task ids: Looking up task id for CachedTaskType { native_fn: NativeFunction { name: "get_written_endpoint_with_issues_operation", global_name: "next_napi_bindings::next_api::endpoint::get_written_endpoint_with_issues_operation", .. }, this: None, arg: (OperationVc { node: RawVc::TaskOutput(631) },) } from database failed
[platform] 
[platform] Debug info:
[platform] - Failed to lookup task ids: Looking up task id for CachedTaskType { native_fn: NativeFunction { name: "get_written_endpoint_with_issues_operation", global_name: "next_napi_bindings::next_api::endpoint::get_written_endpoint_with_issues_operation", .. }, this: None, arg: (OperationVc { node: RawVc::TaskOutput(631) },) } from database failed
[platform]   
[platform]   Caused by:
[platform]       0: Unable to open static sorted file referenced from 00001144.meta
[platform]       1: Unable to open static sorted file 00001140.sst
[platform]       2: Failed to open SST file C:\CM_Web\apps\platform-admin\.next\dev\cache/turbopack\f37fad94\00001140.sst
[platform]       3: The system cannot find the path specified. (os error 3)
[platform]     at <unknown> (TurbopackInternalError: Failed to lookup task ids: Looking up task id for CachedTaskType { native_fn: NativeFunction { name: "get_written_endpoint_with_issues_operation", global_name: "next_napi_bindings::next_api::endpoint::get_written_endpoint_with_issues_operation", .. }, this: None, arg: (OperationVc { node: RawVc::TaskOutput(631) },) } from database failed) {
[platform]   location: 'turbopack\\crates\\turbo-tasks-backend\\src\\backend\\operation\\mod.rs:619:14'
[platform] }
[platform] 
[platform] thread 'tokio-runtime-worker' (25968) panicked at turbopack\crates\turbo-tasks-backend\src\backend\operation\mod.rs:619:14:
[platform] Failed to lookup task ids: Looking up task id for CachedTaskType { native_fn: NativeFunction { name: "get_written_endpoint_with_issues_operation", global_name: "next_napi_bindings::next_api::endpoint::get_written_endpoint_with_issues_operation", .. }, this: None, arg: (OperationVc { node: RawVc::TaskOutput(631) },) } from database failed
[platform] 
[platform] Caused by:
[platform]     0: Unable to open static sorted file referenced from 00001144.meta
[platform]     1: Unable to open static sorted file 00001140.sst
[platform]     2: Failed to open SST file C:\CM_Web\apps\platform-admin\.next\dev\cache/turbopack\f37fad94\00001140.sst
[platform]     3: The system cannot find the path specified. (os error 3)
[platform] 
[platform] thread '<unnamed>' (8532) panicked at turbopack\crates\turbo-tasks-backend\src\backend\operation\mod.rs:619:14:
[platform] Failed to lookup task ids: Looking up task id for CachedTaskType { native_fn: NativeFunction { name: "get_source_map_rope_operation", global_name: "next_napi_bindings::next_api::project::get_source_map_rope_operation", .. }, this: None, arg: (ResolvedVc(RawVc::TaskCell(1, "next_api::project::ProjectContainer#0")), "TurbopackInternalError: Failed to lookup task ids: Looking up task id for CachedTaskType { native_fn: NativeFunction { name: \"get_written_endpoint_with_issues_operation\", global_name: \"next_napi_bindings::next_api::endpoint::get_written_endpoint_with_issues_operation\", .. }, this: None, arg: (OperationVc { node: RawVc::TaskOutput(631) },) } from database failed") } from database failed
[platform] 
[platform] Caused by:
[platform]     0: Unable to open static sorted file referenced from 00002694.meta
[platform]     1: Unable to open static sorted file 00002690.sst
[platform]     2: Failed to open SST file C:\CM_Web\apps\platform-admin\.next\dev\cache/turbopack\f37fad94\00002690.sst
[platform]     3: The system cannot find the path specified. (os error 3)
[platform] Error [TurbopackInternalError]: Failed to lookup task ids: Looking up task id for CachedTaskType { native_fn: NativeFunction { name: "get_written_endpoint_with_issues_operation", global_name: "next_napi_bindings::next_api::endpoint::get_written_endpoint_with_issues_operation", .. }, this: None, arg: (OperationVc { node: RawVc::TaskOutput(631) },) } from database failed
[platform] 
[platform] Debug info:
[platform] - Failed to lookup task ids: Looking up task id for CachedTaskType { native_fn: NativeFunction { name: "get_written_endpoint_with_issues_operation", global_name: "next_napi_bindings::next_api::endpoint::get_written_endpoint_with_issues_operation", .. }, this: None, arg: (OperationVc { node: RawVc::TaskOutput(631) },) } from database failed
[platform]   
[platform]   Caused by:
[platform]       0: Unable to open static sorted file referenced from 00001144.meta
[platform]       1: Unable to open static sorted file 00001140.sst
[platform]       2: Failed to open SST file C:\CM_Web\apps\platform-admin\.next\dev\cache/turbopack\f37fad94\00001140.sst
[platform]       3: The system cannot find the path specified. (os error 3)
[platform]     at <unknown> (TurbopackInternalError: Failed to lookup task ids: Looking up task id for CachedTaskType { native_fn: NativeFunction { name: "get_written_endpoint_with_issues_operation", global_name: "next_napi_bindings::next_api::endpoint::get_written_endpoint_with_issues_operation", .. }, this: None, arg: (OperationVc { node: RawVc::TaskOutput(631) },) } from database failed) {
[platform]   location: 'turbopack\\crates\\turbo-tasks-backend\\src\\backend\\operation\\mod.rs:619:14'
[platform] }
[platform] Persisting failed: Another write batch or compaction is already active (Only a single write operations is allowed at a time)
[platform] Compaction failed: Another write batch or compaction is already active (Only a single write operations is allowed at a time)
[platform] Persisting failed: Another write batch or compaction is already active (Only a single write operations is allowed at a time)
[platform] Compaction failed: Another write batch or compaction is already active (Only a single write operations is allowed at a time)
[platform] Persisting failed: Another write batch or compaction is already active (Only a single write operations is allowed at a time)
[platform] Compaction failed: Another write batch or compaction is already active (Only a single write operations is allowed at a time)
[platform] Persisting failed: Another write batch or compaction is already active (Only a single write operations is allowed at a time)
[platform] Compaction failed: Another write batch or compaction is already active (Only a single write operations is allowed at a time)
[platform] Persisting failed: Another write batch or compaction is already active (Only a single write operations is allowed at a time)
[platform] Compaction failed: Another write batch or compaction is already active (Only a single write operations is allowed at a time)
[platform] ⨯ Error: ENOENT: no such file or directory, open 'C:\CM_Web\apps\platform-admin\.next\dev\server\app\page\build-manifest.json'
[platform]     at ignore-listed frames {
[platform]   errno: -4058,
[platform]   code: 'ENOENT',
[platform]   syscall: 'open',
[platform]   path: 'C:\\CM_Web\\apps\\platform-admin\\.next\\dev\\server\\app\\page\\build-manifest.json'
[platform] }
[platform] 
[platform] thread 'tokio-runtime-worker' (21264) panicked at turbopack\crates\turbo-tasks-backend\src\backend\operation\mod.rs:619:14:
[platform] Failed to lookup task ids: Looking up task id for CachedTaskType { native_fn: NativeFunction { name: "get_written_endpoint_with_issues_operation", global_name: "next_napi_bindings::next_api::endpoint::get_written_endpoint_with_issues_operation", .. }, this: None, arg: (OperationVc { node: RawVc::TaskOutput(631) },) } from database failed
[platform] 
[platform] Caused by:
[platform]     0: Unable to open static sorted file referenced from 00001144.meta
[platform]     1: Unable to open static sorted file 00001140.sst
[platform]     2: Failed to open SST file C:\CM_Web\apps\platform-admin\.next\dev\cache/turbopack\f37fad94\00001140.sst
[platform]     3: The system cannot find the path specified. (os error 3)
[platform] 
[platform] -----
[platform] [1m[31mFATAL[39m[0m: An unexpected Turbopack error occurred. A panic log has been written to C:\Users\jagan\AppData\Local\Temp\next-panic-f344bece0b849ac93d34acbb79e46144.log.
[platform] 
[platform] To help make Turbopack better, report this error by clicking here: https://bugs.nextjs.org/search?category=turbopack-error-report&title=Turbopack%20Error%3A%20Failed%20to%20lookup%20task%20ids%3A%20Looking%20up%20task%20id%20for%20CachedTaskType%20%7B%20native_fn%3A%20NativeFunction%20%7B%20name%3A%20%22get_written_endpoint_with_issues_operation%22%2C%20global_name%3A%20%22next_napi_bindings%3A%3Anext_api%3A%3Aendpoint%3A%3Aget_written_endpoint_with_issues_operation%22%2C%20..%20%7D%2C%20this%3A%20None%2C%20arg%3A%20%28OperationVc%20%7B%20node%3A%20RawVc%3A%3ATaskOutput%28631%29%20%7D%2C%29%20%7D%20from%20database%20failed&body=Turbopack%20version%3A%20%60f37fad94%60%0ANext.js%20version%3A%20%600.0.0%60%0A%0AError%20message%3A%0A%60%60%60%0AFailed%20to%20lookup%20task%20ids%3A%20Looking%20up%20task%20id%20for%20CachedTaskType%20%7B%20native_fn%3A%20NativeFunction%20%7B%20name%3A%20%22get_written_endpoint_with_issues_operation%22%2C%20global_name%3A%20%22next_napi_bindings%3A%3Anext_api%3A%3Aendpoint%3A%3Aget_written_endpoint_with_issues_operation%22%2C%20..%20%7D%2C%20this%3A%20None%2C%20arg%3A%20%28OperationVc%20%7B%20node%3A%20RawVc%3A%3ATaskOutput%28631%29%20%7D%2C%29%20%7D%20from%20database%20failed%0A%0ADebug%20info%3A%0A-%20Failed%20to%20lookup%20task%20ids%3A%20Looking%20up%20task%20id%20for%20CachedTaskType%20%7B%20native_fn%3A%20NativeFunction%20%7B%20name%3A%20%22get_written_endpoint_with_issues_operation%22%2C%20global_name%3A%20%22next_napi_bindings%3A%3Anext_api%3A%3Aendpoint%3A%3Aget_written_endpoint_with_issues_operation%22%2C%20..%20%7D%2C%20this%3A%20None%2C%20arg%3A%20%28OperationVc%20%7B%20node%3A%20RawVc%3A%3ATaskOutput%28631%29%20%7D%2C%29%20%7D%20from%20database%20failed%0A%20%20%0A%20%20Caused%20by%3A%0A%20%20%20%20%20%200%3A%20Unable%20to%20open%20static%20sorted%20file%20referenced%20from%2000001144.meta%0A%20%20%20%20%20%201%3A%20Unable%20to%20open%20static%20sorted%20file%2000001140.sst%0A%20%20%20%20%20%202%3A%20Failed%20to%20open%20SST%20file%20C%3A%5CCM_Web%5Capps%5Cplatform-admin%5C.next%5Cdev%5Ccache%2Fturbopack%5Cf37fad94%5C00001140.sst%0A%20%20%20%20%20%203%3A%20The%20system%20cannot%20find%20the%20path%20specified.%20%28os%20error%203%29%0A%60%60%60&labels=Turbopack,Turbopack%20Panic%20Backtrace
[platform] -----
[platform] 
[platform] 
[platform] thread '<unnamed>' (8532) panicked at turbopack\crates\turbo-tasks-backend\src\backend\operation\mod.rs:619:14:
[platform] Failed to lookup task ids: Looking up task id for CachedTaskType { native_fn: NativeFunction { name: "get_source_map_rope_operation", global_name: "next_napi_bindings::next_api::project::get_source_map_rope_operation", .. }, this: None, arg: (ResolvedVc(RawVc::TaskCell(1, "next_api::project::ProjectContainer#0")), "TurbopackInternalError: Failed to lookup task ids: Looking up task id for CachedTaskType { native_fn: NativeFunction { name: \"get_written_endpoint_with_issues_operation\", global_name: \"next_napi_bindings::next_api::endpoint::get_written_endpoint_with_issues_operation\", .. }, this: None, arg: (OperationVc { node: RawVc::TaskOutput(631) },) } from database failed") } from database failed
[platform] 
[platform] Caused by:
[platform]     0: Unable to open static sorted file referenced from 00002694.meta
[platform]     1: Unable to open static sorted file 00002690.sst
[platform]     2: Failed to open SST file C:\CM_Web\apps\platform-admin\.next\dev\cache/turbopack\f37fad94\00002690.sst
[platform]     3: The system cannot find the path specified. (os error 3)
[platform] ⨯ Error [TurbopackInternalError]: Failed to lookup task ids: Looking up task id for CachedTaskType { native_fn: NativeFunction { name: "get_written_endpoint_with_issues_operation", global_name: "next_napi_bindings::next_api::endpoint::get_written_endpoint_with_issues_operation", .. }, this: None, arg: (OperationVc { node: RawVc::TaskOutput(631) },) } from database failed
[platform] 
[platform] Debug info:
[platform] - Failed to lookup task ids: Looking up task id for CachedTaskType { native_fn: NativeFunction { name: "get_written_endpoint_with_issues_operation", global_name: "next_napi_bindings::next_api::endpoint::get_written_endpoint_with_issues_operation", .. }, this: None, arg: (OperationVc { node: RawVc::TaskOutput(631) },) } from database failed
[platform]   
[platform]   Caused by:
[platform]       0: Unable to open static sorted file referenced from 00001144.meta
[platform]       1: Unable to open static sorted file 00001140.sst
[platform]       2: Failed to open SST file C:\CM_Web\apps\platform-admin\.next\dev\cache/turbopack\f37fad94\00001140.sst
[platform]       3: The system cannot find the path specified. (os error 3)
[platform]     at <unknown> (TurbopackInternalError: Failed to lookup task ids: Looking up task id for CachedTaskType { native_fn: NativeFunction { name: "get_written_endpoint_with_issues_operation", global_name: "next_napi_bindings::next_api::endpoint::get_written_endpoint_with_issues_operation", .. }, this: None, arg: (OperationVc { node: RawVc::TaskOutput(631) },) } from database failed) {
[platform]   location: 'turbopack\\crates\\turbo-tasks-backend\\src\\backend\\operation\\mod.rs:619:14'
[platform] }
[platform] 
[platform] thread 'tokio-runtime-worker' (25968) panicked at turbopack\crates\turbo-tasks-backend\src\backend\operation\mod.rs:619:14:
[platform] Failed to lookup task ids: Looking up task id for CachedTaskType { native_fn: NativeFunction { name: "get_written_endpoint_with_issues_operation", global_name: "next_napi_bindings::next_api::endpoint::get_written_endpoint_with_issues_operation", .. }, this: None, arg: (OperationVc { node: RawVc::TaskOutput(631) },) } from database failed
[platform] 
[platform] Caused by:
[platform]     0: Unable to open static sorted file referenced from 00001144.meta
[platform]     1: Unable to open static sorted file 00001140.sst
[platform]     2: Failed to open SST file C:\CM_Web\apps\platform-admin\.next\dev\cache/turbopack\f37fad94\00001140.sst
[platform]     3: The system cannot find the path specified. (os error 3)
[platform] Error: ENOENT: no such file or directory, open 'C:\CM_Web\apps\platform-admin\.next\dev\server\app\page\build-manifest.json'
[platform]     at ignore-listed frames {
[platform]   errno: -4058,
[platform]   code: 'ENOENT',
[platform]   syscall: 'open',
[platform]   path: 'C:\\CM_Web\\apps\\platform-admin\\.next\\dev\\server\\app\\page\\build-manifest.json'
[platform] }
[platform] 
[platform] thread 'tokio-runtime-worker' (21264) panicked at turbopack\crates\turbo-tasks-backend\src\backend\operation\mod.rs:619:14:
[platform] Failed to lookup task ids: Looking up task id for CachedTaskType { native_fn: NativeFunction { name: "get_written_endpoint_with_issues_operation", global_name: "next_napi_bindings::next_api::endpoint::get_written_endpoint_with_issues_operation", .. }, this: None, arg: (OperationVc { node: RawVc::TaskOutput(631) },) } from database failed
[platform] 
[platform] Caused by:
[platform]     0: Unable to open static sorted file referenced from 00001144.meta
[platform]     1: Unable to open static sorted file 00001140.sst
[platform]     2: Failed to open SST file C:\CM_Web\apps\platform-admin\.next\dev\cache/turbopack\f37fad94\00001140.sst
[platform]     3: The system cannot find the path specified. (os error 3)
[platform] 
[platform] thread '<unnamed>' (8532) panicked at turbopack\crates\turbo-tasks-backend\src\backend\operation\mod.rs:619:14:
[platform] Failed to lookup task ids: Looking up task id for CachedTaskType { native_fn: NativeFunction { name: "get_source_map_rope_operation", global_name: "next_napi_bindings::next_api::project::get_source_map_rope_operation", .. }, this: None, arg: (ResolvedVc(RawVc::TaskCell(1, "next_api::project::ProjectContainer#0")), "TurbopackInternalError: Failed to lookup task ids: Looking up task id for CachedTaskType { native_fn: NativeFunction { name: \"get_written_endpoint_with_issues_operation\", global_name: \"next_napi_bindings::next_api::endpoint::get_written_endpoint_with_issues_operation\", .. }, this: None, arg: (OperationVc { node: RawVc::TaskOutput(631) },) } from database failed") } from database failed
[platform] 
[platform] Caused by:
[platform]     0: Unable to open static sorted file referenced from 00002694.meta
[platform]     1: Unable to open static sorted file 00002690.sst
[platform]     2: Failed to open SST file C:\CM_Web\apps\platform-admin\.next\dev\cache/turbopack\f37fad94\00002690.sst
[platform]     3: The system cannot find the path specified. (os error 3)
[platform] ⨯ Error [TurbopackInternalError]: Failed to lookup task ids: Looking up task id for CachedTaskType { native_fn: NativeFunction { name: "get_written_endpoint_with_issues_operation", global_name: "next_napi_bindings::next_api::endpoint::get_written_endpoint_with_issues_operation", .. }, this: None, arg: (OperationVc { node: RawVc::TaskOutput(631) },) } from database failed
[platform] 
[platform] Debug info:
[platform] - Failed to lookup task ids: Looking up task id for CachedTaskType { native_fn: NativeFunction { name: "get_written_endpoint_with_issues_operation", global_name: "next_napi_bindings::next_api::endpoint::get_written_endpoint_with_issues_operation", .. }, this: None, arg: (OperationVc { node: RawVc::TaskOutput(631) },) } from database failed
[platform]   
[platform]   Caused by:
[platform]       0: Unable to open static sorted file referenced from 00001144.meta
[platform]       1: Unable to open static sorted file 00001140.sst
[platform]       2: Failed to open SST file C:\CM_Web\apps\platform-admin\.next\dev\cache/turbopack\f37fad94\00001140.sst
[platform]       3: The system cannot find the path specified. (os error 3)
[platform]     at <unknown> (TurbopackInternalError: Failed to lookup task ids: Looking up task id for CachedTaskType { native_fn: NativeFunction { name: "get_written_endpoint_with_issues_operation", global_name: "next_napi_bindings::next_api::endpoint::get_written_endpoint_with_issues_operation", .. }, this: None, arg: (OperationVc { node: RawVc::TaskOutput(631) },) } from database failed) {
[platform]   location: 'turbopack\\crates\\turbo-tasks-backend\\src\\backend\\operation\\mod.rs:619:14'
[platform] }
[platform] 
[platform] thread 'tokio-runtime-worker' (25888) panicked at turbopack\crates\turbo-tasks-backend\src\backend\operation\mod.rs:619:14:
[platform] Failed to lookup task ids: Looking up task id for CachedTaskType { native_fn: NativeFunction { name: "get_written_endpoint_with_issues_operation", global_name: "next_napi_bindings::next_api::endpoint::get_written_endpoint_with_issues_operation", .. }, this: None, arg: (OperationVc { node: RawVc::TaskOutput(631) },) } from database failed
[platform] 
[platform] Caused by:
[platform]     0: Unable to open static sorted file referenced from 00001144.meta
[platform]     1: Unable to open static sorted file 00001140.sst
[platform]     2: Failed to open SST file C:\CM_Web\apps\platform-admin\.next\dev\cache/turbopack\f37fad94\00001140.sst
[platform]     3: The system cannot find the path specified. (os error 3)
[platform] 
[platform] thread '<unnamed>' (8532) panicked at turbopack\crates\turbo-tasks-backend\src\backend\operation\mod.rs:619:14:
[platform] Failed to lookup task ids: Looking up task id for CachedTaskType { native_fn: NativeFunction { name: "get_source_map_rope_operation", global_name: "next_napi_bindings::next_api::project::get_source_map_rope_operation", .. }, this: None, arg: (ResolvedVc(RawVc::TaskCell(1, "next_api::project::ProjectContainer#0")), "TurbopackInternalError: Failed to lookup task ids: Looking up task id for CachedTaskType { native_fn: NativeFunction { name: \"get_written_endpoint_with_issues_operation\", global_name: \"next_napi_bindings::next_api::endpoint::get_written_endpoint_with_issues_operation\", .. }, this: None, arg: (OperationVc { node: RawVc::TaskOutput(631) },) } from database failed") } from database failed
[platform] 
[platform] Caused by:
[platform]     0: Unable to open static sorted file referenced from 00002694.meta
[platform]     1: Unable to open static sorted file 00002690.sst
[platform]     2: Failed to open SST file C:\CM_Web\apps\platform-admin\.next\dev\cache/turbopack\f37fad94\00002690.sst
[platform]     3: The system cannot find the path specified. (os error 3)
[platform] Error [TurbopackInternalError]: Failed to lookup task ids: Looking up task id for CachedTaskType { native_fn: NativeFunction { name: "get_written_endpoint_with_issues_operation", global_name: "next_napi_bindings::next_api::endpoint::get_written_endpoint_with_issues_operation", .. }, this: None, arg: (OperationVc { node: RawVc::TaskOutput(631) },) } from database failed
[platform] 
[platform] Debug info:
[platform] - Failed to lookup task ids: Looking up task id for CachedTaskType { native_fn: NativeFunction { name: "get_written_endpoint_with_issues_operation", global_name: "next_napi_bindings::next_api::endpoint::get_written_endpoint_with_issues_operation", .. }, this: None, arg: (OperationVc { node: RawVc::TaskOutput(631) },) } from database failed
[platform]   
[platform]   Caused by:
[platform]       0: Unable to open static sorted file referenced from 00001144.meta
[platform]       1: Unable to open static sorted file 00001140.sst
[platform]       2: Failed to open SST file C:\CM_Web\apps\platform-admin\.next\dev\cache/turbopack\f37fad94\00001140.sst
[platform]       3: The system cannot find the path specified. (os error 3)
[platform]     at <unknown> (TurbopackInternalError: Failed to lookup task ids: Looking up task id for CachedTaskType { native_fn: NativeFunction { name: "get_written_endpoint_with_issues_operation", global_name: "next_napi_bindings::next_api::endpoint::get_written_endpoint_with_issues_operation", .. }, this: None, arg: (OperationVc { node: RawVc::TaskOutput(631) },) } from database failed) {
[platform]   location: 'turbopack\\crates\\turbo-tasks-backend\\src\\backend\\operation\\mod.rs:619:14'
[platform] }
[platform] Persisting failed: Another write batch or compaction is already active (Only a single write operations is allowed at a time)
[platform] Compaction failed: Another write batch or compaction is already active (Only a single write operations is allowed at a time)
[platform] ⨯ Error: ENOENT: no such file or directory, open 'C:\CM_Web\apps\platform-admin\.next\dev\server\app\page\build-manifest.json'
[platform]     at ignore-listed frames {
[platform]   errno: -4058,
[platform]   code: 'ENOENT',
[platform]   syscall: 'open',
[platform]   path: 'C:\\CM_Web\\apps\\platform-admin\\.next\\dev\\server\\app\\page\\build-manifest.json'
[platform] }
[platform] 
[platform] thread 'tokio-runtime-worker' (33300) panicked at turbopack\crates\turbo-tasks-backend\src\backend\operation\mod.rs:619:14:
[platform] Failed to lookup task ids: Looking up task id for CachedTaskType { native_fn: NativeFunction { name: "get_written_endpoint_with_issues_operation", global_name: "next_napi_bindings::next_api::endpoint::get_written_endpoint_with_issues_operation", .. }, this: None, arg: (OperationVc { node: RawVc::TaskOutput(631) },) } from database failed
[platform] 
[platform] Caused by:
[platform]     0: Unable to open static sorted file referenced from 00001144.meta
[platform]     1: Unable to open static sorted file 00001140.sst
[platform]     2: Failed to open SST file C:\CM_Web\apps\platform-admin\.next\dev\cache/turbopack\f37fad94\00001140.sst
[platform]     3: The system cannot find the path specified. (os error 3)
[platform] 
[platform] -----
[platform] [1m[31mFATAL[39m[0m: An unexpected Turbopack error occurred. A panic log has been written to C:\Users\jagan\AppData\Local\Temp\next-panic-f344bece0b849ac93d34acbb79e46144.log.
[platform] 
[platform] To help make Turbopack better, report this error by clicking here: https://bugs.nextjs.org/search?category=turbopack-error-report&title=Turbopack%20Error%3A%20Failed%20to%20lookup%20task%20ids%3A%20Looking%20up%20task%20id%20for%20CachedTaskType%20%7B%20native_fn%3A%20NativeFunction%20%7B%20name%3A%20%22get_written_endpoint_with_issues_operation%22%2C%20global_name%3A%20%22next_napi_bindings%3A%3Anext_api%3A%3Aendpoint%3A%3Aget_written_endpoint_with_issues_operation%22%2C%20..%20%7D%2C%20this%3A%20None%2C%20arg%3A%20%28OperationVc%20%7B%20node%3A%20RawVc%3A%3ATaskOutput%28631%29%20%7D%2C%29%20%7D%20from%20database%20failed&body=Turbopack%20version%3A%20%60f37fad94%60%0ANext.js%20version%3A%20%600.0.0%60%0A%0AError%20message%3A%0A%60%60%60%0AFailed%20to%20lookup%20task%20ids%3A%20Looking%20up%20task%20id%20for%20CachedTaskType%20%7B%20native_fn%3A%20NativeFunction%20%7B%20name%3A%20%22get_written_endpoint_with_issues_operation%22%2C%20global_name%3A%20%22next_napi_bindings%3A%3Anext_api%3A%3Aendpoint%3A%3Aget_written_endpoint_with_issues_operation%22%2C%20..%20%7D%2C%20this%3A%20None%2C%20arg%3A%20%28OperationVc%20%7B%20node%3A%20RawVc%3A%3ATaskOutput%28631%29%20%7D%2C%29%20%7D%20from%20database%20failed%0A%0ADebug%20info%3A%0A-%20Failed%20to%20lookup%20task%20ids%3A%20Looking%20up%20task%20id%20for%20CachedTaskType%20%7B%20native_fn%3A%20NativeFunction%20%7B%20name%3A%20%22get_written_endpoint_with_issues_operation%22%2C%20global_name%3A%20%22next_napi_bindings%3A%3Anext_api%3A%3Aendpoint%3A%3Aget_written_endpoint_with_issues_operation%22%2C%20..%20%7D%2C%20this%3A%20None%2C%20arg%3A%20%28OperationVc%20%7B%20node%3A%20RawVc%3A%3ATaskOutput%28631%29%20%7D%2C%29%20%7D%20from%20database%20failed%0A%20%20%0A%20%20Caused%20by%3A%0A%20%20%20%20%20%200%3A%20Unable%20to%20open%20static%20sorted%20file%20referenced%20from%2000001144.meta%0A%20%20%20%20%20%201%3A%20Unable%20to%20open%20static%20sorted%20file%2000001140.sst%0A%20%20%20%20%20%202%3A%20Failed%20to%20open%20SST%20file%20C%3A%5CCM_Web%5Capps%5Cplatform-admin%5C.next%5Cdev%5Ccache%2Fturbopack%5Cf37fad94%5C00001140.sst%0A%20%20%20%20%20%203%3A%20The%20system%20cannot%20find%20the%20path%20specified.%20%28os%20error%203%29%0A%60%60%60&labels=Turbopack,Turbopack%20Panic%20Backtrace
[platform] -----
[platform] 
[platform] 
[platform] thread '<unnamed>' (8532) panicked at turbopack\crates\turbo-tasks-backend\src\backend\operation\mod.rs:619:14:
[platform] Failed to lookup task ids: Looking up task id for CachedTaskType { native_fn: NativeFunction { name: "get_source_map_rope_operation", global_name: "next_napi_bindings::next_api::project::get_source_map_rope_operation", .. }, this: None, arg: (ResolvedVc(RawVc::TaskCell(1, "next_api::project::ProjectContainer#0")), "TurbopackInternalError: Failed to lookup task ids: Looking up task id for CachedTaskType { native_fn: NativeFunction { name: \"get_written_endpoint_with_issues_operation\", global_name: \"next_napi_bindings::next_api::endpoint::get_written_endpoint_with_issues_operation\", .. }, this: None, arg: (OperationVc { node: RawVc::TaskOutput(631) },) } from database failed") } from database failed
[platform] 
[platform] Caused by:
[platform]     0: Unable to open static sorted file referenced from 00002694.meta
[platform]     1: Unable to open static sorted file 00002690.sst
[platform]     2: Failed to open SST file C:\CM_Web\apps\platform-admin\.next\dev\cache/turbopack\f37fad94\00002690.sst
[platform]     3: The system cannot find the path specified. (os error 3)
[platform] ⨯ Error [TurbopackInternalError]: Failed to lookup task ids: Looking up task id for CachedTaskType { native_fn: NativeFunction { name: "get_written_endpoint_with_issues_operation", global_name: "next_napi_bindings::next_api::endpoint::get_written_endpoint_with_issues_operation", .. }, this: None, arg: (OperationVc { node: RawVc::TaskOutput(631) },) } from database failed
[platform] 
[platform] Debug info:
[platform] - Failed to lookup task ids: Looking up task id for CachedTaskType { native_fn: NativeFunction { name: "get_written_endpoint_with_issues_operation", global_name: "next_napi_bindings::next_api::endpoint::get_written_endpoint_with_issues_operation", .. }, this: None, arg: (OperationVc { node: RawVc::TaskOutput(631) },) } from database failed
[platform]   
[platform]   Caused by:
[platform]       0: Unable to open static sorted file referenced from 00001144.meta
[platform]       1: Unable to open static sorted file 00001140.sst
[platform]       2: Failed to open SST file C:\CM_Web\apps\platform-admin\.next\dev\cache/turbopack\f37fad94\00001140.sst
[platform]       3: The system cannot find the path specified. (os error 3)
[platform]     at <unknown> (TurbopackInternalError: Failed to lookup task ids: Looking up task id for CachedTaskType { native_fn: NativeFunction { name: "get_written_endpoint_with_issues_operation", global_name: "next_napi_bindings::next_api::endpoint::get_written_endpoint_with_issues_operation", .. }, this: None, arg: (OperationVc { node: RawVc::TaskOutput(631) },) } from database failed) {
[platform]   location: 'turbopack\\crates\\turbo-tasks-backend\\src\\backend\\operation\\mod.rs:619:14'
[platform] }
[platform] 
[platform] thread 'tokio-runtime-worker' (24648) panicked at turbopack\crates\turbo-tasks-backend\src\backend\operation\mod.rs:619:14:
[platform] Failed to lookup task ids: Looking up task id for CachedTaskType { native_fn: NativeFunction { name: "get_written_endpoint_with_issues_operation", global_name: "next_napi_bindings::next_api::endpoint::get_written_endpoint_with_issues_operation", .. }, this: None, arg: (OperationVc { node: RawVc::TaskOutput(631) },) } from database failed
[platform] 
[platform] Caused by:
[platform]     0: Unable to open static sorted file referenced from 00001144.meta
[platform]     1: Unable to open static sorted file 00001140.sst
[platform]     2: Failed to open SST file C:\CM_Web\apps\platform-admin\.next\dev\cache/turbopack\f37fad94\00001140.sst
[platform]     3: The system cannot find the path specified. (os error 3)
[platform] Error: ENOENT: no such file or directory, open 'C:\CM_Web\apps\platform-admin\.next\dev\server\app\page\build-manifest.json'
[platform]     at ignore-listed frames {
[platform]   errno: -4058,
[platform]   code: 'ENOENT',
[platform]   syscall: 'open',
[platform]   path: 'C:\\CM_Web\\apps\\platform-admin\\.next\\dev\\server\\app\\page\\build-manifest.json'
[platform] }
[platform] 
[platform] thread 'tokio-runtime-worker' (23980) panicked at turbopack\crates\turbo-tasks-backend\src\backend\operation\mod.rs:619:14:
[platform] Failed to lookup task ids: Looking up task id for CachedTaskType { native_fn: NativeFunction { name: "get_written_endpoint_with_issues_operation", global_name: "next_napi_bindings::next_api::endpoint::get_written_endpoint_with_issues_operation", .. }, this: None, arg: (OperationVc { node: RawVc::TaskOutput(631) },) } from database failed
[platform] 
[platform] Caused by:
[platform]     0: Unable to open static sorted file referenced from 00001144.meta
[platform]     1: Unable to open static sorted file 00001140.sst
[platform]     2: Failed to open SST file C:\CM_Web\apps\platform-admin\.next\dev\cache/turbopack\f37fad94\00001140.sst
[platform]     3: The system cannot find the path specified. (os error 3)
[platform] 
[platform] thread '<unnamed>' (8532) panicked at turbopack\crates\turbo-tasks-backend\src\backend\operation\mod.rs:619:14:
[platform] Failed to lookup task ids: Looking up task id for CachedTaskType { native_fn: NativeFunction { name: "get_source_map_rope_operation", global_name: "next_napi_bindings::next_api::project::get_source_map_rope_operation", .. }, this: None, arg: (ResolvedVc(RawVc::TaskCell(1, "next_api::project::ProjectContainer#0")), "TurbopackInternalError: Failed to lookup task ids: Looking up task id for CachedTaskType { native_fn: NativeFunction { name: \"get_written_endpoint_with_issues_operation\", global_name: \"next_napi_bindings::next_api::endpoint::get_written_endpoint_with_issues_operation\", .. }, this: None, arg: (OperationVc { node: RawVc::TaskOutput(631) },) } from database failed") } from database failed
[platform] 
[platform] Caused by:
[platform]     0: Unable to open static sorted file referenced from 00002694.meta
[platform]     1: Unable to open static sorted file 00002690.sst
[platform]     2: Failed to open SST file C:\CM_Web\apps\platform-admin\.next\dev\cache/turbopack\f37fad94\00002690.sst
[platform]     3: The system cannot find the path specified. (os error 3)
[platform] ⨯ Error [TurbopackInternalError]: Failed to lookup task ids: Looking up task id for CachedTaskType { native_fn: NativeFunction { name: "get_written_endpoint_with_issues_operation", global_name: "next_napi_bindings::next_api::endpoint::get_written_endpoint_with_issues_operation", .. }, this: None, arg: (OperationVc { node: RawVc::TaskOutput(631) },) } from database failed
[platform] 
[platform] Debug info:
[platform] - Failed to lookup task ids: Looking up task id for CachedTaskType { native_fn: NativeFunction { name: "get_written_endpoint_with_issues_operation", global_name: "next_napi_bindings::next_api::endpoint::get_written_endpoint_with_issues_operation", .. }, this: None, arg: (OperationVc { node: RawVc::TaskOutput(631) },) } from database failed
[platform]   
[platform]   Caused by:
[platform]       0: Unable to open static sorted file referenced from 00001144.meta
[platform]       1: Unable to open static sorted file 00001140.sst
[platform]       2: Failed to open SST file C:\CM_Web\apps\platform-admin\.next\dev\cache/turbopack\f37fad94\00001140.sst
[platform]       3: The system cannot find the path specified. (os error 3)
[platform]     at <unknown> (TurbopackInternalError: Failed to lookup task ids: Looking up task id for CachedTaskType { native_fn: NativeFunction { name: "get_written_endpoint_with_issues_operation", global_name: "next_napi_bindings::next_api::endpoint::get_written_endpoint_with_issues_operation", .. }, this: None, arg: (OperationVc { node: RawVc::TaskOutput(631) },) } from database failed) {
[platform]   location: 'turbopack\\crates\\turbo-tasks-backend\\src\\backend\\operation\\mod.rs:619:14'
[platform] }
[platform] 
[platform] thread 'tokio-runtime-worker' (24648) panicked at turbopack\crates\turbo-tasks-backend\src\backend\operation\mod.rs:619:14:
[platform] Failed to lookup task ids: Looking up task id for CachedTaskType { native_fn: NativeFunction { name: "get_written_endpoint_with_issues_operation", global_name: "next_napi_bindings::next_api::endpoint::get_written_endpoint_with_issues_operation", .. }, this: None, arg: (OperationVc { node: RawVc::TaskOutput(631) },) } from database failed
[platform] 
[platform] Caused by:
[platform]     0: Unable to open static sorted file referenced from 00001144.meta
[platform]     1: Unable to open static sorted file 00001140.sst
[platform]     2: Failed to open SST file C:\CM_Web\apps\platform-admin\.next\dev\cache/turbopack\f37fad94\00001140.sst
[platform]     3: The system cannot find the path specified. (os error 3)
[platform] 
[platform] thread '<unnamed>' (8532) panicked at turbopack\crates\turbo-tasks-backend\src\backend\operation\mod.rs:619:14:
[platform] Failed to lookup task ids: Looking up task id for CachedTaskType { native_fn: NativeFunction { name: "get_source_map_rope_operation", global_name: "next_napi_bindings::next_api::project::get_source_map_rope_operation", .. }, this: None, arg: (ResolvedVc(RawVc::TaskCell(1, "next_api::project::ProjectContainer#0")), "TurbopackInternalError: Failed to lookup task ids: Looking up task id for CachedTaskType { native_fn: NativeFunction { name: \"get_written_endpoint_with_issues_operation\", global_name: \"next_napi_bindings::next_api::endpoint::get_written_endpoint_with_issues_operation\", .. }, this: None, arg: (OperationVc { node: RawVc::TaskOutput(631) },) } from database failed") } from database failed
[platform] 
[platform] Caused by:
[platform]     0: Unable to open static sorted file referenced from 00002694.meta
[platform]     1: Unable to open static sorted file 00002690.sst
[platform]     2: Failed to open SST file C:\CM_Web\apps\platform-admin\.next\dev\cache/turbopack\f37fad94\00002690.sst
[platform]     3: The system cannot find the path specified. (os error 3)
[platform] Error [TurbopackInternalError]: Failed to lookup task ids: Looking up task id for CachedTaskType { native_fn: NativeFunction { name: "get_written_endpoint_with_issues_operation", global_name: "next_napi_bindings::next_api::endpoint::get_written_endpoint_with_issues_operation", .. }, this: None, arg: (OperationVc { node: RawVc::TaskOutput(631) },) } from database failed
[platform] 
[platform] Debug info:
[platform] - Failed to lookup task ids: Looking up task id for CachedTaskType { native_fn: NativeFunction { name: "get_written_endpoint_with_issues_operation", global_name: "next_napi_bindings::next_api::endpoint::get_written_endpoint_with_issues_operation", .. }, this: None, arg: (OperationVc { node: RawVc::TaskOutput(631) },) } from database failed
[platform]   
[platform]   Caused by:
[platform]       0: Unable to open static sorted file referenced from 00001144.meta
[platform]       1: Unable to open static sorted file 00001140.sst
[platform]       2: Failed to open SST file C:\CM_Web\apps\platform-admin\.next\dev\cache/turbopack\f37fad94\00001140.sst
[platform]       3: The system cannot find the path specified. (os error 3)
[platform]     at <unknown> (TurbopackInternalError: Failed to lookup task ids: Looking up task id for CachedTaskType { native_fn: NativeFunction { name: "get_written_endpoint_with_issues_operation", global_name: "next_napi_bindings::next_api::endpoint::get_written_endpoint_with_issues_operation", .. }, this: None, arg: (OperationVc { node: RawVc::TaskOutput(631) },) } from database failed) {
[platform]   location: 'turbopack\\crates\\turbo-tasks-backend\\src\\backend\\operation\\mod.rs:619:14'
[platform] }
[platform] Compaction failed: Another write batch or compaction is already active (Only a single write operations is allowed at a time)
[platform] ⨯ Error: ENOENT: no such file or directory, open 'C:\CM_Web\apps\platform-admin\.next\dev\server\app\_not-found\page\build-manifest.json'
[platform]     at ignore-listed frames {
[platform]   errno: -4058,
[platform]   code: 'ENOENT',
[platform]   syscall: 'open',
[platform]   path: 'C:\\CM_Web\\apps\\platform-admin\\.next\\dev\\server\\app\\_not-found\\page\\build-manifest.json'
[platform] }
[platform] 
[platform] thread 'tokio-runtime-worker' (23980) panicked at turbopack\crates\turbo-tasks-backend\src\backend\operation\mod.rs:619:14:
[platform] Failed to lookup task ids: Looking up task id for CachedTaskType { native_fn: NativeFunction { name: "get_written_endpoint_with_issues_operation", global_name: "next_napi_bindings::next_api::endpoint::get_written_endpoint_with_issues_operation", .. }, this: None, arg: (OperationVc { node: RawVc::TaskOutput(631) },) } from database failed
[platform] 
[platform] Caused by:
[platform]     0: Unable to open static sorted file referenced from 00001144.meta
[platform]     1: Unable to open static sorted file 00001140.sst
[platform]     2: Failed to open SST file C:\CM_Web\apps\platform-admin\.next\dev\cache/turbopack\f37fad94\00001140.sst
[platform]     3: The system cannot find the path specified. (os error 3)
[platform] 
[platform] -----
[platform] [1m[31mFATAL[39m[0m: An unexpected Turbopack error occurred. A panic log has been written to C:\Users\jagan\AppData\Local\Temp\next-panic-f344bece0b849ac93d34acbb79e46144.log.
[platform] 
[platform] To help make Turbopack better, report this error by clicking here: https://bugs.nextjs.org/search?category=turbopack-error-report&title=Turbopack%20Error%3A%20Failed%20to%20lookup%20task%20ids%3A%20Looking%20up%20task%20id%20for%20CachedTaskType%20%7B%20native_fn%3A%20NativeFunction%20%7B%20name%3A%20%22get_written_endpoint_with_issues_operation%22%2C%20global_name%3A%20%22next_napi_bindings%3A%3Anext_api%3A%3Aendpoint%3A%3Aget_written_endpoint_with_issues_operation%22%2C%20..%20%7D%2C%20this%3A%20None%2C%20arg%3A%20%28OperationVc%20%7B%20node%3A%20RawVc%3A%3ATaskOutput%28631%29%20%7D%2C%29%20%7D%20from%20database%20failed&body=Turbopack%20version%3A%20%60f37fad94%60%0ANext.js%20version%3A%20%600.0.0%60%0A%0AError%20message%3A%0A%60%60%60%0AFailed%20to%20lookup%20task%20ids%3A%20Looking%20up%20task%20id%20for%20CachedTaskType%20%7B%20native_fn%3A%20NativeFunction%20%7B%20name%3A%20%22get_written_endpoint_with_issues_operation%22%2C%20global_name%3A%20%22next_napi_bindings%3A%3Anext_api%3A%3Aendpoint%3A%3Aget_written_endpoint_with_issues_operation%22%2C%20..%20%7D%2C%20this%3A%20None%2C%20arg%3A%20%28OperationVc%20%7B%20node%3A%20RawVc%3A%3ATaskOutput%28631%29%20%7D%2C%29%20%7D%20from%20database%20failed%0A%0ADebug%20info%3A%0A-%20Failed%20to%20lookup%20task%20ids%3A%20Looking%20up%20task%20id%20for%20CachedTaskType%20%7B%20native_fn%3A%20NativeFunction%20%7B%20name%3A%20%22get_written_endpoint_with_issues_operation%22%2C%20global_name%3A%20%22next_napi_bindings%3A%3Anext_api%3A%3Aendpoint%3A%3Aget_written_endpoint_with_issues_operation%22%2C%20..%20%7D%2C%20this%3A%20None%2C%20arg%3A%20%28OperationVc%20%7B%20node%3A%20RawVc%3A%3ATaskOutput%28631%29%20%7D%2C%29%20%7D%20from%20database%20failed%0A%20%20%0A%20%20Caused%20by%3A%0A%20%20%20%20%20%200%3A%20Unable%20to%20open%20static%20sorted%20file%20referenced%20from%2000001144.meta%0A%20%20%20%20%20%201%3A%20Unable%20to%20open%20static%20sorted%20file%2000001140.sst%0A%20%20%20%20%20%202%3A%20Failed%20to%20open%20SST%20file%20C%3A%5CCM_Web%5Capps%5Cplatform-admin%5C.next%5Cdev%5Ccache%2Fturbopack%5Cf37fad94%5C00001140.sst%0A%20%20%20%20%20%203%3A%20The%20system%20cannot%20find%20the%20path%20specified.%20%28os%20error%203%29%0A%60%60%60&labels=Turbopack,Turbopack%20Panic%20Backtrace
[platform] -----
[platform] 
[platform] 
[platform] thread '<unnamed>' (8532) panicked at turbopack\crates\turbo-tasks-backend\src\backend\operation\mod.rs:619:14:
[platform] Failed to lookup task ids: Looking up task id for CachedTaskType { native_fn: NativeFunction { name: "get_source_map_rope_operation", global_name: "next_napi_bindings::next_api::project::get_source_map_rope_operation", .. }, this: None, arg: (ResolvedVc(RawVc::TaskCell(1, "next_api::project::ProjectContainer#0")), "TurbopackInternalError: Failed to lookup task ids: Looking up task id for CachedTaskType { native_fn: NativeFunction { name: \"get_written_endpoint_with_issues_operation\", global_name: \"next_napi_bindings::next_api::endpoint::get_written_endpoint_with_issues_operation\", .. }, this: None, arg: (OperationVc { node: RawVc::TaskOutput(631) },) } from database failed") } from database failed
[platform] 
[platform] Caused by:
[platform]     0: Unable to open static sorted file referenced from 00002694.meta
[platform]     1: Unable to open static sorted file 00002690.sst
[platform]     2: Failed to open SST file C:\CM_Web\apps\platform-admin\.next\dev\cache/turbopack\f37fad94\00002690.sst
[platform]     3: The system cannot find the path specified. (os error 3)
[platform] Error [TurbopackInternalError]: Failed to lookup task ids: Looking up task id for CachedTaskType { native_fn: NativeFunction { name: "get_written_endpoint_with_issues_operation", global_name: "next_napi_bindings::next_api::endpoint::get_written_endpoint_with_issues_operation", .. }, this: None, arg: (OperationVc { node: RawVc::TaskOutput(631) },) } from database failed
[platform] 
[platform] Debug info:
[platform] - Failed to lookup task ids: Looking up task id for CachedTaskType { native_fn: NativeFunction { name: "get_written_endpoint_with_issues_operation", global_name: "next_napi_bindings::next_api::endpoint::get_written_endpoint_with_issues_operation", .. }, this: None, arg: (OperationVc { node: RawVc::TaskOutput(631) },) } from database failed
[platform]   
[platform]   Caused by:
[platform]       0: Unable to open static sorted file referenced from 00001144.meta
[platform]       1: Unable to open static sorted file 00001140.sst
[platform]       2: Failed to open SST file C:\CM_Web\apps\platform-admin\.next\dev\cache/turbopack\f37fad94\00001140.sst
[platform]       3: The system cannot find the path specified. (os error 3)
[platform]     at <unknown> (TurbopackInternalError: Failed to lookup task ids: Looking up task id for CachedTaskType { native_fn: NativeFunction { name: "get_written_endpoint_with_issues_operation", global_name: "next_napi_bindings::next_api::endpoint::get_written_endpoint_with_issues_operation", .. }, this: None, arg: (OperationVc { node: RawVc::TaskOutput(631) },) } from database failed) {
[platform]   location: 'turbopack\\crates\\turbo-tasks-backend\\src\\backend\\operation\\mod.rs:619:14'
[platform] }
[platform] 
[platform] thread 'tokio-runtime-worker' (23980) panicked at turbopack\crates\turbo-tasks-backend\src\backend\operation\mod.rs:619:14:
[platform] Failed to lookup task ids: Looking up task id for CachedTaskType { native_fn: NativeFunction { name: "get_written_endpoint_with_issues_operation", global_name: "next_napi_bindings::next_api::endpoint::get_written_endpoint_with_issues_operation", .. }, this: None, arg: (OperationVc { node: RawVc::TaskOutput(631) },) } from database failed
[platform] 
[platform] Caused by:
[platform]     0: Unable to open static sorted file referenced from 00001144.meta
[platform]     1: Unable to open static sorted file 00001140.sst
[platform]     2: Failed to open SST file C:\CM_Web\apps\platform-admin\.next\dev\cache/turbopack\f37fad94\00001140.sst
[platform]     3: The system cannot find the path specified. (os error 3)
[platform] 
[platform] thread '<unnamed>' (8532) panicked at turbopack\crates\turbo-tasks-backend\src\backend\operation\mod.rs:619:14:
[platform] Failed to lookup task ids: Looking up task id for CachedTaskType { native_fn: NativeFunction { name: "get_source_map_rope_operation", global_name: "next_napi_bindings::next_api::project::get_source_map_rope_operation", .. }, this: None, arg: (ResolvedVc(RawVc::TaskCell(1, "next_api::project::ProjectContainer#0")), "TurbopackInternalError: Failed to lookup task ids: Looking up task id for CachedTaskType { native_fn: NativeFunction { name: \"get_written_endpoint_with_issues_operation\", global_name: \"next_napi_bindings::next_api::endpoint::get_written_endpoint_with_issues_operation\", .. }, this: None, arg: (OperationVc { node: RawVc::TaskOutput(631) },) } from database failed") } from database failed
[platform] 
[platform] Caused by:
[platform]     0: Unable to open static sorted file referenced from 00002694.meta
[platform]     1: Unable to open static sorted file 00002690.sst
[platform]     2: Failed to open SST file C:\CM_Web\apps\platform-admin\.next\dev\cache/turbopack\f37fad94\00002690.sst
[platform]     3: The system cannot find the path specified. (os error 3)
[platform] ⨯ Error [TurbopackInternalError]: Failed to lookup task ids: Looking up task id for CachedTaskType { native_fn: NativeFunction { name: "get_written_endpoint_with_issues_operation", global_name: "next_napi_bindings::next_api::endpoint::get_written_endpoint_with_issues_operation", .. }, this: None, arg: (OperationVc { node: RawVc::TaskOutput(631) },) } from database failed
[platform] 
[platform] Debug info:
[platform] - Failed to lookup task ids: Looking up task id for CachedTaskType { native_fn: NativeFunction { name: "get_written_endpoint_with_issues_operation", global_name: "next_napi_bindings::next_api::endpoint::get_written_endpoint_with_issues_operation", .. }, this: None, arg: (OperationVc { node: RawVc::TaskOutput(631) },) } from database failed
[platform]   
[platform]   Caused by:
[platform]       0: Unable to open static sorted file referenced from 00001144.meta
[platform]       1: Unable to open static sorted file 00001140.sst
[platform]       2: Failed to open SST file C:\CM_Web\apps\platform-admin\.next\dev\cache/turbopack\f37fad94\00001140.sst
[platform]       3: The system cannot find the path specified. (os error 3)
[platform]     at <unknown> (TurbopackInternalError: Failed to lookup task ids: Looking up task id for CachedTaskType { native_fn: NativeFunction { name: "get_written_endpoint_with_issues_operation", global_name: "next_napi_bindings::next_api::endpoint::get_written_endpoint_with_issues_operation", .. }, this: None, arg: (OperationVc { node: RawVc::TaskOutput(631) },) } from database failed) {
[platform]   location: 'turbopack\\crates\\turbo-tasks-backend\\src\\backend\\operation\\mod.rs:619:14'
[platform] }
[platform] 
[platform] thread 'tokio-runtime-worker' (23980) panicked at turbopack\crates\turbo-tasks-backend\src\backend\operation\mod.rs:619:14:
[platform] Failed to lookup task ids: Looking up task id for CachedTaskType { native_fn: NativeFunction { name: "get_written_endpoint_with_issues_operation", global_name: "next_napi_bindings::next_api::endpoint::get_written_endpoint_with_issues_operation", .. }, this: None, arg: (OperationVc { node: RawVc::TaskOutput(631) },) } from database failed
[platform] 
[platform] Caused by:
[platform]     0: Unable to open static sorted file referenced from 00001144.meta
[platform]     1: Unable to open static sorted file 00001140.sst
[platform]     2: Failed to open SST file C:\CM_Web\apps\platform-admin\.next\dev\cache/turbopack\f37fad94\00001140.sst
[platform]     3: The system cannot find the path specified. (os error 3)
[platform] 
[platform] thread '<unnamed>' (8532) panicked at turbopack\crates\turbo-tasks-backend\src\backend\operation\mod.rs:619:14:
[platform] Failed to lookup task ids: Looking up task id for CachedTaskType { native_fn: NativeFunction { name: "get_source_map_rope_operation", global_name: "next_napi_bindings::next_api::project::get_source_map_rope_operation", .. }, this: None, arg: (ResolvedVc(RawVc::TaskCell(1, "next_api::project::ProjectContainer#0")), "TurbopackInternalError: Failed to lookup task ids: Looking up task id for CachedTaskType { native_fn: NativeFunction { name: \"get_written_endpoint_with_issues_operation\", global_name: \"next_napi_bindings::next_api::endpoint::get_written_endpoint_with_issues_operation\", .. }, this: None, arg: (OperationVc { node: RawVc::TaskOutput(631) },) } from database failed") } from database failed
[platform] 
[platform] Caused by:
[platform]     0: Unable to open static sorted file referenced from 00002694.meta
[platform]     1: Unable to open static sorted file 00002690.sst
[platform]     2: Failed to open SST file C:\CM_Web\apps\platform-admin\.next\dev\cache/turbopack\f37fad94\00002690.sst
[platform]     3: The system cannot find the path specified. (os error 3)
[platform] Error [TurbopackInternalError]: Failed to lookup task ids: Looking up task id for CachedTaskType { native_fn: NativeFunction { name: "get_written_endpoint_with_issues_operation", global_name: "next_napi_bindings::next_api::endpoint::get_written_endpoint_with_issues_operation", .. }, this: None, arg: (OperationVc { node: RawVc::TaskOutput(631) },) } from database failed
[platform] 
[platform] Debug info:
[platform] - Failed to lookup task ids: Looking up task id for CachedTaskType { native_fn: NativeFunction { name: "get_written_endpoint_with_issues_operation", global_name: "next_napi_bindings::next_api::endpoint::get_written_endpoint_with_issues_operation", .. }, this: None, arg: (OperationVc { node: RawVc::TaskOutput(631) },) } from database failed
[platform]   
[platform]   Caused by:
[platform]       0: Unable to open static sorted file referenced from 00001144.meta
[platform]       1: Unable to open static sorted file 00001140.sst
[platform]       2: Failed to open SST file C:\CM_Web\apps\platform-admin\.next\dev\cache/turbopack\f37fad94\00001140.sst
[platform]       3: The system cannot find the path specified. (os error 3)
[platform]     at <unknown> (TurbopackInternalError: Failed to lookup task ids: Looking up task id for CachedTaskType { native_fn: NativeFunction { name: "get_written_endpoint_with_issues_operation", global_name: "next_napi_bindings::next_api::endpoint::get_written_endpoint_with_issues_operation", .. }, this: None, arg: (OperationVc { node: RawVc::TaskOutput(631) },) } from database failed) {
[platform]   location: 'turbopack\\crates\\turbo-tasks-backend\\src\\backend\\operation\\mod.rs:619:14'
[platform] }
[platform] ⨯ Error: ENOENT: no such file or directory, open 'C:\CM_Web\apps\platform-admin\.next\dev\server\app\approval-queue\page\build-manifest.json'
[platform]     at ignore-listed frames {
[platform]   errno: -4058,
[platform]   code: 'ENOENT',
[platform]   syscall: 'open',
[platform]   path: 'C:\\CM_Web\\apps\\platform-admin\\.next\\dev\\server\\app\\approval-queue\\page\\build-manifest.json'
[platform] }
[platform] 
[platform] thread 'tokio-runtime-worker' (29260) panicked at turbopack\crates\turbo-tasks-backend\src\backend\operation\mod.rs:619:14:
[platform] Failed to lookup task ids: Looking up task id for CachedTaskType { native_fn: NativeFunction { name: "get_written_endpoint_with_issues_operation", global_name: "next_napi_bindings::next_api::endpoint::get_written_endpoint_with_issues_operation", .. }, this: None, arg: (OperationVc { node: RawVc::TaskOutput(631) },) } from database failed
[platform] 
[platform] Caused by:
[platform]     0: Unable to open static sorted file referenced from 00001144.meta
[platform]     1: Unable to open static sorted file 00001140.sst
[platform]     2: Failed to open SST file C:\CM_Web\apps\platform-admin\.next\dev\cache/turbopack\f37fad94\00001140.sst
[platform]     3: The system cannot find the path specified. (os error 3)
[platform] 
[platform] thread '<unnamed>' (8532) panicked at turbopack\crates\turbo-tasks-backend\src\backend\operation\mod.rs:619:14:
[platform] Failed to lookup task ids: Looking up task id for CachedTaskType { native_fn: NativeFunction { name: "get_source_map_rope_operation", global_name: "next_napi_bindings::next_api::project::get_source_map_rope_operation", .. }, this: None, arg: (ResolvedVc(RawVc::TaskCell(1, "next_api::project::ProjectContainer#0")), "TurbopackInternalError: Failed to lookup task ids: Looking up task id for CachedTaskType { native_fn: NativeFunction { name: \"get_written_endpoint_with_issues_operation\", global_name: \"next_napi_bindings::next_api::endpoint::get_written_endpoint_with_issues_operation\", .. }, this: None, arg: (OperationVc { node: RawVc::TaskOutput(631) },) } from database failed") } from database failed
[platform] 
[platform] Caused by:
[platform]     0: Unable to open static sorted file referenced from 00002694.meta
[platform]     1: Unable to open static sorted file 00002690.sst
[platform]     2: Failed to open SST file C:\CM_Web\apps\platform-admin\.next\dev\cache/turbopack\f37fad94\00002690.sst
[platform]     3: The system cannot find the path specified. (os error 3)
[platform] ⨯ Error [TurbopackInternalError]: Failed to lookup task ids: Looking up task id for CachedTaskType { native_fn: NativeFunction { name: "get_written_endpoint_with_issues_operation", global_name: "next_napi_bindings::next_api::endpoint::get_written_endpoint_with_issues_operation", .. }, this: None, arg: (OperationVc { node: RawVc::TaskOutput(631) },) } from database failed
[platform] 
[platform] Debug info:
[platform] - Failed to lookup task ids: Looking up task id for CachedTaskType { native_fn: NativeFunction { name: "get_written_endpoint_with_issues_operation", global_name: "next_napi_bindings::next_api::endpoint::get_written_endpoint_with_issues_operation", .. }, this: None, arg: (OperationVc { node: RawVc::TaskOutput(631) },) } from database failed
[platform]   
[platform]   Caused by:
[platform]       0: Unable to open static sorted file referenced from 00001144.meta
[platform]       1: Unable to open static sorted file 00001140.sst
[platform]       2: Failed to open SST file C:\CM_Web\apps\platform-admin\.next\dev\cache/turbopack\f37fad94\00001140.sst
[platform]       3: The system cannot find the path specified. (os error 3)
[platform]     at <unknown> (TurbopackInternalError: Failed to lookup task ids: Looking up task id for CachedTaskType { native_fn: NativeFunction { name: "get_written_endpoint_with_issues_operation", global_name: "next_napi_bindings::next_api::endpoint::get_written_endpoint_with_issues_operation", .. }, this: None, arg: (OperationVc { node: RawVc::TaskOutput(631) },) } from database failed) {
[platform]   location: 'turbopack\\crates\\turbo-tasks-backend\\src\\backend\\operation\\mod.rs:619:14'
[platform] }
[platform] 
[platform] thread 'tokio-runtime-worker' (13576) panicked at turbopack\crates\turbo-tasks-backend\src\backend\operation\mod.rs:619:14:
[platform] Failed to lookup task ids: Looking up task id for CachedTaskType { native_fn: NativeFunction { name: "get_written_endpoint_with_issues_operation", global_name: "next_napi_bindings::next_api::endpoint::get_written_endpoint_with_issues_operation", .. }, this: None, arg: (OperationVc { node: RawVc::TaskOutput(631) },) } from database failed
[platform] 
[platform] Caused by:
[platform]     0: Unable to open static sorted file referenced from 00001144.meta
[platform]     1: Unable to open static sorted file 00001140.sst
[platform]     2: Failed to open SST file C:\CM_Web\apps\platform-admin\.next\dev\cache/turbopack\f37fad94\00001140.sst
[platform]     3: The system cannot find the path specified. (os error 3)
[platform] Error: ENOENT: no such file or directory, open 'C:\CM_Web\apps\platform-admin\.next\dev\server\app\approval-queue\page\build-manifest.json'
[platform]     at ignore-listed frames {
[platform]   errno: -4058,
[platform]   code: 'ENOENT',
[platform]   syscall: 'open',
[platform]   path: 'C:\\CM_Web\\apps\\platform-admin\\.next\\dev\\server\\app\\approval-queue\\page\\build-manifest.json'
[platform] }
[platform] 
[platform] thread 'tokio-runtime-worker' (13576) panicked at turbopack\crates\turbo-tasks-backend\src\backend\operation\mod.rs:619:14:
[platform] Failed to lookup task ids: Looking up task id for CachedTaskType { native_fn: NativeFunction { name: "get_written_endpoint_with_issues_operation", global_name: "next_napi_bindings::next_api::endpoint::get_written_endpoint_with_issues_operation", .. }, this: None, arg: (OperationVc { node: RawVc::TaskOutput(631) },) } from database failed
[platform] 
[platform] Caused by:
[platform]     0: Unable to open static sorted file referenced from 00001144.meta
[platform]     1: Unable to open static sorted file 00001140.sst
[platform]     2: Failed to open SST file C:\CM_Web\apps\platform-admin\.next\dev\cache/turbopack\f37fad94\00001140.sst
[platform]     3: The system cannot find the path specified. (os error 3)
[platform] 
[platform] thread '<unnamed>' (8532) panicked at turbopack\crates\turbo-tasks-backend\src\backend\operation\mod.rs:619:14:
[platform] Failed to lookup task ids: Looking up task id for CachedTaskType { native_fn: NativeFunction { name: "get_source_map_rope_operation", global_name: "next_napi_bindings::next_api::project::get_source_map_rope_operation", .. }, this: None, arg: (ResolvedVc(RawVc::TaskCell(1, "next_api::project::ProjectContainer#0")), "TurbopackInternalError: Failed to lookup task ids: Looking up task id for CachedTaskType { native_fn: NativeFunction { name: \"get_written_endpoint_with_issues_operation\", global_name: \"next_napi_bindings::next_api::endpoint::get_written_endpoint_with_issues_operation\", .. }, this: None, arg: (OperationVc { node: RawVc::TaskOutput(631) },) } from database failed") } from database failed
[platform] 
[platform] Caused by:
[platform]     0: Unable to open static sorted file referenced from 00002694.meta
[platform]     1: Unable to open static sorted file 00002690.sst
[platform]     2: Failed to open SST file C:\CM_Web\apps\platform-admin\.next\dev\cache/turbopack\f37fad94\00002690.sst
[platform]     3: The system cannot find the path specified. (os error 3)
[platform] ⨯ Error [TurbopackInternalError]: Failed to lookup task ids: Looking up task id for CachedTaskType { native_fn: NativeFunction { name: "get_written_endpoint_with_issues_operation", global_name: "next_napi_bindings::next_api::endpoint::get_written_endpoint_with_issues_operation", .. }, this: None, arg: (OperationVc { node: RawVc::TaskOutput(631) },) } from database failed
[platform] 
[platform] Debug info:
[platform] - Failed to lookup task ids: Looking up task id for CachedTaskType { native_fn: NativeFunction { name: "get_written_endpoint_with_issues_operation", global_name: "next_napi_bindings::next_api::endpoint::get_written_endpoint_with_issues_operation", .. }, this: None, arg: (OperationVc { node: RawVc::TaskOutput(631) },) } from database failed
[platform]   
[platform]   Caused by:
[platform]       0: Unable to open static sorted file referenced from 00001144.meta
[platform]       1: Unable to open static sorted file 00001140.sst
[platform]       2: Failed to open SST file C:\CM_Web\apps\platform-admin\.next\dev\cache/turbopack\f37fad94\00001140.sst
[platform]       3: The system cannot find the path specified. (os error 3)
[platform]     at <unknown> (TurbopackInternalError: Failed to lookup task ids: Looking up task id for CachedTaskType { native_fn: NativeFunction { name: "get_written_endpoint_with_issues_operation", global_name: "next_napi_bindings::next_api::endpoint::get_written_endpoint_with_issues_operation", .. }, this: None, arg: (OperationVc { node: RawVc::TaskOutput(631) },) } from database failed) {
[platform]   location: 'turbopack\\crates\\turbo-tasks-backend\\src\\backend\\operation\\mod.rs:619:14'
[platform] }
[platform] 
[platform] thread 'tokio-runtime-worker' (24648) panicked at turbopack\crates\turbo-tasks-backend\src\backend\operation\mod.rs:619:14:
[platform] Failed to lookup task ids: Looking up task id for CachedTaskType { native_fn: NativeFunction { name: "get_written_endpoint_with_issues_operation", global_name: "next_napi_bindings::next_api::endpoint::get_written_endpoint_with_issues_operation", .. }, this: None, arg: (OperationVc { node: RawVc::TaskOutput(631) },) } from database failed
[platform] 
[platform] Caused by:
[platform]     0: Unable to open static sorted file referenced from 00001144.meta
[platform]     1: Unable to open static sorted file 00001140.sst
[platform]     2: Failed to open SST file C:\CM_Web\apps\platform-admin\.next\dev\cache/turbopack\f37fad94\00001140.sst
[platform]     3: The system cannot find the path specified. (os error 3)
[platform] 
[platform] thread '<unnamed>' (8532) panicked at turbopack\crates\turbo-tasks-backend\src\backend\operation\mod.rs:619:14:
[platform] Failed to lookup task ids: Looking up task id for CachedTaskType { native_fn: NativeFunction { name: "get_source_map_rope_operation", global_name: "next_napi_bindings::next_api::project::get_source_map_rope_operation", .. }, this: None, arg: (ResolvedVc(RawVc::TaskCell(1, "next_api::project::ProjectContainer#0")), "TurbopackInternalError: Failed to lookup task ids: Looking up task id for CachedTaskType { native_fn: NativeFunction { name: \"get_written_endpoint_with_issues_operation\", global_name: \"next_napi_bindings::next_api::endpoint::get_written_endpoint_with_issues_operation\", .. }, this: None, arg: (OperationVc { node: RawVc::TaskOutput(631) },) } from database failed") } from database failed
[platform] 
[platform] Caused by:
[platform]     0: Unable to open static sorted file referenced from 00002694.meta
[platform]     1: Unable to open static sorted file 00002690.sst
[platform]     2: Failed to open SST file C:\CM_Web\apps\platform-admin\.next\dev\cache/turbopack\f37fad94\00002690.sst
[platform]     3: The system cannot find the path specified. (os error 3)
[platform] Error [TurbopackInternalError]: Failed to lookup task ids: Looking up task id for CachedTaskType { native_fn: NativeFunction { name: "get_written_endpoint_with_issues_operation", global_name: "next_napi_bindings::next_api::endpoint::get_written_endpoint_with_issues_operation", .. }, this: None, arg: (OperationVc { node: RawVc::TaskOutput(631) },) } from database failed
[platform] 
[platform] Debug info:
[platform] - Failed to lookup task ids: Looking up task id for CachedTaskType { native_fn: NativeFunction { name: "get_written_endpoint_with_issues_operation", global_name: "next_napi_bindings::next_api::endpoint::get_written_endpoint_with_issues_operation", .. }, this: None, arg: (OperationVc { node: RawVc::TaskOutput(631) },) } from database failed
[platform]   
[platform]   Caused by:
[platform]       0: Unable to open static sorted file referenced from 00001144.meta
[platform]       1: Unable to open static sorted file 00001140.sst
[platform]       2: Failed to open SST file C:\CM_Web\apps\platform-admin\.next\dev\cache/turbopack\f37fad94\00001140.sst
[platform]       3: The system cannot find the path specified. (os error 3)
[platform]     at <unknown> (TurbopackInternalError: Failed to lookup task ids: Looking up task id for CachedTaskType { native_fn: NativeFunction { name: "get_written_endpoint_with_issues_operation", global_name: "next_napi_bindings::next_api::endpoint::get_written_endpoint_with_issues_operation", .. }, this: None, arg: (OperationVc { node: RawVc::TaskOutput(631) },) } from database failed) {
[platform]   location: 'turbopack\\crates\\turbo-tasks-backend\\src\\backend\\operation\\mod.rs:619:14'
[platform] }
[platform] ⨯ Error: ENOENT: no such file or directory, open 'C:\CM_Web\apps\platform-admin\.next\dev\server\app\dashboard\page\build-manifest.json'
[platform]     at ignore-listed frames {
[platform]   errno: -4058,
[platform]   code: 'ENOENT',
[platform]   syscall: 'open',
[platform]   path: 'C:\\CM_Web\\apps\\platform-admin\\.next\\dev\\server\\app\\dashboard\\page\\build-manifest.json'
[platform] }
[platform] 
[platform] thread 'tokio-runtime-worker' (21264) panicked at turbopack\crates\turbo-tasks-backend\src\backend\operation\mod.rs:619:14:
[platform] Failed to lookup task ids: Looking up task id for CachedTaskType { native_fn: NativeFunction { name: "get_written_endpoint_with_issues_operation", global_name: "next_napi_bindings::next_api::endpoint::get_written_endpoint_with_issues_operation", .. }, this: None, arg: (OperationVc { node: RawVc::TaskOutput(631) },) } from database failed
[platform] 
[platform] Caused by:
[platform]     0: Unable to open static sorted file referenced from 00001144.meta
[platform]     1: Unable to open static sorted file 00001140.sst
[platform]     2: Failed to open SST file C:\CM_Web\apps\platform-admin\.next\dev\cache/turbopack\f37fad94\00001140.sst
[platform]     3: The system cannot find the path specified. (os error 3)
[platform] 
[platform] thread '<unnamed>' (8532) panicked at turbopack\crates\turbo-tasks-backend\src\backend\operation\mod.rs:619:14:
[platform] Failed to lookup task ids: Looking up task id for CachedTaskType { native_fn: NativeFunction { name: "get_source_map_rope_operation", global_name: "next_napi_bindings::next_api::project::get_source_map_rope_operation", .. }, this: None, arg: (ResolvedVc(RawVc::TaskCell(1, "next_api::project::ProjectContainer#0")), "TurbopackInternalError: Failed to lookup task ids: Looking up task id for CachedTaskType { native_fn: NativeFunction { name: \"get_written_endpoint_with_issues_operation\", global_name: \"next_napi_bindings::next_api::endpoint::get_written_endpoint_with_issues_operation\", .. }, this: None, arg: (OperationVc { node: RawVc::TaskOutput(631) },) } from database failed") } from database failed
[platform] 
[platform] Caused by:
[platform]     0: Unable to open static sorted file referenced from 00002694.meta
[platform]     1: Unable to open static sorted file 00002690.sst
[platform]     2: Failed to open SST file C:\CM_Web\apps\platform-admin\.next\dev\cache/turbopack\f37fad94\00002690.sst
[platform]     3: The system cannot find the path specified. (os error 3)
[platform] ⨯ Error [TurbopackInternalError]: Failed to lookup task ids: Looking up task id for CachedTaskType { native_fn: NativeFunction { name: "get_written_endpoint_with_issues_operation", global_name: "next_napi_bindings::next_api::endpoint::get_written_endpoint_with_issues_operation", .. }, this: None, arg: (OperationVc { node: RawVc::TaskOutput(631) },) } from database failed
[platform] 
[platform] Debug info:
[platform] - Failed to lookup task ids: Looking up task id for CachedTaskType { native_fn: NativeFunction { name: "get_written_endpoint_with_issues_operation", global_name: "next_napi_bindings::next_api::endpoint::get_written_endpoint_with_issues_operation", .. }, this: None, arg: (OperationVc { node: RawVc::TaskOutput(631) },) } from database failed
[platform]   
[platform]   Caused by:
[platform]       0: Unable to open static sorted file referenced from 00001144.meta
[platform]       1: Unable to open static sorted file 00001140.sst
[platform]       2: Failed to open SST file C:\CM_Web\apps\platform-admin\.next\dev\cache/turbopack\f37fad94\00001140.sst
[platform]       3: The system cannot find the path specified. (os error 3)
[platform]     at <unknown> (TurbopackInternalError: Failed to lookup task ids: Looking up task id for CachedTaskType { native_fn: NativeFunction { name: "get_written_endpoint_with_issues_operation", global_name: "next_napi_bindings::next_api::endpoint::get_written_endpoint_with_issues_operation", .. }, this: None, arg: (OperationVc { node: RawVc::TaskOutput(631) },) } from database failed) {
[platform]   location: 'turbopack\\crates\\turbo-tasks-backend\\src\\backend\\operation\\mod.rs:619:14'
[platform] }
[platform] 
[platform] thread 'tokio-runtime-worker' (24648) panicked at turbopack\crates\turbo-tasks-backend\src\backend\operation\mod.rs:619:14:
[platform] Failed to lookup task ids: Looking up task id for CachedTaskType { native_fn: NativeFunction { name: "get_written_endpoint_with_issues_operation", global_name: "next_napi_bindings::next_api::endpoint::get_written_endpoint_with_issues_operation", .. }, this: None, arg: (OperationVc { node: RawVc::TaskOutput(631) },) } from database failed
[platform] 
[platform] Caused by:
[platform]     0: Unable to open static sorted file referenced from 00001144.meta
[platform]     1: Unable to open static sorted file 00001140.sst
[platform]     2: Failed to open SST file C:\CM_Web\apps\platform-admin\.next\dev\cache/turbopack\f37fad94\00001140.sst
[platform]     3: The system cannot find the path specified. (os error 3)
[platform] Error: ENOENT: no such file or directory, open 'C:\CM_Web\apps\platform-admin\.next\dev\server\app\dashboard\page\build-manifest.json'
[platform]     at ignore-listed frames {
[platform]   errno: -4058,
[platform]   code: 'ENOENT',
[platform]   syscall: 'open',
[platform]   path: 'C:\\CM_Web\\apps\\platform-admin\\.next\\dev\\server\\app\\dashboard\\page\\build-manifest.json'
[platform] }
[platform] 
[platform] thread 'tokio-runtime-worker' (29260) panicked at turbopack\crates\turbo-tasks-backend\src\backend\operation\mod.rs:619:14:
[platform] Failed to lookup task ids: Looking up task id for CachedTaskType { native_fn: NativeFunction { name: "get_written_endpoint_with_issues_operation", global_name: "next_napi_bindings::next_api::endpoint::get_written_endpoint_with_issues_operation", .. }, this: None, arg: (OperationVc { node: RawVc::TaskOutput(631) },) } from database failed
[platform] 
[platform] Caused by:
[platform]     0: Unable to open static sorted file referenced from 00001144.meta
[platform]     1: Unable to open static sorted file 00001140.sst
[platform]     2: Failed to open SST file C:\CM_Web\apps\platform-admin\.next\dev\cache/turbopack\f37fad94\00001140.sst
[platform]     3: The system cannot find the path specified. (os error 3)
[platform] 
[platform] thread '<unnamed>' (8532) panicked at turbopack\crates\turbo-tasks-backend\src\backend\operation\mod.rs:619:14:
[platform] Failed to lookup task ids: Looking up task id for CachedTaskType { native_fn: NativeFunction { name: "get_source_map_rope_operation", global_name: "next_napi_bindings::next_api::project::get_source_map_rope_operation", .. }, this: None, arg: (ResolvedVc(RawVc::TaskCell(1, "next_api::project::ProjectContainer#0")), "TurbopackInternalError: Failed to lookup task ids: Looking up task id for CachedTaskType { native_fn: NativeFunction { name: \"get_written_endpoint_with_issues_operation\", global_name: \"next_napi_bindings::next_api::endpoint::get_written_endpoint_with_issues_operation\", .. }, this: None, arg: (OperationVc { node: RawVc::TaskOutput(631) },) } from database failed") } from database failed
[platform] 
[platform] Caused by:
[platform]     0: Unable to open static sorted file referenced from 00002694.meta
[platform]     1: Unable to open static sorted file 00002690.sst
[platform]     2: Failed to open SST file C:\CM_Web\apps\platform-admin\.next\dev\cache/turbopack\f37fad94\00002690.sst
[platform]     3: The system cannot find the path specified. (os error 3)
[platform] ⨯ Error [TurbopackInternalError]: Failed to lookup task ids: Looking up task id for CachedTaskType { native_fn: NativeFunction { name: "get_written_endpoint_with_issues_operation", global_name: "next_napi_bindings::next_api::endpoint::get_written_endpoint_with_issues_operation", .. }, this: None, arg: (OperationVc { node: RawVc::TaskOutput(631) },) } from database failed
[platform] 
[platform] Debug info:
[platform] - Failed to lookup task ids: Looking up task id for CachedTaskType { native_fn: NativeFunction { name: "get_written_endpoint_with_issues_operation", global_name: "next_napi_bindings::next_api::endpoint::get_written_endpoint_with_issues_operation", .. }, this: None, arg: (OperationVc { node: RawVc::TaskOutput(631) },) } from database failed
[platform]   
[platform]   Caused by:
[platform]       0: Unable to open static sorted file referenced from 00001144.meta
[platform]       1: Unable to open static sorted file 00001140.sst
[platform]       2: Failed to open SST file C:\CM_Web\apps\platform-admin\.next\dev\cache/turbopack\f37fad94\00001140.sst
[platform]       3: The system cannot find the path specified. (os error 3)
[platform]     at <unknown> (TurbopackInternalError: Failed to lookup task ids: Looking up task id for CachedTaskType { native_fn: NativeFunction { name: "get_written_endpoint_with_issues_operation", global_name: "next_napi_bindings::next_api::endpoint::get_written_endpoint_with_issues_operation", .. }, this: None, arg: (OperationVc { node: RawVc::TaskOutput(631) },) } from database failed) {
[platform]   location: 'turbopack\\crates\\turbo-tasks-backend\\src\\backend\\operation\\mod.rs:619:14'
[platform] }
[platform] 
[platform] thread 'tokio-runtime-worker' (29260) panicked at turbopack\crates\turbo-tasks-backend\src\backend\operation\mod.rs:619:14:
[platform] Failed to lookup task ids: Looking up task id for CachedTaskType { native_fn: NativeFunction { name: "get_written_endpoint_with_issues_operation", global_name: "next_napi_bindings::next_api::endpoint::get_written_endpoint_with_issues_operation", .. }, this: None, arg: (OperationVc { node: RawVc::TaskOutput(631) },) } from database failed
[platform] 
[platform] Caused by:
[platform]     0: Unable to open static sorted file referenced from 00001144.meta
[platform]     1: Unable to open static sorted file 00001140.sst
[platform]     2: Failed to open SST file C:\CM_Web\apps\platform-admin\.next\dev\cache/turbopack\f37fad94\00001140.sst
[platform]     3: The system cannot find the path specified. (os error 3)
[platform] 
[platform] thread '<unnamed>' (8532) panicked at turbopack\crates\turbo-tasks-backend\src\backend\operation\mod.rs:619:14:
[platform] Failed to lookup task ids: Looking up task id for CachedTaskType { native_fn: NativeFunction { name: "get_source_map_rope_operation", global_name: "next_napi_bindings::next_api::project::get_source_map_rope_operation", .. }, this: None, arg: (ResolvedVc(RawVc::TaskCell(1, "next_api::project::ProjectContainer#0")), "TurbopackInternalError: Failed to lookup task ids: Looking up task id for CachedTaskType { native_fn: NativeFunction { name: \"get_written_endpoint_with_issues_operation\", global_name: \"next_napi_bindings::next_api::endpoint::get_written_endpoint_with_issues_operation\", .. }, this: None, arg: (OperationVc { node: RawVc::TaskOutput(631) },) } from database failed") } from database failed
[platform] 
[platform] Caused by:
[platform]     0: Unable to open static sorted file referenced from 00002694.meta
[platform]     1: Unable to open static sorted file 00002690.sst
[platform]     2: Failed to open SST file C:\CM_Web\apps\platform-admin\.next\dev\cache/turbopack\f37fad94\00002690.sst
[platform]     3: The system cannot find the path specified. (os error 3)
[platform] Error [TurbopackInternalError]: Failed to lookup task ids: Looking up task id for CachedTaskType { native_fn: NativeFunction { name: "get_written_endpoint_with_issues_operation", global_name: "next_napi_bindings::next_api::endpoint::get_written_endpoint_with_issues_operation", .. }, this: None, arg: (OperationVc { node: RawVc::TaskOutput(631) },) } from database failed
[platform] 
[platform] Debug info:
[platform] - Failed to lookup task ids: Looking up task id for CachedTaskType { native_fn: NativeFunction { name: "get_written_endpoint_with_issues_operation", global_name: "next_napi_bindings::next_api::endpoint::get_written_endpoint_with_issues_operation", .. }, this: None, arg: (OperationVc { node: RawVc::TaskOutput(631) },) } from database failed
[platform]   
[platform]   Caused by:
[platform]       0: Unable to open static sorted file referenced from 00001144.meta
[platform]       1: Unable to open static sorted file 00001140.sst
[platform]       2: Failed to open SST file C:\CM_Web\apps\platform-admin\.next\dev\cache/turbopack\f37fad94\00001140.sst
[platform]       3: The system cannot find the path specified. (os error 3)
[platform]     at <unknown> (TurbopackInternalError: Failed to lookup task ids: Looking up task id for CachedTaskType { native_fn: NativeFunction { name: "get_written_endpoint_with_issues_operation", global_name: "next_napi_bindings::next_api::endpoint::get_written_endpoint_with_issues_operation", .. }, this: None, arg: (OperationVc { node: RawVc::TaskOutput(631) },) } from database failed) {
[platform]   location: 'turbopack\\crates\\turbo-tasks-backend\\src\\backend\\operation\\mod.rs:619:14'
[platform] }
[platform] 
[platform] thread 'tokio-runtime-worker' (29260) panicked at turbopack\crates\turbo-tasks-backend\src\backend\operation\mod.rs:619:14:
[platform] Failed to lookup task ids: Looking up task id for CachedTaskType { native_fn: NativeFunction { name: "endpoint_write_to_disk_operation", global_name: "next_api::route::endpoint_write_to_disk_operation", .. }, this: None, arg: (OperationVc { node: RawVc::TaskOutput(594) },) } from database failed
[platform] 
[platform] Caused by:
[platform]     0: Unable to open static sorted file referenced from 00002348.meta
[platform]     1: Unable to open static sorted file 00002344.sst
[platform]     2: Failed to open SST file C:\CM_Web\apps\platform-admin\.next\dev\cache/turbopack\f37fad94\00002344.sst
[platform]     3: The system cannot find the path specified. (os error 3)
[platform] 
[platform] thread 'tokio-runtime-worker' (29260) panicked at turbopack\crates\turbo-tasks-backend\src\backend\operation\mod.rs:619:14:
[platform] Failed to lookup task ids: Looking up task id for CachedTaskType { native_fn: NativeFunction { name: "get_written_endpoint_with_issues_operation", global_name: "next_napi_bindings::next_api::endpoint::get_written_endpoint_with_issues_operation", .. }, this: None, arg: (OperationVc { node: RawVc::TaskOutput(631) },) } from database failed
[platform] 
[platform] Caused by:
[platform]     0: Unable to open static sorted file referenced from 00001144.meta
[platform]     1: Unable to open static sorted file 00001140.sst
[platform]     2: Failed to open SST file C:\CM_Web\apps\platform-admin\.next\dev\cache/turbopack\f37fad94\00001140.sst
[platform]     3: The system cannot find the path specified. (os error 3)
[platform] 
[platform] thread '<unnamed>' (8532) panicked at turbopack\crates\turbo-tasks-backend\src\backend\operation\mod.rs:619:14:
[platform] Failed to lookup task ids: Looking up task id for CachedTaskType { native_fn: NativeFunction { name: "get_source_map_rope_operation", global_name: "next_napi_bindings::next_api::project::get_source_map_rope_operation", .. }, this: None, arg: (ResolvedVc(RawVc::TaskCell(1, "next_api::project::ProjectContainer#0")), "TurbopackInternalError: Failed to lookup task ids: Looking up task id for CachedTaskType { native_fn: NativeFunction { name: \"get_written_endpoint_with_issues_operation\", global_name: \"next_napi_bindings::next_api::endpoint::get_written_endpoint_with_issues_operation\", .. }, this: None, arg: (OperationVc { node: RawVc::TaskOutput(631) },) } from database failed") } from database failed
[platform] 
[platform] Caused by:
[platform]     0: Unable to open static sorted file referenced from 00002694.meta
[platform]     1: Unable to open static sorted file 00002690.sst
[platform]     2: Failed to open SST file C:\CM_Web\apps\platform-admin\.next\dev\cache/turbopack\f37fad94\00002690.sst
[platform]     3: The system cannot find the path specified. (os error 3)
[platform] ⨯ Error [TurbopackInternalError]: Failed to lookup task ids: Looking up task id for CachedTaskType { native_fn: NativeFunction { name: "get_written_endpoint_with_issues_operation", global_name: "next_napi_bindings::next_api::endpoint::get_written_endpoint_with_issues_operation", .. }, this: None, arg: (OperationVc { node: RawVc::TaskOutput(631) },) } from database failed
[platform] 
[platform] Debug info:
[platform] - Failed to lookup task ids: Looking up task id for CachedTaskType { native_fn: NativeFunction { name: "get_written_endpoint_with_issues_operation", global_name: "next_napi_bindings::next_api::endpoint::get_written_endpoint_with_issues_operation", .. }, this: None, arg: (OperationVc { node: RawVc::TaskOutput(631) },) } from database failed
[platform]   
[platform]   Caused by:
[platform]       0: Unable to open static sorted file referenced from 00001144.meta
[platform]       1: Unable to open static sorted file 00001140.sst
[platform]       2: Failed to open SST file C:\CM_Web\apps\platform-admin\.next\dev\cache/turbopack\f37fad94\00001140.sst
[platform]       3: The system cannot find the path specified. (os error 3)
[platform]     at <unknown> (TurbopackInternalError: Failed to lookup task ids: Looking up task id for CachedTaskType { native_fn: NativeFunction { name: "get_written_endpoint_with_issues_operation", global_name: "next_napi_bindings::next_api::endpoint::get_written_endpoint_with_issues_operation", .. }, this: None, arg: (OperationVc { node: RawVc::TaskOutput(631) },) } from database failed) {
[platform]   location: 'turbopack\\crates\\turbo-tasks-backend\\src\\backend\\operation\\mod.rs:619:14'
[platform] }
[platform] 
[platform] thread 'tokio-runtime-worker' (13576) panicked at turbopack\crates\turbo-tasks-backend\src\backend\operation\mod.rs:619:14:
[platform] Failed to lookup task ids: Looking up task id for CachedTaskType { native_fn: NativeFunction { name: "get_written_endpoint_with_issues_operation", global_name: "next_napi_bindings::next_api::endpoint::get_written_endpoint_with_issues_operation", .. }, this: None, arg: (OperationVc { node: RawVc::TaskOutput(631) },) } from database failed
[platform] 
[platform] Caused by:
[platform]     0: Unable to open static sorted file referenced from 00001144.meta
[platform]     1: Unable to open static sorted file 00001140.sst
[platform]     2: Failed to open SST file C:\CM_Web\apps\platform-admin\.next\dev\cache/turbopack\f37fad94\00001140.sst
[platform]     3: The system cannot find the path specified. (os error 3)
[platform] Error [TurbopackInternalError]: Failed to lookup task ids: Looking up task id for CachedTaskType { native_fn: NativeFunction { name: "endpoint_write_to_disk_operation", global_name: "next_api::route::endpoint_write_to_disk_operation", .. }, this: None, arg: (OperationVc { node: RawVc::TaskOutput(594) },) } from database failed
[platform] 
[platform] Debug info:
[platform] - Execution of get_written_endpoint_with_issues_operation failed
[platform] - Failed to lookup task ids: Looking up task id for CachedTaskType { native_fn: NativeFunction { name: "endpoint_write_to_disk_operation", global_name: "next_api::route::endpoint_write_to_disk_operation", .. }, this: None, arg: (OperationVc { node: RawVc::TaskOutput(594) },) } from database failed
[platform]   
[platform]   Caused by:
[platform]       0: Unable to open static sorted file referenced from 00002348.meta
[platform]       1: Unable to open static sorted file 00002344.sst
[platform]       2: Failed to open SST file C:\CM_Web\apps\platform-admin\.next\dev\cache/turbopack\f37fad94\00002344.sst
[platform]       3: The system cannot find the path specified. (os error 3)
[platform]     at <unknown> (TurbopackInternalError: Failed to lookup task ids: Looking up task id for CachedTaskType { native_fn: NativeFunction { name: "endpoint_write_to_disk_operation", global_name: "next_api::route::endpoint_write_to_disk_operation", .. }, this: None, arg: (OperationVc { node: RawVc::TaskOutput(594) },) } from database failed) {
[platform]   location: 'turbopack\\crates\\turbo-tasks-backend\\src\\backend\\operation\\mod.rs:619:14'
[platform] }
[platform] 
[platform] thread 'tokio-runtime-worker' (21264) panicked at turbopack\crates\turbo-tasks-backend\src\backend\operation\mod.rs:619:14:
[platform] Failed to lookup task ids: Looking up task id for CachedTaskType { native_fn: NativeFunction { name: "get_written_endpoint_with_issues_operation", global_name: "next_napi_bindings::next_api::endpoint::get_written_endpoint_with_issues_operation", .. }, this: None, arg: (OperationVc { node: RawVc::TaskOutput(631) },) } from database failed
[platform] 
[platform] Caused by:
[platform]     0: Unable to open static sorted file referenced from 00001144.meta
[platform]     1: Unable to open static sorted file 00001140.sst
[platform]     2: Failed to open SST file C:\CM_Web\apps\platform-admin\.next\dev\cache/turbopack\f37fad94\00001140.sst
[platform]     3: The system cannot find the path specified. (os error 3)
[platform] 
[platform] thread '<unnamed>' (8532) panicked at turbopack\crates\turbo-tasks-backend\src\backend\operation\mod.rs:619:14:
[platform] Failed to lookup task ids: Looking up task id for CachedTaskType { native_fn: NativeFunction { name: "get_source_map_rope_operation", global_name: "next_napi_bindings::next_api::project::get_source_map_rope_operation", .. }, this: None, arg: (ResolvedVc(RawVc::TaskCell(1, "next_api::project::ProjectContainer#0")), "TurbopackInternalError: Failed to lookup task ids: Looking up task id for CachedTaskType { native_fn: NativeFunction { name: \"get_written_endpoint_with_issues_operation\", global_name: \"next_napi_bindings::next_api::endpoint::get_written_endpoint_with_issues_operation\", .. }, this: None, arg: (OperationVc { node: RawVc::TaskOutput(631) },) } from database failed") } from database failed
[platform] 
[platform] Caused by:
[platform]     0: Unable to open static sorted file referenced from 00002694.meta
[platform]     1: Unable to open static sorted file 00002690.sst
[platform]     2: Failed to open SST file C:\CM_Web\apps\platform-admin\.next\dev\cache/turbopack\f37fad94\00002690.sst
[platform]     3: The system cannot find the path specified. (os error 3)
[platform] ⨯ Error [TurbopackInternalError]: Failed to lookup task ids: Looking up task id for CachedTaskType { native_fn: NativeFunction { name: "get_written_endpoint_with_issues_operation", global_name: "next_napi_bindings::next_api::endpoint::get_written_endpoint_with_issues_operation", .. }, this: None, arg: (OperationVc { node: RawVc::TaskOutput(631) },) } from database failed
[platform] 
[platform] Debug info:
[platform] - Failed to lookup task ids: Looking up task id for CachedTaskType { native_fn: NativeFunction { name: "get_written_endpoint_with_issues_operation", global_name: "next_napi_bindings::next_api::endpoint::get_written_endpoint_with_issues_operation", .. }, this: None, arg: (OperationVc { node: RawVc::TaskOutput(631) },) } from database failed
[platform]   
[platform]   Caused by:
[platform]       0: Unable to open static sorted file referenced from 00001144.meta
[platform]       1: Unable to open static sorted file 00001140.sst
[platform]       2: Failed to open SST file C:\CM_Web\apps\platform-admin\.next\dev\cache/turbopack\f37fad94\00001140.sst
[platform]       3: The system cannot find the path specified. (os error 3)
[platform]     at <unknown> (TurbopackInternalError: Failed to lookup task ids: Looking up task id for CachedTaskType { native_fn: NativeFunction { name: "get_written_endpoint_with_issues_operation", global_name: "next_napi_bindings::next_api::endpoint::get_written_endpoint_with_issues_operation", .. }, this: None, arg: (OperationVc { node: RawVc::TaskOutput(631) },) } from database failed) {
[platform]   location: 'turbopack\\crates\\turbo-tasks-backend\\src\\backend\\operation\\mod.rs:619:14'
[platform] }
[platform] 
[platform] thread 'tokio-runtime-worker' (21264) panicked at turbopack\crates\turbo-tasks-backend\src\backend\operation\mod.rs:619:14:
[platform] Failed to lookup task ids: Looking up task id for CachedTaskType { native_fn: NativeFunction { name: "get_written_endpoint_with_issues_operation", global_name: "next_napi_bindings::next_api::endpoint::get_written_endpoint_with_issues_operation", .. }, this: None, arg: (OperationVc { node: RawVc::TaskOutput(631) },) } from database failed
[platform] 
[platform] Caused by:
[platform]     0: Unable to open static sorted file referenced from 00001144.meta
[platform]     1: Unable to open static sorted file 00001140.sst
[platform]     2: Failed to open SST file C:\CM_Web\apps\platform-admin\.next\dev\cache/turbopack\f37fad94\00001140.sst
[platform]     3: The system cannot find the path specified. (os error 3)
[platform] 
[platform] thread '<unnamed>' (8532) panicked at turbopack\crates\turbo-tasks-backend\src\backend\operation\mod.rs:619:14:
[platform] Failed to lookup task ids: Looking up task id for CachedTaskType { native_fn: NativeFunction { name: "get_source_map_rope_operation", global_name: "next_napi_bindings::next_api::project::get_source_map_rope_operation", .. }, this: None, arg: (ResolvedVc(RawVc::TaskCell(1, "next_api::project::ProjectContainer#0")), "TurbopackInternalError: Failed to lookup task ids: Looking up task id for CachedTaskType { native_fn: NativeFunction { name: \"get_written_endpoint_with_issues_operation\", global_name: \"next_napi_bindings::next_api::endpoint::get_written_endpoint_with_issues_operation\", .. }, this: None, arg: (OperationVc { node: RawVc::TaskOutput(631) },) } from database failed") } from database failed
[platform] 
[platform] Caused by:
[platform]     0: Unable to open static sorted file referenced from 00002694.meta
[platform]     1: Unable to open static sorted file 00002690.sst
[platform]     2: Failed to open SST file C:\CM_Web\apps\platform-admin\.next\dev\cache/turbopack\f37fad94\00002690.sst
[platform]     3: The system cannot find the path specified. (os error 3)
[platform] Error [TurbopackInternalError]: Failed to lookup task ids: Looking up task id for CachedTaskType { native_fn: NativeFunction { name: "get_written_endpoint_with_issues_operation", global_name: "next_napi_bindings::next_api::endpoint::get_written_endpoint_with_issues_operation", .. }, this: None, arg: (OperationVc { node: RawVc::TaskOutput(631) },) } from database failed
[platform] 
[platform] Debug info:
[platform] - Failed to lookup task ids: Looking up task id for CachedTaskType { native_fn: NativeFunction { name: "get_written_endpoint_with_issues_operation", global_name: "next_napi_bindings::next_api::endpoint::get_written_endpoint_with_issues_operation", .. }, this: None, arg: (OperationVc { node: RawVc::TaskOutput(631) },) } from database failed
[platform]   
[platform]   Caused by:
[platform]       0: Unable to open static sorted file referenced from 00001144.meta
[platform]       1: Unable to open static sorted file 00001140.sst
[platform]       2: Failed to open SST file C:\CM_Web\apps\platform-admin\.next\dev\cache/turbopack\f37fad94\00001140.sst
[platform]       3: The system cannot find the path specified. (os error 3)
[platform]     at <unknown> (TurbopackInternalError: Failed to lookup task ids: Looking up task id for CachedTaskType { native_fn: NativeFunction { name: "get_written_endpoint_with_issues_operation", global_name: "next_napi_bindings::next_api::endpoint::get_written_endpoint_with_issues_operation", .. }, this: None, arg: (OperationVc { node: RawVc::TaskOutput(631) },) } from database failed) {
[platform]   location: 'turbopack\\crates\\turbo-tasks-backend\\src\\backend\\operation\\mod.rs:619:14'
[platform] }
[platform] ⨯ Error: ENOENT: no such file or directory, open 'C:\CM_Web\apps\platform-admin\.next\dev\server\app\page\build-manifest.json'
[platform]     at ignore-listed frames {
[platform]   errno: -4058,
[platform]   code: 'ENOENT',
[platform]   syscall: 'open',
[platform]   path: 'C:\\CM_Web\\apps\\platform-admin\\.next\\dev\\server\\app\\page\\build-manifest.json'
[platform] }
[platform] 
[platform] thread 'tokio-runtime-worker' (29260) panicked at turbopack\crates\turbo-tasks-backend\src\backend\operation\mod.rs:619:14:
[platform] Failed to lookup task ids: Looking up task id for CachedTaskType { native_fn: NativeFunction { name: "get_written_endpoint_with_issues_operation", global_name: "next_napi_bindings::next_api::endpoint::get_written_endpoint_with_issues_operation", .. }, this: None, arg: (OperationVc { node: RawVc::TaskOutput(631) },) } from database failed
[platform] 
[platform] Caused by:
[platform]     0: Unable to open static sorted file referenced from 00001144.meta
[platform]     1: Unable to open static sorted file 00001140.sst
[platform]     2: Failed to open SST file C:\CM_Web\apps\platform-admin\.next\dev\cache/turbopack\f37fad94\00001140.sst
[platform]     3: The system cannot find the path specified. (os error 3)
[platform] 
[platform] -----
[platform] [1m[31mFATAL[39m[0m: An unexpected Turbopack error occurred. A panic log has been written to C:\Users\jagan\AppData\Local\Temp\next-panic-f344bece0b849ac93d34acbb79e46144.log.
[platform] 
[platform] To help make Turbopack better, report this error by clicking here: https://bugs.nextjs.org/search?category=turbopack-error-report&title=Turbopack%20Error%3A%20Failed%20to%20lookup%20task%20ids%3A%20Looking%20up%20task%20id%20for%20CachedTaskType%20%7B%20native_fn%3A%20NativeFunction%20%7B%20name%3A%20%22get_written_endpoint_with_issues_operation%22%2C%20global_name%3A%20%22next_napi_bindings%3A%3Anext_api%3A%3Aendpoint%3A%3Aget_written_endpoint_with_issues_operation%22%2C%20..%20%7D%2C%20this%3A%20None%2C%20arg%3A%20%28OperationVc%20%7B%20node%3A%20RawVc%3A%3ATaskOutput%28631%29%20%7D%2C%29%20%7D%20from%20database%20failed&body=Turbopack%20version%3A%20%60f37fad94%60%0ANext.js%20version%3A%20%600.0.0%60%0A%0AError%20message%3A%0A%60%60%60%0AFailed%20to%20lookup%20task%20ids%3A%20Looking%20up%20task%20id%20for%20CachedTaskType%20%7B%20native_fn%3A%20NativeFunction%20%7B%20name%3A%20%22get_written_endpoint_with_issues_operation%22%2C%20global_name%3A%20%22next_napi_bindings%3A%3Anext_api%3A%3Aendpoint%3A%3Aget_written_endpoint_with_issues_operation%22%2C%20..%20%7D%2C%20this%3A%20None%2C%20arg%3A%20%28OperationVc%20%7B%20node%3A%20RawVc%3A%3ATaskOutput%28631%29%20%7D%2C%29%20%7D%20from%20database%20failed%0A%0ADebug%20info%3A%0A-%20Failed%20to%20lookup%20task%20ids%3A%20Looking%20up%20task%20id%20for%20CachedTaskType%20%7B%20native_fn%3A%20NativeFunction%20%7B%20name%3A%20%22get_written_endpoint_with_issues_operation%22%2C%20global_name%3A%20%22next_napi_bindings%3A%3Anext_api%3A%3Aendpoint%3A%3Aget_written_endpoint_with_issues_operation%22%2C%20..%20%7D%2C%20this%3A%20None%2C%20arg%3A%20%28OperationVc%20%7B%20node%3A%20RawVc%3A%3ATaskOutput%28631%29%20%7D%2C%29%20%7D%20from%20database%20failed%0A%20%20%0A%20%20Caused%20by%3A%0A%20%20%20%20%20%200%3A%20Unable%20to%20open%20static%20sorted%20file%20referenced%20from%2000001144.meta%0A%20%20%20%20%20%201%3A%20Unable%20to%20open%20static%20sorted%20file%2000001140.sst%0A%20%20%20%20%20%202%3A%20Failed%20to%20open%20SST%20file%20C%3A%5CCM_Web%5Capps%5Cplatform-admin%5C.next%5Cdev%5Ccache%2Fturbopack%5Cf37fad94%5C00001140.sst%0A%20%20%20%20%20%203%3A%20The%20system%20cannot%20find%20the%20path%20specified.%20%28os%20error%203%29%0A%60%60%60&labels=Turbopack,Turbopack%20Panic%20Backtrace
[platform] -----
[platform] 
[platform] 
[platform] thread '<unnamed>' (8532) panicked at turbopack\crates\turbo-tasks-backend\src\backend\operation\mod.rs:619:14:
[platform] Failed to lookup task ids: Looking up task id for CachedTaskType { native_fn: NativeFunction { name: "get_source_map_rope_operation", global_name: "next_napi_bindings::next_api::project::get_source_map_rope_operation", .. }, this: None, arg: (ResolvedVc(RawVc::TaskCell(1, "next_api::project::ProjectContainer#0")), "TurbopackInternalError: Failed to lookup task ids: Looking up task id for CachedTaskType { native_fn: NativeFunction { name: \"get_written_endpoint_with_issues_operation\", global_name: \"next_napi_bindings::next_api::endpoint::get_written_endpoint_with_issues_operation\", .. }, this: None, arg: (OperationVc { node: RawVc::TaskOutput(631) },) } from database failed") } from database failed
[platform] 
[platform] Caused by:
[platform]     0: Unable to open static sorted file referenced from 00002694.meta
[platform]     1: Unable to open static sorted file 00002690.sst
[platform]     2: Failed to open SST file C:\CM_Web\apps\platform-admin\.next\dev\cache/turbopack\f37fad94\00002690.sst
[platform]     3: The system cannot find the path specified. (os error 3)
[platform] ⨯ Error [TurbopackInternalError]: Failed to lookup task ids: Looking up task id for CachedTaskType { native_fn: NativeFunction { name: "get_written_endpoint_with_issues_operation", global_name: "next_napi_bindings::next_api::endpoint::get_written_endpoint_with_issues_operation", .. }, this: None, arg: (OperationVc { node: RawVc::TaskOutput(631) },) } from database failed
[platform] 
[platform] Debug info:
[platform] - Failed to lookup task ids: Looking up task id for CachedTaskType { native_fn: NativeFunction { name: "get_written_endpoint_with_issues_operation", global_name: "next_napi_bindings::next_api::endpoint::get_written_endpoint_with_issues_operation", .. }, this: None, arg: (OperationVc { node: RawVc::TaskOutput(631) },) } from database failed
[platform]   
[platform]   Caused by:
[platform]       0: Unable to open static sorted file referenced from 00001144.meta
[platform]       1: Unable to open static sorted file 00001140.sst
[platform]       2: Failed to open SST file C:\CM_Web\apps\platform-admin\.next\dev\cache/turbopack\f37fad94\00001140.sst
[platform]       3: The system cannot find the path specified. (os error 3)
[platform]     at <unknown> (TurbopackInternalError: Failed to lookup task ids: Looking up task id for CachedTaskType { native_fn: NativeFunction { name: "get_written_endpoint_with_issues_operation", global_name: "next_napi_bindings::next_api::endpoint::get_written_endpoint_with_issues_operation", .. }, this: None, arg: (OperationVc { node: RawVc::TaskOutput(631) },) } from database failed) {
[platform]   location: 'turbopack\\crates\\turbo-tasks-backend\\src\\backend\\operation\\mod.rs:619:14'
[platform] }
[platform] 
[platform] thread 'tokio-runtime-worker' (21264) panicked at turbopack\crates\turbo-tasks-backend\src\backend\operation\mod.rs:619:14:
[platform] Failed to lookup task ids: Looking up task id for CachedTaskType { native_fn: NativeFunction { name: "get_written_endpoint_with_issues_operation", global_name: "next_napi_bindings::next_api::endpoint::get_written_endpoint_with_issues_operation", .. }, this: None, arg: (OperationVc { node: RawVc::TaskOutput(631) },) } from database failed
[platform] 
[platform] Caused by:
[platform]     0: Unable to open static sorted file referenced from 00001144.meta
[platform]     1: Unable to open static sorted file 00001140.sst
[platform]     2: Failed to open SST file C:\CM_Web\apps\platform-admin\.next\dev\cache/turbopack\f37fad94\00001140.sst
[platform]     3: The system cannot find the path specified. (os error 3)
[platform] Error: ENOENT: no such file or directory, open 'C:\CM_Web\apps\platform-admin\.next\dev\server\app\page\build-manifest.json'
[platform]     at ignore-listed frames {
[platform]   errno: -4058,
[platform]   code: 'ENOENT',
[platform]   syscall: 'open',
[platform]   path: 'C:\\CM_Web\\apps\\platform-admin\\.next\\dev\\server\\app\\page\\build-manifest.json'
[platform] }
[platform] 
[platform] thread 'tokio-runtime-worker' (29260) panicked at turbopack\crates\turbo-tasks-backend\src\backend\operation\mod.rs:619:14:
[platform] Failed to lookup task ids: Looking up task id for CachedTaskType { native_fn: NativeFunction { name: "get_written_endpoint_with_issues_operation", global_name: "next_napi_bindings::next_api::endpoint::get_written_endpoint_with_issues_operation", .. }, this: None, arg: (OperationVc { node: RawVc::TaskOutput(631) },) } from database failed
[platform] 
[platform] Caused by:
[platform]     0: Unable to open static sorted file referenced from 00001144.meta
[platform]     1: Unable to open static sorted file 00001140.sst
[platform]     2: Failed to open SST file C:\CM_Web\apps\platform-admin\.next\dev\cache/turbopack\f37fad94\00001140.sst
[platform]     3: The system cannot find the path specified. (os error 3)
[platform] 
[platform] thread '<unnamed>' (8532) panicked at turbopack\crates\turbo-tasks-backend\src\backend\operation\mod.rs:619:14:
[platform] Failed to lookup task ids: Looking up task id for CachedTaskType { native_fn: NativeFunction { name: "get_source_map_rope_operation", global_name: "next_napi_bindings::next_api::project::get_source_map_rope_operation", .. }, this: None, arg: (ResolvedVc(RawVc::TaskCell(1, "next_api::project::ProjectContainer#0")), "TurbopackInternalError: Failed to lookup task ids: Looking up task id for CachedTaskType { native_fn: NativeFunction { name: \"get_written_endpoint_with_issues_operation\", global_name: \"next_napi_bindings::next_api::endpoint::get_written_endpoint_with_issues_operation\", .. }, this: None, arg: (OperationVc { node: RawVc::TaskOutput(631) },) } from database failed") } from database failed
[platform] 
[platform] Caused by:
[platform]     0: Unable to open static sorted file referenced from 00002694.meta
[platform]     1: Unable to open static sorted file 00002690.sst
[platform]     2: Failed to open SST file C:\CM_Web\apps\platform-admin\.next\dev\cache/turbopack\f37fad94\00002690.sst
[platform]     3: The system cannot find the path specified. (os error 3)
[platform] ⨯ Error [TurbopackInternalError]: Failed to lookup task ids: Looking up task id for CachedTaskType { native_fn: NativeFunction { name: "get_written_endpoint_with_issues_operation", global_name: "next_napi_bindings::next_api::endpoint::get_written_endpoint_with_issues_operation", .. }, this: None, arg: (OperationVc { node: RawVc::TaskOutput(631) },) } from database failed
[platform] 
[platform] Debug info:
[platform] - Failed to lookup task ids: Looking up task id for CachedTaskType { native_fn: NativeFunction { name: "get_written_endpoint_with_issues_operation", global_name: "next_napi_bindings::next_api::endpoint::get_written_endpoint_with_issues_operation", .. }, this: None, arg: (OperationVc { node: RawVc::TaskOutput(631) },) } from database failed
[platform]   
[platform]   Caused by:
[platform]       0: Unable to open static sorted file referenced from 00001144.meta
[platform]       1: Unable to open static sorted file 00001140.sst
[platform]       2: Failed to open SST file C:\CM_Web\apps\platform-admin\.next\dev\cache/turbopack\f37fad94\00001140.sst
[platform]       3: The system cannot find the path specified. (os error 3)
[platform]     at <unknown> (TurbopackInternalError: Failed to lookup task ids: Looking up task id for CachedTaskType { native_fn: NativeFunction { name: "get_written_endpoint_with_issues_operation", global_name: "next_napi_bindings::next_api::endpoint::get_written_endpoint_with_issues_operation", .. }, this: None, arg: (OperationVc { node: RawVc::TaskOutput(631) },) } from database failed) {
[platform]   location: 'turbopack\\crates\\turbo-tasks-backend\\src\\backend\\operation\\mod.rs:619:14'
[platform] }
[platform] 
[platform] thread 'tokio-runtime-worker' (21264) panicked at turbopack\crates\turbo-tasks-backend\src\backend\operation\mod.rs:619:14:
[platform] Failed to lookup task ids: Looking up task id for CachedTaskType { native_fn: NativeFunction { name: "get_written_endpoint_with_issues_operation", global_name: "next_napi_bindings::next_api::endpoint::get_written_endpoint_with_issues_operation", .. }, this: None, arg: (OperationVc { node: RawVc::TaskOutput(631) },) } from database failed
[platform] 
[platform] Caused by:
[platform]     0: Unable to open static sorted file referenced from 00001144.meta
[platform]     1: Unable to open static sorted file 00001140.sst
[platform]     2: Failed to open SST file C:\CM_Web\apps\platform-admin\.next\dev\cache/turbopack\f37fad94\00001140.sst
[platform]     3: The system cannot find the path specified. (os error 3)
[platform] 
[platform] thread '<unnamed>' (8532) panicked at turbopack\crates\turbo-tasks-backend\src\backend\operation\mod.rs:619:14:
[platform] Failed to lookup task ids: Looking up task id for CachedTaskType { native_fn: NativeFunction { name: "get_source_map_rope_operation", global_name: "next_napi_bindings::next_api::project::get_source_map_rope_operation", .. }, this: None, arg: (ResolvedVc(RawVc::TaskCell(1, "next_api::project::ProjectContainer#0")), "TurbopackInternalError: Failed to lookup task ids: Looking up task id for CachedTaskType { native_fn: NativeFunction { name: \"get_written_endpoint_with_issues_operation\", global_name: \"next_napi_bindings::next_api::endpoint::get_written_endpoint_with_issues_operation\", .. }, this: None, arg: (OperationVc { node: RawVc::TaskOutput(631) },) } from database failed") } from database failed
[platform] 
[platform] Caused by:
[platform]     0: Unable to open static sorted file referenced from 00002694.meta
[platform]     1: Unable to open static sorted file 00002690.sst
[platform]     2: Failed to open SST file C:\CM_Web\apps\platform-admin\.next\dev\cache/turbopack\f37fad94\00002690.sst
[platform]     3: The system cannot find the path specified. (os error 3)
[platform] Error [TurbopackInternalError]: Failed to lookup task ids: Looking up task id for CachedTaskType { native_fn: NativeFunction { name: "get_written_endpoint_with_issues_operation", global_name: "next_napi_bindings::next_api::endpoint::get_written_endpoint_with_issues_operation", .. }, this: None, arg: (OperationVc { node: RawVc::TaskOutput(631) },) } from database failed
[platform] 
[platform] Debug info:
[platform] - Failed to lookup task ids: Looking up task id for CachedTaskType { native_fn: NativeFunction { name: "get_written_endpoint_with_issues_operation", global_name: "next_napi_bindings::next_api::endpoint::get_written_endpoint_with_issues_operation", .. }, this: None, arg: (OperationVc { node: RawVc::TaskOutput(631) },) } from database failed
[platform]   
[platform]   Caused by:
[platform]       0: Unable to open static sorted file referenced from 00001144.meta
[platform]       1: Unable to open static sorted file 00001140.sst
[platform]       2: Failed to open SST file C:\CM_Web\apps\platform-admin\.next\dev\cache/turbopack\f37fad94\00001140.sst
[platform]       3: The system cannot find the path specified. (os error 3)
[platform]     at <unknown> (TurbopackInternalError: Failed to lookup task ids: Looking up task id for CachedTaskType { native_fn: NativeFunction { name: "get_written_endpoint_with_issues_operation", global_name: "next_napi_bindings::next_api::endpoint::get_written_endpoint_with_issues_operation", .. }, this: None, arg: (OperationVc { node: RawVc::TaskOutput(631) },) } from database failed) {
[platform]   location: 'turbopack\\crates\\turbo-tasks-backend\\src\\backend\\operation\\mod.rs:619:14'
[platform] }
[platform] Persisting failed: Another write batch or compaction is already active (Only a single write operations is allowed at a time)
[platform] Compaction failed: Another write batch or compaction is already active (Only a single write operations is allowed at a time)
